"run","variant","cycle","geometries","textures","programs","measured_at","renderer","browser","host_os","host_cpu","browser_version"
"1","unmanaged","1","4","5","1","2026-08-21T22:59:59.279Z","ANGLE (Google, Vulkan 1.3.0 (SwiftShader Device (Subzero) (0x0000C0DE)), SwiftShader driver)","Mozilla/5.0 (Windows NT 10.0; Win64; x64) AppleWebKit/537.36 (KHTML, like Gecko) HeadlessChrome/151.0.7922.34 Safari/537.36","Windows_NT 10.0.26200 x64","AMD Ryzen 7 5800H with Radeon Graphics         ","151.0.7922.34"
"1","unmanaged","2","8","9","1","2026-08-21T22:59:59.279Z","ANGLE (Google, Vulkan 1.3.0 (SwiftShader Device (Subzero) (0x0000C0DE)), SwiftShader driver)","Mozilla/5.0 (Windows NT 10.0; Win64; x64) AppleWebKit/537.36 (KHTML, like Gecko) HeadlessChrome/151.0.7922.34 Safari/537.36","Windows_NT 10.0.26200 x64","AMD Ryzen 7 5800H with Radeon Graphics         ","151.0.7922.34"
"1","unmanaged","3","12","13","1","2026-08-21T22:59:59.279Z","ANGLE (Google, Vulkan 1.3.0 (SwiftShader Device (Subzero) (0x0000C0DE)), SwiftShader driver)","Mozilla/5.0 (Windows NT 10.0; Win64; x64) AppleWebKit/537.36 (KHTML, like Gecko) HeadlessChrome/151.0.7922.34 Safari/537.36","Windows_NT 10.0.26200 x64","AMD Ryzen 7 5800H with Radeon Graphics         ","151.0.7922.34"
"1","unmanaged","4","16","17","1","2026-08-21T22:59:59.279Z","ANGLE (Google, Vulkan 1.3.0 (SwiftShader Device (Subzero) (0x0000C0DE)), SwiftShader driver)","Mozilla/5.0 (Windows NT 10.0; Win64; x64) AppleWebKit/537.36 (KHTML, like Gecko) HeadlessChrome/151.0.7922.34 Safari/537.36","Windows_NT 10.0.26200 x64","AMD Ryzen 7 5800H with Radeon Graphics         ","151.0.7922.34"
"1","unmanaged","5","20","21","1","2026-08-21T22:59:59.279Z","ANGLE (Google, Vulkan 1.3.0 (SwiftShader Device (Subzero) (0x0000C0DE)), SwiftShader driver)","Mozilla/5.0 (Windows NT 10.0; Win64; x64) AppleWebKit/537.36 (KHTML, like Gecko) HeadlessChrome/151.0.7922.34 Safari/537.36","Windows_NT 10.0.26200 x64","AMD Ryzen 7 5800H with Radeon Graphics         ","151.0.7922.34"
"1","unmanaged","6","24","25","1","2026-08-21T22:59:59.279Z","ANGLE (Google, Vulkan 1.3.0 (SwiftShader Device (Subzero) (0x0000C0DE)), SwiftShader driver)","Mozilla/5.0 (Windows NT 10.0; Win64; x64) AppleWebKit/537.36 (KHTML, like Gecko) HeadlessChrome/151.0.7922.34 Safari/537.36","Windows_NT 10.0.26200 x64","AMD Ryzen 7 5800H with Radeon Graphics         ","151.0.7922.34"
"1","unmanaged","7","28","29","1","2026-08-21T22:59:59.279Z","ANGLE (Google, Vulkan 1.3.0 (SwiftShader Device (Subzero) (0x0000C0DE)), SwiftShader driver)","Mozilla/5.0 (Windows NT 10.0; Win64; x64) AppleWebKit/537.36 (KHTML, like Gecko) HeadlessChrome/151.0.7922.34 Safari/537.36","Windows_NT 10.0.26200 x64","AMD Ryzen 7 5800H with Radeon Graphics         ","151.0.7922.34"
"1","unmanaged","8","32","33","1","2026-08-21T22:59:59.279Z","ANGLE (Google, Vulkan 1.3.0 (SwiftShader Device (Subzero) (0x0000C0DE)), SwiftShader driver)","Mozilla/5.0 (Windows NT 10.0; Win64; x64) AppleWebKit/537.36 (KHTML, like Gecko) HeadlessChrome/151.0.7922.34 Safari/537.36","Windows_NT 10.0.26200 x64","AMD Ryzen 7 5800H with Radeon Graphics         ","151.0.7922.34"
"1","unmanaged","9","36","37","1","2026-08-21T22:59:59.279Z","ANGLE (Google, Vulkan 1.3.0 (SwiftShader Device (Subzero) (0x0000C0DE)), SwiftShader driver)","Mozilla/5.0 (Windows NT 10.0; Win64; x64) AppleWebKit/537.36 (KHTML, like Gecko) HeadlessChrome/151.0.7922.34 Safari/537.36","Windows_NT 10.0.26200 x64","AMD Ryzen 7 5800H with Radeon Graphics         ","151.0.7922.34"
"1","unmanaged","10","40","41","1","2026-08-21T22:59:59.279Z","ANGLE (Google, Vulkan 1.3.0 (SwiftShader Device (Subzero) (0x0000C0DE)), SwiftShader driver)","Mozilla/5.0 (Windows NT 10.0; Win64; x64) AppleWebKit/537.36 (KHTML, like Gecko) HeadlessChrome/151.0.7922.34 Safari/537.36","Windows_NT 10.0.26200 x64","AMD Ryzen 7 5800H with Radeon Graphics         ","151.0.7922.34"
"1","unmanaged","11","44","45","1","2026-08-21T22:59:59.279Z","ANGLE (Google, Vulkan 1.3.0 (SwiftShader Device (Subzero) (0x0000C0DE)), SwiftShader driver)","Mozilla/5.0 (Windows NT 10.0; Win64; x64) AppleWebKit/537.36 (KHTML, like Gecko) HeadlessChrome/151.0.7922.34 Safari/537.36","Windows_NT 10.0.26200 x64","AMD Ryzen 7 5800H with Radeon Graphics         ","151.0.7922.34"
"1","unmanaged","12","48","49","1","2026-08-21T22:59:59.279Z","ANGLE (Google, Vulkan 1.3.0 (SwiftShader Device (Subzero) (0x0000C0DE)), SwiftShader driver)","Mozilla/5.0 (Windows NT 10.0; Win64; x64) AppleWebKit/537.36 (KHTML, like Gecko) HeadlessChrome/151.0.7922.34 Safari/537.36","Windows_NT 10.0.26200 x64","AMD Ryzen 7 5800H with Radeon Graphics         ","151.0.7922.34"
"1","unmanaged","13","52","53","1","2026-08-21T22:59:59.279Z","ANGLE (Google, Vulkan 1.3.0 (SwiftShader Device (Subzero) (0x0000C0DE)), SwiftShader driver)","Mozilla/5.0 (Windows NT 10.0; Win64; x64) AppleWebKit/537.36 (KHTML, like Gecko) HeadlessChrome/151.0.7922.34 Safari/537.36","Windows_NT 10.0.26200 x64","AMD Ryzen 7 5800H with Radeon Graphics         ","151.0.7922.34"
"1","unmanaged","14","56","57","1","2026-08-21T22:59:59.279Z","ANGLE (Google, Vulkan 1.3.0 (SwiftShader Device (Subzero) (0x0000C0DE)), SwiftShader driver)","Mozilla/5.0 (Windows NT 10.0; Win64; x64) AppleWebKit/537.36 (KHTML, like Gecko) HeadlessChrome/151.0.7922.34 Safari/537.36","Windows_NT 10.0.26200 x64","AMD Ryzen 7 5800H with Radeon Graphics         ","151.0.7922.34"
"1","unmanaged","15","60","61","1","2026-08-21T22:59:59.279Z","ANGLE (Google, Vulkan 1.3.0 (SwiftShader Device (Subzero) (0x0000C0DE)), SwiftShader driver)","Mozilla/5.0 (Windows NT 10.0; Win64; x64) AppleWebKit/537.36 (KHTML, like Gecko) HeadlessChrome/151.0.7922.34 Safari/537.36","Windows_NT 10.0.26200 x64","AMD Ryzen 7 5800H with Radeon Graphics         ","151.0.7922.34"
"1","unmanaged","16","64","65","1","2026-08-21T22:59:59.279Z","ANGLE (Google, Vulkan 1.3.0 (SwiftShader Device (Subzero) (0x0000C0DE)), SwiftShader driver)","Mozilla/5.0 (Windows NT 10.0; Win64; x64) AppleWebKit/537.36 (KHTML, like Gecko) HeadlessChrome/151.0.7922.34 Safari/537.36","Windows_NT 10.0.26200 x64","AMD Ryzen 7 5800H with Radeon Graphics         ","151.0.7922.34"
"1","unmanaged","17","68","69","1","2026-08-21T22:59:59.279Z","ANGLE (Google, Vulkan 1.3.0 (SwiftShader Device (Subzero) (0x0000C0DE)), SwiftShader driver)","Mozilla/5.0 (Windows NT 10.0; Win64; x64) AppleWebKit/537.36 (KHTML, like Gecko) HeadlessChrome/151.0.7922.34 Safari/537.36","Windows_NT 10.0.26200 x64","AMD Ryzen 7 5800H with Radeon Graphics         ","151.0.7922.34"
"1","unmanaged","18","72","73","1","2026-08-21T22:59:59.279Z","ANGLE (Google, Vulkan 1.3.0 (SwiftShader Device (Subzero) (0x0000C0DE)), SwiftShader driver)","Mozilla/5.0 (Windows NT 10.0; Win64; x64) AppleWebKit/537.36 (KHTML, like Gecko) HeadlessChrome/151.0.7922.34 Safari/537.36","Windows_NT 10.0.26200 x64","AMD Ryzen 7 5800H with Radeon Graphics         ","151.0.7922.34"
"1","unmanaged","19","76","77","1","2026-08-21T22:59:59.279Z","ANGLE (Google, Vulkan 1.3.0 (SwiftShader Device (Subzero) (0x0000C0DE)), SwiftShader driver)","Mozilla/5.0 (Windows NT 10.0; Win64; x64) AppleWebKit/537.36 (KHTML, like Gecko) HeadlessChrome/151.0.7922.34 Safari/537.36","Windows_NT 10.0.26200 x64","AMD Ryzen 7 5800H with Radeon Graphics         ","151.0.7922.34"
"1","unmanaged","20","80","81","1","2026-08-21T22:59:59.279Z","ANGLE (Google, Vulkan 1.3.0 (SwiftShader Device (Subzero) (0x0000C0DE)), SwiftShader driver)","Mozilla/5.0 (Windows NT 10.0; Win64; x64) AppleWebKit/537.36 (KHTML, like Gecko) HeadlessChrome/151.0.7922.34 Safari/537.36","Windows_NT 10.0.26200 x64","AMD Ryzen 7 5800H with Radeon Graphics         ","151.0.7922.34"
"1","unmanaged","21","84","85","1","2026-08-21T22:59:59.279Z","ANGLE (Google, Vulkan 1.3.0 (SwiftShader Device (Subzero) (0x0000C0DE)), SwiftShader driver)","Mozilla/5.0 (Windows NT 10.0; Win64; x64) AppleWebKit/537.36 (KHTML, like Gecko) HeadlessChrome/151.0.7922.34 Safari/537.36","Windows_NT 10.0.26200 x64","AMD Ryzen 7 5800H with Radeon Graphics         ","151.0.7922.34"
"1","unmanaged","22","88","89","1","2026-08-21T22:59:59.279Z","ANGLE (Google, Vulkan 1.3.0 (SwiftShader Device (Subzero) (0x0000C0DE)), SwiftShader driver)","Mozilla/5.0 (Windows NT 10.0; Win64; x64) AppleWebKit/537.36 (KHTML, like Gecko) HeadlessChrome/151.0.7922.34 Safari/537.36","Windows_NT 10.0.26200 x64","AMD Ryzen 7 5800H with Radeon Graphics         ","151.0.7922.34"
"1","unmanaged","23","92","93","1","2026-08-21T22:59:59.279Z","ANGLE (Google, Vulkan 1.3.0 (SwiftShader Device (Subzero) (0x0000C0DE)), SwiftShader driver)","Mozilla/5.0 (Windows NT 10.0; Win64; x64) AppleWebKit/537.36 (KHTML, like Gecko) HeadlessChrome/151.0.7922.34 Safari/537.36","Windows_NT 10.0.26200 x64","AMD Ryzen 7 5800H with Radeon Graphics         ","151.0.7922.34"
"1","unmanaged","24","96","97","1","2026-08-21T22:59:59.279Z","ANGLE (Google, Vulkan 1.3.0 (SwiftShader Device (Subzero) (0x0000C0DE)), SwiftShader driver)","Mozilla/5.0 (Windows NT 10.0; Win64; x64) AppleWebKit/537.36 (KHTML, like Gecko) HeadlessChrome/151.0.7922.34 Safari/537.36","Windows_NT 10.0.26200 x64","AMD Ryzen 7 5800H with Radeon Graphics         ","151.0.7922.34"
"1","unmanaged","25","100","101","1","2026-08-21T22:59:59.279Z","ANGLE (Google, Vulkan 1.3.0 (SwiftShader Device (Subzero) (0x0000C0DE)), SwiftShader driver)","Mozilla/5.0 (Windows NT 10.0; Win64; x64) AppleWebKit/537.36 (KHTML, like Gecko) HeadlessChrome/151.0.7922.34 Safari/537.36","Windows_NT 10.0.26200 x64","AMD Ryzen 7 5800H with Radeon Graphics         ","151.0.7922.34"
"1","unmanaged","26","104","105","1","2026-08-21T22:59:59.279Z","ANGLE (Google, Vulkan 1.3.0 (SwiftShader Device (Subzero) (0x0000C0DE)), SwiftShader driver)","Mozilla/5.0 (Windows NT 10.0; Win64; x64) AppleWebKit/537.36 (KHTML, like Gecko) HeadlessChrome/151.0.7922.34 Safari/537.36","Windows_NT 10.0.26200 x64","AMD Ryzen 7 5800H with Radeon Graphics         ","151.0.7922.34"
"1","unmanaged","27","108","109","1","2026-08-21T22:59:59.279Z","ANGLE (Google, Vulkan 1.3.0 (SwiftShader Device (Subzero) (0x0000C0DE)), SwiftShader driver)","Mozilla/5.0 (Windows NT 10.0; Win64; x64) AppleWebKit/537.36 (KHTML, like Gecko) HeadlessChrome/151.0.7922.34 Safari/537.36","Windows_NT 10.0.26200 x64","AMD Ryzen 7 5800H with Radeon Graphics         ","151.0.7922.34"
"1","unmanaged","28","112","113","1","2026-08-21T22:59:59.279Z","ANGLE (Google, Vulkan 1.3.0 (SwiftShader Device (Subzero) (0x0000C0DE)), SwiftShader driver)","Mozilla/5.0 (Windows NT 10.0; Win64; x64) AppleWebKit/537.36 (KHTML, like Gecko) HeadlessChrome/151.0.7922.34 Safari/537.36","Windows_NT 10.0.26200 x64","AMD Ryzen 7 5800H with Radeon Graphics         ","151.0.7922.34"
"1","unmanaged","29","116","117","1","2026-08-21T22:59:59.279Z","ANGLE (Google, Vulkan 1.3.0 (SwiftShader Device (Subzero) (0x0000C0DE)), SwiftShader driver)","Mozilla/5.0 (Windows NT 10.0; Win64; x64) AppleWebKit/537.36 (KHTML, like Gecko) HeadlessChrome/151.0.7922.34 Safari/537.36","Windows_NT 10.0.26200 x64","AMD Ryzen 7 5800H with Radeon Graphics         ","151.0.7922.34"
"1","unmanaged","30","120","121","1","2026-08-21T22:59:59.279Z","ANGLE (Google, Vulkan 1.3.0 (SwiftShader Device (Subzero) (0x0000C0DE)), SwiftShader driver)","Mozilla/5.0 (Windows NT 10.0; Win64; x64) AppleWebKit/537.36 (KHTML, like Gecko) HeadlessChrome/151.0.7922.34 Safari/537.36","Windows_NT 10.0.26200 x64","AMD Ryzen 7 5800H with Radeon Graphics         ","151.0.7922.34"
"1","unmanaged","31","124","125","1","2026-08-21T22:59:59.279Z","ANGLE (Google, Vulkan 1.3.0 (SwiftShader Device (Subzero) (0x0000C0DE)), SwiftShader driver)","Mozilla/5.0 (Windows NT 10.0; Win64; x64) AppleWebKit/537.36 (KHTML, like Gecko) HeadlessChrome/151.0.7922.34 Safari/537.36","Windows_NT 10.0.26200 x64","AMD Ryzen 7 5800H with Radeon Graphics         ","151.0.7922.34"
"1","unmanaged","32","128","129","1","2026-08-21T22:59:59.279Z","ANGLE (Google, Vulkan 1.3.0 (SwiftShader Device (Subzero) (0x0000C0DE)), SwiftShader driver)","Mozilla/5.0 (Windows NT 10.0; Win64; x64) AppleWebKit/537.36 (KHTML, like Gecko) HeadlessChrome/151.0.7922.34 Safari/537.36","Windows_NT 10.0.26200 x64","AMD Ryzen 7 5800H with Radeon Graphics         ","151.0.7922.34"
"1","unmanaged","33","132","133","1","2026-08-21T22:59:59.279Z","ANGLE (Google, Vulkan 1.3.0 (SwiftShader Device (Subzero) (0x0000C0DE)), SwiftShader driver)","Mozilla/5.0 (Windows NT 10.0; Win64; x64) AppleWebKit/537.36 (KHTML, like Gecko) HeadlessChrome/151.0.7922.34 Safari/537.36","Windows_NT 10.0.26200 x64","AMD Ryzen 7 5800H with Radeon Graphics         ","151.0.7922.34"
"1","unmanaged","34","136","137","1","2026-08-21T22:59:59.279Z","ANGLE (Google, Vulkan 1.3.0 (SwiftShader Device (Subzero) (0x0000C0DE)), SwiftShader driver)","Mozilla/5.0 (Windows NT 10.0; Win64; x64) AppleWebKit/537.36 (KHTML, like Gecko) HeadlessChrome/151.0.7922.34 Safari/537.36","Windows_NT 10.0.26200 x64","AMD Ryzen 7 5800H with Radeon Graphics         ","151.0.7922.34"
"1","unmanaged","35","140","141","1","2026-08-21T22:59:59.279Z","ANGLE (Google, Vulkan 1.3.0 (SwiftShader Device (Subzero) (0x0000C0DE)), SwiftShader driver)","Mozilla/5.0 (Windows NT 10.0; Win64; x64) AppleWebKit/537.36 (KHTML, like Gecko) HeadlessChrome/151.0.7922.34 Safari/537.36","Windows_NT 10.0.26200 x64","AMD Ryzen 7 5800H with Radeon Graphics         ","151.0.7922.34"
"1","unmanaged","36","144","145","1","2026-08-21T22:59:59.279Z","ANGLE (Google, Vulkan 1.3.0 (SwiftShader Device (Subzero) (0x0000C0DE)), SwiftShader driver)","Mozilla/5.0 (Windows NT 10.0; Win64; x64) AppleWebKit/537.36 (KHTML, like Gecko) HeadlessChrome/151.0.7922.34 Safari/537.36","Windows_NT 10.0.26200 x64","AMD Ryzen 7 5800H with Radeon Graphics         ","151.0.7922.34"
"1","unmanaged","37","148","149","1","2026-08-21T22:59:59.279Z","ANGLE (Google, Vulkan 1.3.0 (SwiftShader Device (Subzero) (0x0000C0DE)), SwiftShader driver)","Mozilla/5.0 (Windows NT 10.0; Win64; x64) AppleWebKit/537.36 (KHTML, like Gecko) HeadlessChrome/151.0.7922.34 Safari/537.36","Windows_NT 10.0.26200 x64","AMD Ryzen 7 5800H with Radeon Graphics         ","151.0.7922.34"
"1","unmanaged","38","152","153","1","2026-08-21T22:59:59.279Z","ANGLE (Google, Vulkan 1.3.0 (SwiftShader Device (Subzero) (0x0000C0DE)), SwiftShader driver)","Mozilla/5.0 (Windows NT 10.0; Win64; x64) AppleWebKit/537.36 (KHTML, like Gecko) HeadlessChrome/151.0.7922.34 Safari/537.36","Windows_NT 10.0.26200 x64","AMD Ryzen 7 5800H with Radeon Graphics         ","151.0.7922.34"
"1","unmanaged","39","156","157","1","2026-08-21T22:59:59.279Z","ANGLE (Google, Vulkan 1.3.0 (SwiftShader Device (Subzero) (0x0000C0DE)), SwiftShader driver)","Mozilla/5.0 (Windows NT 10.0; Win64; x64) AppleWebKit/537.36 (KHTML, like Gecko) HeadlessChrome/151.0.7922.34 Safari/537.36","Windows_NT 10.0.26200 x64","AMD Ryzen 7 5800H with Radeon Graphics         ","151.0.7922.34"
"1","unmanaged","40","160","161","1","2026-08-21T22:59:59.279Z","ANGLE (Google, Vulkan 1.3.0 (SwiftShader Device (Subzero) (0x0000C0DE)), SwiftShader driver)","Mozilla/5.0 (Windows NT 10.0; Win64; x64) AppleWebKit/537.36 (KHTML, like Gecko) HeadlessChrome/151.0.7922.34 Safari/537.36","Windows_NT 10.0.26200 x64","AMD Ryzen 7 5800H with Radeon Graphics         ","151.0.7922.34"
"1","unmanaged","41","164","165","1","2026-08-21T22:59:59.279Z","ANGLE (Google, Vulkan 1.3.0 (SwiftShader Device (Subzero) (0x0000C0DE)), SwiftShader driver)","Mozilla/5.0 (Windows NT 10.0; Win64; x64) AppleWebKit/537.36 (KHTML, like Gecko) HeadlessChrome/151.0.7922.34 Safari/537.36","Windows_NT 10.0.26200 x64","AMD Ryzen 7 5800H with Radeon Graphics         ","151.0.7922.34"
"1","unmanaged","42","168","169","1","2026-08-21T22:59:59.279Z","ANGLE (Google, Vulkan 1.3.0 (SwiftShader Device (Subzero) (0x0000C0DE)), SwiftShader driver)","Mozilla/5.0 (Windows NT 10.0; Win64; x64) AppleWebKit/537.36 (KHTML, like Gecko) HeadlessChrome/151.0.7922.34 Safari/537.36","Windows_NT 10.0.26200 x64","AMD Ryzen 7 5800H with Radeon Graphics         ","151.0.7922.34"
"1","unmanaged","43","172","173","1","2026-08-21T22:59:59.279Z","ANGLE (Google, Vulkan 1.3.0 (SwiftShader Device (Subzero) (0x0000C0DE)), SwiftShader driver)","Mozilla/5.0 (Windows NT 10.0; Win64; x64) AppleWebKit/537.36 (KHTML, like Gecko) HeadlessChrome/151.0.7922.34 Safari/537.36","Windows_NT 10.0.26200 x64","AMD Ryzen 7 5800H with Radeon Graphics         ","151.0.7922.34"
"1","unmanaged","44","176","177","1","2026-08-21T22:59:59.279Z","ANGLE (Google, Vulkan 1.3.0 (SwiftShader Device (Subzero) (0x0000C0DE)), SwiftShader driver)","Mozilla/5.0 (Windows NT 10.0; Win64; x64) AppleWebKit/537.36 (KHTML, like Gecko) HeadlessChrome/151.0.7922.34 Safari/537.36","Windows_NT 10.0.26200 x64","AMD Ryzen 7 5800H with Radeon Graphics         ","151.0.7922.34"
"1","unmanaged","45","180","181","1","2026-08-21T22:59:59.279Z","ANGLE (Google, Vulkan 1.3.0 (SwiftShader Device (Subzero) (0x0000C0DE)), SwiftShader driver)","Mozilla/5.0 (Windows NT 10.0; Win64; x64) AppleWebKit/537.36 (KHTML, like Gecko) HeadlessChrome/151.0.7922.34 Safari/537.36","Windows_NT 10.0.26200 x64","AMD Ryzen 7 5800H with Radeon Graphics         ","151.0.7922.34"
"1","unmanaged","46","184","185","1","2026-08-21T22:59:59.279Z","ANGLE (Google, Vulkan 1.3.0 (SwiftShader Device (Subzero) (0x0000C0DE)), SwiftShader driver)","Mozilla/5.0 (Windows NT 10.0; Win64; x64) AppleWebKit/537.36 (KHTML, like Gecko) HeadlessChrome/151.0.7922.34 Safari/537.36","Windows_NT 10.0.26200 x64","AMD Ryzen 7 5800H with Radeon Graphics         ","151.0.7922.34"
"1","unmanaged","47","188","189","1","2026-08-21T22:59:59.279Z","ANGLE (Google, Vulkan 1.3.0 (SwiftShader Device (Subzero) (0x0000C0DE)), SwiftShader driver)","Mozilla/5.0 (Windows NT 10.0; Win64; x64) AppleWebKit/537.36 (KHTML, like Gecko) HeadlessChrome/151.0.7922.34 Safari/537.36","Windows_NT 10.0.26200 x64","AMD Ryzen 7 5800H with Radeon Graphics         ","151.0.7922.34"
"1","unmanaged","48","192","193","1","2026-08-21T22:59:59.279Z","ANGLE (Google, Vulkan 1.3.0 (SwiftShader Device (Subzero) (0x0000C0DE)), SwiftShader driver)","Mozilla/5.0 (Windows NT 10.0; Win64; x64) AppleWebKit/537.36 (KHTML, like Gecko) HeadlessChrome/151.0.7922.34 Safari/537.36","Windows_NT 10.0.26200 x64","AMD Ryzen 7 5800H with Radeon Graphics         ","151.0.7922.34"
"1","unmanaged","49","196","197","1","2026-08-21T22:59:59.279Z","ANGLE (Google, Vulkan 1.3.0 (SwiftShader Device (Subzero) (0x0000C0DE)), SwiftShader driver)","Mozilla/5.0 (Windows NT 10.0; Win64; x64) AppleWebKit/537.36 (KHTML, like Gecko) HeadlessChrome/151.0.7922.34 Safari/537.36","Windows_NT 10.0.26200 x64","AMD Ryzen 7 5800H with Radeon Graphics         ","151.0.7922.34"
"1","unmanaged","50","200","201","1","2026-08-21T22:59:59.279Z","ANGLE (Google, Vulkan 1.3.0 (SwiftShader Device (Subzero) (0x0000C0DE)), SwiftShader driver)","Mozilla/5.0 (Windows NT 10.0; Win64; x64) AppleWebKit/537.36 (KHTML, like Gecko) HeadlessChrome/151.0.7922.34 Safari/537.36","Windows_NT 10.0.26200 x64","AMD Ryzen 7 5800H with Radeon Graphics         ","151.0.7922.34"
"1","naive","1","0","1","0","2026-08-21T22:59:59.279Z","ANGLE (Google, Vulkan 1.3.0 (SwiftShader Device (Subzero) (0x0000C0DE)), SwiftShader driver)","Mozilla/5.0 (Windows NT 10.0; Win64; x64) AppleWebKit/537.36 (KHTML, like Gecko) HeadlessChrome/151.0.7922.34 Safari/537.36","Windows_NT 10.0.26200 x64","AMD Ryzen 7 5800H with Radeon Graphics         ","151.0.7922.34"
"1","naive","2","0","1","0","2026-08-21T22:59:59.279Z","ANGLE (Google, Vulkan 1.3.0 (SwiftShader Device (Subzero) (0x0000C0DE)), SwiftShader driver)","Mozilla/5.0 (Windows NT 10.0; Win64; x64) AppleWebKit/537.36 (KHTML, like Gecko) HeadlessChrome/151.0.7922.34 Safari/537.36","Windows_NT 10.0.26200 x64","AMD Ryzen 7 5800H with Radeon Graphics         ","151.0.7922.34"
"1","naive","3","0","1","0","2026-08-21T22:59:59.279Z","ANGLE (Google, Vulkan 1.3.0 (SwiftShader Device (Subzero) (0x0000C0DE)), SwiftShader driver)","Mozilla/5.0 (Windows NT 10.0; Win64; x64) AppleWebKit/537.36 (KHTML, like Gecko) HeadlessChrome/151.0.7922.34 Safari/537.36","Windows_NT 10.0.26200 x64","AMD Ryzen 7 5800H with Radeon Graphics         ","151.0.7922.34"
"1","naive","4","0","1","0","2026-08-21T22:59:59.279Z","ANGLE (Google, Vulkan 1.3.0 (SwiftShader Device (Subzero) (0x0000C0DE)), SwiftShader driver)","Mozilla/5.0 (Windows NT 10.0; Win64; x64) AppleWebKit/537.36 (KHTML, like Gecko) HeadlessChrome/151.0.7922.34 Safari/537.36","Windows_NT 10.0.26200 x64","AMD Ryzen 7 5800H with Radeon Graphics         ","151.0.7922.34"
"1","naive","5","0","1","0","2026-08-21T22:59:59.279Z","ANGLE (Google, Vulkan 1.3.0 (SwiftShader Device (Subzero) (0x0000C0DE)), SwiftShader driver)","Mozilla/5.0 (Windows NT 10.0; Win64; x64) AppleWebKit/537.36 (KHTML, like Gecko) HeadlessChrome/151.0.7922.34 Safari/537.36","Windows_NT 10.0.26200 x64","AMD Ryzen 7 5800H with Radeon Graphics         ","151.0.7922.34"
"1","naive","6","0","1","0","2026-08-21T22:59:59.279Z","ANGLE (Google, Vulkan 1.3.0 (SwiftShader Device (Subzero) (0x0000C0DE)), SwiftShader driver)","Mozilla/5.0 (Windows NT 10.0; Win64; x64) AppleWebKit/537.36 (KHTML, like Gecko) HeadlessChrome/151.0.7922.34 Safari/537.36","Windows_NT 10.0.26200 x64","AMD Ryzen 7 5800H with Radeon Graphics         ","151.0.7922.34"
"1","naive","7","0","1","0","2026-08-21T22:59:59.279Z","ANGLE (Google, Vulkan 1.3.0 (SwiftShader Device (Subzero) (0x0000C0DE)), SwiftShader driver)","Mozilla/5.0 (Windows NT 10.0; Win64; x64) AppleWebKit/537.36 (KHTML, like Gecko) HeadlessChrome/151.0.7922.34 Safari/537.36","Windows_NT 10.0.26200 x64","AMD Ryzen 7 5800H with Radeon Graphics         ","151.0.7922.34"
"1","naive","8","0","1","0","2026-08-21T22:59:59.279Z","ANGLE (Google, Vulkan 1.3.0 (SwiftShader Device (Subzero) (0x0000C0DE)), SwiftShader driver)","Mozilla/5.0 (Windows NT 10.0; Win64; x64) AppleWebKit/537.36 (KHTML, like Gecko) HeadlessChrome/151.0.7922.34 Safari/537.36","Windows_NT 10.0.26200 x64","AMD Ryzen 7 5800H with Radeon Graphics         ","151.0.7922.34"
"1","naive","9","0","1","0","2026-08-21T22:59:59.279Z","ANGLE (Google, Vulkan 1.3.0 (SwiftShader Device (Subzero) (0x0000C0DE)), SwiftShader driver)","Mozilla/5.0 (Windows NT 10.0; Win64; x64) AppleWebKit/537.36 (KHTML, like Gecko) HeadlessChrome/151.0.7922.34 Safari/537.36","Windows_NT 10.0.26200 x64","AMD Ryzen 7 5800H with Radeon Graphics         ","151.0.7922.34"
"1","naive","10","0","1","0","2026-08-21T22:59:59.279Z","ANGLE (Google, Vulkan 1.3.0 (SwiftShader Device (Subzero) (0x0000C0DE)), SwiftShader driver)","Mozilla/5.0 (Windows NT 10.0; Win64; x64) AppleWebKit/537.36 (KHTML, like Gecko) HeadlessChrome/151.0.7922.34 Safari/537.36","Windows_NT 10.0.26200 x64","AMD Ryzen 7 5800H with Radeon Graphics         ","151.0.7922.34"
"1","naive","11","0","1","0","2026-08-21T22:59:59.279Z","ANGLE (Google, Vulkan 1.3.0 (SwiftShader Device (Subzero) (0x0000C0DE)), SwiftShader driver)","Mozilla/5.0 (Windows NT 10.0; Win64; x64) AppleWebKit/537.36 (KHTML, like Gecko) HeadlessChrome/151.0.7922.34 Safari/537.36","Windows_NT 10.0.26200 x64","AMD Ryzen 7 5800H with Radeon Graphics         ","151.0.7922.34"
"1","naive","12","0","1","0","2026-08-21T22:59:59.279Z","ANGLE (Google, Vulkan 1.3.0 (SwiftShader Device (Subzero) (0x0000C0DE)), SwiftShader driver)","Mozilla/5.0 (Windows NT 10.0; Win64; x64) AppleWebKit/537.36 (KHTML, like Gecko) HeadlessChrome/151.0.7922.34 Safari/537.36","Windows_NT 10.0.26200 x64","AMD Ryzen 7 5800H with Radeon Graphics         ","151.0.7922.34"
"1","naive","13","0","1","0","2026-08-21T22:59:59.279Z","ANGLE (Google, Vulkan 1.3.0 (SwiftShader Device (Subzero) (0x0000C0DE)), SwiftShader driver)","Mozilla/5.0 (Windows NT 10.0; Win64; x64) AppleWebKit/537.36 (KHTML, like Gecko) HeadlessChrome/151.0.7922.34 Safari/537.36","Windows_NT 10.0.26200 x64","AMD Ryzen 7 5800H with Radeon Graphics         ","151.0.7922.34"
"1","naive","14","0","1","0","2026-08-21T22:59:59.279Z","ANGLE (Google, Vulkan 1.3.0 (SwiftShader Device (Subzero) (0x0000C0DE)), SwiftShader driver)","Mozilla/5.0 (Windows NT 10.0; Win64; x64) AppleWebKit/537.36 (KHTML, like Gecko) HeadlessChrome/151.0.7922.34 Safari/537.36","Windows_NT 10.0.26200 x64","AMD Ryzen 7 5800H with Radeon Graphics         ","151.0.7922.34"
"1","naive","15","0","1","0","2026-08-21T22:59:59.279Z","ANGLE (Google, Vulkan 1.3.0 (SwiftShader Device (Subzero) (0x0000C0DE)), SwiftShader driver)","Mozilla/5.0 (Windows NT 10.0; Win64; x64) AppleWebKit/537.36 (KHTML, like Gecko) HeadlessChrome/151.0.7922.34 Safari/537.36","Windows_NT 10.0.26200 x64","AMD Ryzen 7 5800H with Radeon Graphics         ","151.0.7922.34"
"1","naive","16","0","1","0","2026-08-21T22:59:59.279Z","ANGLE (Google, Vulkan 1.3.0 (SwiftShader Device (Subzero) (0x0000C0DE)), SwiftShader driver)","Mozilla/5.0 (Windows NT 10.0; Win64; x64) AppleWebKit/537.36 (KHTML, like Gecko) HeadlessChrome/151.0.7922.34 Safari/537.36","Windows_NT 10.0.26200 x64","AMD Ryzen 7 5800H with Radeon Graphics         ","151.0.7922.34"
"1","naive","17","0","1","0","2026-08-21T22:59:59.279Z","ANGLE (Google, Vulkan 1.3.0 (SwiftShader Device (Subzero) (0x0000C0DE)), SwiftShader driver)","Mozilla/5.0 (Windows NT 10.0; Win64; x64) AppleWebKit/537.36 (KHTML, like Gecko) HeadlessChrome/151.0.7922.34 Safari/537.36","Windows_NT 10.0.26200 x64","AMD Ryzen 7 5800H with Radeon Graphics         ","151.0.7922.34"
"1","naive","18","0","1","0","2026-08-21T22:59:59.279Z","ANGLE (Google, Vulkan 1.3.0 (SwiftShader Device (Subzero) (0x0000C0DE)), SwiftShader driver)","Mozilla/5.0 (Windows NT 10.0; Win64; x64) AppleWebKit/537.36 (KHTML, like Gecko) HeadlessChrome/151.0.7922.34 Safari/537.36","Windows_NT 10.0.26200 x64","AMD Ryzen 7 5800H with Radeon Graphics         ","151.0.7922.34"
"1","naive","19","0","1","0","2026-08-21T22:59:59.279Z","ANGLE (Google, Vulkan 1.3.0 (SwiftShader Device (Subzero) (0x0000C0DE)), SwiftShader driver)","Mozilla/5.0 (Windows NT 10.0; Win64; x64) AppleWebKit/537.36 (KHTML, like Gecko) HeadlessChrome/151.0.7922.34 Safari/537.36","Windows_NT 10.0.26200 x64","AMD Ryzen 7 5800H with Radeon Graphics         ","151.0.7922.34"
"1","naive","20","0","1","0","2026-08-21T22:59:59.279Z","ANGLE (Google, Vulkan 1.3.0 (SwiftShader Device (Subzero) (0x0000C0DE)), SwiftShader driver)","Mozilla/5.0 (Windows NT 10.0; Win64; x64) AppleWebKit/537.36 (KHTML, like Gecko) HeadlessChrome/151.0.7922.34 Safari/537.36","Windows_NT 10.0.26200 x64","AMD Ryzen 7 5800H with Radeon Graphics         ","151.0.7922.34"
"1","naive","21","0","1","0","2026-08-21T22:59:59.279Z","ANGLE (Google, Vulkan 1.3.0 (SwiftShader Device (Subzero) (0x0000C0DE)), SwiftShader driver)","Mozilla/5.0 (Windows NT 10.0; Win64; x64) AppleWebKit/537.36 (KHTML, like Gecko) HeadlessChrome/151.0.7922.34 Safari/537.36","Windows_NT 10.0.26200 x64","AMD Ryzen 7 5800H with Radeon Graphics         ","151.0.7922.34"
"1","naive","22","0","1","0","2026-08-21T22:59:59.279Z","ANGLE (Google, Vulkan 1.3.0 (SwiftShader Device (Subzero) (0x0000C0DE)), SwiftShader driver)","Mozilla/5.0 (Windows NT 10.0; Win64; x64) AppleWebKit/537.36 (KHTML, like Gecko) HeadlessChrome/151.0.7922.34 Safari/537.36","Windows_NT 10.0.26200 x64","AMD Ryzen 7 5800H with Radeon Graphics         ","151.0.7922.34"
"1","naive","23","0","1","0","2026-08-21T22:59:59.279Z","ANGLE (Google, Vulkan 1.3.0 (SwiftShader Device (Subzero) (0x0000C0DE)), SwiftShader driver)","Mozilla/5.0 (Windows NT 10.0; Win64; x64) AppleWebKit/537.36 (KHTML, like Gecko) HeadlessChrome/151.0.7922.34 Safari/537.36","Windows_NT 10.0.26200 x64","AMD Ryzen 7 5800H with Radeon Graphics         ","151.0.7922.34"
"1","naive","24","0","1","0","2026-08-21T22:59:59.279Z","ANGLE (Google, Vulkan 1.3.0 (SwiftShader Device (Subzero) (0x0000C0DE)), SwiftShader driver)","Mozilla/5.0 (Windows NT 10.0; Win64; x64) AppleWebKit/537.36 (KHTML, like Gecko) HeadlessChrome/151.0.7922.34 Safari/537.36","Windows_NT 10.0.26200 x64","AMD Ryzen 7 5800H with Radeon Graphics         ","151.0.7922.34"
"1","naive","25","0","1","0","2026-08-21T22:59:59.279Z","ANGLE (Google, Vulkan 1.3.0 (SwiftShader Device (Subzero) (0x0000C0DE)), SwiftShader driver)","Mozilla/5.0 (Windows NT 10.0; Win64; x64) AppleWebKit/537.36 (KHTML, like Gecko) HeadlessChrome/151.0.7922.34 Safari/537.36","Windows_NT 10.0.26200 x64","AMD Ryzen 7 5800H with Radeon Graphics         ","151.0.7922.34"
"1","naive","26","0","1","0","2026-08-21T22:59:59.279Z","ANGLE (Google, Vulkan 1.3.0 (SwiftShader Device (Subzero) (0x0000C0DE)), SwiftShader driver)","Mozilla/5.0 (Windows NT 10.0; Win64; x64) AppleWebKit/537.36 (KHTML, like Gecko) HeadlessChrome/151.0.7922.34 Safari/537.36","Windows_NT 10.0.26200 x64","AMD Ryzen 7 5800H with Radeon Graphics         ","151.0.7922.34"
"1","naive","27","0","1","0","2026-08-21T22:59:59.279Z","ANGLE (Google, Vulkan 1.3.0 (SwiftShader Device (Subzero) (0x0000C0DE)), SwiftShader driver)","Mozilla/5.0 (Windows NT 10.0; Win64; x64) AppleWebKit/537.36 (KHTML, like Gecko) HeadlessChrome/151.0.7922.34 Safari/537.36","Windows_NT 10.0.26200 x64","AMD Ryzen 7 5800H with Radeon Graphics         ","151.0.7922.34"
"1","naive","28","0","1","0","2026-08-21T22:59:59.279Z","ANGLE (Google, Vulkan 1.3.0 (SwiftShader Device (Subzero) (0x0000C0DE)), SwiftShader driver)","Mozilla/5.0 (Windows NT 10.0; Win64; x64) AppleWebKit/537.36 (KHTML, like Gecko) HeadlessChrome/151.0.7922.34 Safari/537.36","Windows_NT 10.0.26200 x64","AMD Ryzen 7 5800H with Radeon Graphics         ","151.0.7922.34"
"1","naive","29","0","1","0","2026-08-21T22:59:59.279Z","ANGLE (Google, Vulkan 1.3.0 (SwiftShader Device (Subzero) (0x0000C0DE)), SwiftShader driver)","Mozilla/5.0 (Windows NT 10.0; Win64; x64) AppleWebKit/537.36 (KHTML, like Gecko) HeadlessChrome/151.0.7922.34 Safari/537.36","Windows_NT 10.0.26200 x64","AMD Ryzen 7 5800H with Radeon Graphics         ","151.0.7922.34"
"1","naive","30","0","1","0","2026-08-21T22:59:59.279Z","ANGLE (Google, Vulkan 1.3.0 (SwiftShader Device (Subzero) (0x0000C0DE)), SwiftShader driver)","Mozilla/5.0 (Windows NT 10.0; Win64; x64) AppleWebKit/537.36 (KHTML, like Gecko) HeadlessChrome/151.0.7922.34 Safari/537.36","Windows_NT 10.0.26200 x64","AMD Ryzen 7 5800H with Radeon Graphics         ","151.0.7922.34"
"1","naive","31","0","1","0","2026-08-21T22:59:59.279Z","ANGLE (Google, Vulkan 1.3.0 (SwiftShader Device (Subzero) (0x0000C0DE)), SwiftShader driver)","Mozilla/5.0 (Windows NT 10.0; Win64; x64) AppleWebKit/537.36 (KHTML, like Gecko) HeadlessChrome/151.0.7922.34 Safari/537.36","Windows_NT 10.0.26200 x64","AMD Ryzen 7 5800H with Radeon Graphics         ","151.0.7922.34"
"1","naive","32","0","1","0","2026-08-21T22:59:59.279Z","ANGLE (Google, Vulkan 1.3.0 (SwiftShader Device (Subzero) (0x0000C0DE)), SwiftShader driver)","Mozilla/5.0 (Windows NT 10.0; Win64; x64) AppleWebKit/537.36 (KHTML, like Gecko) HeadlessChrome/151.0.7922.34 Safari/537.36","Windows_NT 10.0.26200 x64","AMD Ryzen 7 5800H with Radeon Graphics         ","151.0.7922.34"
"1","naive","33","0","1","0","2026-08-21T22:59:59.279Z","ANGLE (Google, Vulkan 1.3.0 (SwiftShader Device (Subzero) (0x0000C0DE)), SwiftShader driver)","Mozilla/5.0 (Windows NT 10.0; Win64; x64) AppleWebKit/537.36 (KHTML, like Gecko) HeadlessChrome/151.0.7922.34 Safari/537.36","Windows_NT 10.0.26200 x64","AMD Ryzen 7 5800H with Radeon Graphics         ","151.0.7922.34"
"1","naive","34","0","1","0","2026-08-21T22:59:59.279Z","ANGLE (Google, Vulkan 1.3.0 (SwiftShader Device (Subzero) (0x0000C0DE)), SwiftShader driver)","Mozilla/5.0 (Windows NT 10.0; Win64; x64) AppleWebKit/537.36 (KHTML, like Gecko) HeadlessChrome/151.0.7922.34 Safari/537.36","Windows_NT 10.0.26200 x64","AMD Ryzen 7 5800H with Radeon Graphics         ","151.0.7922.34"
"1","naive","35","0","1","0","2026-08-21T22:59:59.279Z","ANGLE (Google, Vulkan 1.3.0 (SwiftShader Device (Subzero) (0x0000C0DE)), SwiftShader driver)","Mozilla/5.0 (Windows NT 10.0; Win64; x64) AppleWebKit/537.36 (KHTML, like Gecko) HeadlessChrome/151.0.7922.34 Safari/537.36","Windows_NT 10.0.26200 x64","AMD Ryzen 7 5800H with Radeon Graphics         ","151.0.7922.34"
"1","naive","36","0","1","0","2026-08-21T22:59:59.279Z","ANGLE (Google, Vulkan 1.3.0 (SwiftShader Device (Subzero) (0x0000C0DE)), SwiftShader driver)","Mozilla/5.0 (Windows NT 10.0; Win64; x64) AppleWebKit/537.36 (KHTML, like Gecko) HeadlessChrome/151.0.7922.34 Safari/537.36","Windows_NT 10.0.26200 x64","AMD Ryzen 7 5800H with Radeon Graphics         ","151.0.7922.34"
"1","naive","37","0","1","0","2026-08-21T22:59:59.279Z","ANGLE (Google, Vulkan 1.3.0 (SwiftShader Device (Subzero) (0x0000C0DE)), SwiftShader driver)","Mozilla/5.0 (Windows NT 10.0; Win64; x64) AppleWebKit/537.36 (KHTML, like Gecko) HeadlessChrome/151.0.7922.34 Safari/537.36","Windows_NT 10.0.26200 x64","AMD Ryzen 7 5800H with Radeon Graphics         ","151.0.7922.34"
"1","naive","38","0","1","0","2026-08-21T22:59:59.279Z","ANGLE (Google, Vulkan 1.3.0 (SwiftShader Device (Subzero) (0x0000C0DE)), SwiftShader driver)","Mozilla/5.0 (Windows NT 10.0; Win64; x64) AppleWebKit/537.36 (KHTML, like Gecko) HeadlessChrome/151.0.7922.34 Safari/537.36","Windows_NT 10.0.26200 x64","AMD Ryzen 7 5800H with Radeon Graphics         ","151.0.7922.34"
"1","naive","39","0","1","0","2026-08-21T22:59:59.279Z","ANGLE (Google, Vulkan 1.3.0 (SwiftShader Device (Subzero) (0x0000C0DE)), SwiftShader driver)","Mozilla/5.0 (Windows NT 10.0; Win64; x64) AppleWebKit/537.36 (KHTML, like Gecko) HeadlessChrome/151.0.7922.34 Safari/537.36","Windows_NT 10.0.26200 x64","AMD Ryzen 7 5800H with Radeon Graphics         ","151.0.7922.34"
"1","naive","40","0","1","0","2026-08-21T22:59:59.279Z","ANGLE (Google, Vulkan 1.3.0 (SwiftShader Device (Subzero) (0x0000C0DE)), SwiftShader driver)","Mozilla/5.0 (Windows NT 10.0; Win64; x64) AppleWebKit/537.36 (KHTML, like Gecko) HeadlessChrome/151.0.7922.34 Safari/537.36","Windows_NT 10.0.26200 x64","AMD Ryzen 7 5800H with Radeon Graphics         ","151.0.7922.34"
"1","naive","41","0","1","0","2026-08-21T22:59:59.279Z","ANGLE (Google, Vulkan 1.3.0 (SwiftShader Device (Subzero) (0x0000C0DE)), SwiftShader driver)","Mozilla/5.0 (Windows NT 10.0; Win64; x64) AppleWebKit/537.36 (KHTML, like Gecko) HeadlessChrome/151.0.7922.34 Safari/537.36","Windows_NT 10.0.26200 x64","AMD Ryzen 7 5800H with Radeon Graphics         ","151.0.7922.34"
"1","naive","42","0","1","0","2026-08-21T22:59:59.279Z","ANGLE (Google, Vulkan 1.3.0 (SwiftShader Device (Subzero) (0x0000C0DE)), SwiftShader driver)","Mozilla/5.0 (Windows NT 10.0; Win64; x64) AppleWebKit/537.36 (KHTML, like Gecko) HeadlessChrome/151.0.7922.34 Safari/537.36","Windows_NT 10.0.26200 x64","AMD Ryzen 7 5800H with Radeon Graphics         ","151.0.7922.34"
"1","naive","43","0","1","0","2026-08-21T22:59:59.279Z","ANGLE (Google, Vulkan 1.3.0 (SwiftShader Device (Subzero) (0x0000C0DE)), SwiftShader driver)","Mozilla/5.0 (Windows NT 10.0; Win64; x64) AppleWebKit/537.36 (KHTML, like Gecko) HeadlessChrome/151.0.7922.34 Safari/537.36","Windows_NT 10.0.26200 x64","AMD Ryzen 7 5800H with Radeon Graphics         ","151.0.7922.34"
"1","naive","44","0","1","0","2026-08-21T22:59:59.279Z","ANGLE (Google, Vulkan 1.3.0 (SwiftShader Device (Subzero) (0x0000C0DE)), SwiftShader driver)","Mozilla/5.0 (Windows NT 10.0; Win64; x64) AppleWebKit/537.36 (KHTML, like Gecko) HeadlessChrome/151.0.7922.34 Safari/537.36","Windows_NT 10.0.26200 x64","AMD Ryzen 7 5800H with Radeon Graphics         ","151.0.7922.34"
"1","naive","45","0","1","0","2026-08-21T22:59:59.279Z","ANGLE (Google, Vulkan 1.3.0 (SwiftShader Device (Subzero) (0x0000C0DE)), SwiftShader driver)","Mozilla/5.0 (Windows NT 10.0; Win64; x64) AppleWebKit/537.36 (KHTML, like Gecko) HeadlessChrome/151.0.7922.34 Safari/537.36","Windows_NT 10.0.26200 x64","AMD Ryzen 7 5800H with Radeon Graphics         ","151.0.7922.34"
"1","naive","46","0","1","0","2026-08-21T22:59:59.279Z","ANGLE (Google, Vulkan 1.3.0 (SwiftShader Device (Subzero) (0x0000C0DE)), SwiftShader driver)","Mozilla/5.0 (Windows NT 10.0; Win64; x64) AppleWebKit/537.36 (KHTML, like Gecko) HeadlessChrome/151.0.7922.34 Safari/537.36","Windows_NT 10.0.26200 x64","AMD Ryzen 7 5800H with Radeon Graphics         ","151.0.7922.34"
"1","naive","47","0","1","0","2026-08-21T22:59:59.279Z","ANGLE (Google, Vulkan 1.3.0 (SwiftShader Device (Subzero) (0x0000C0DE)), SwiftShader driver)","Mozilla/5.0 (Windows NT 10.0; Win64; x64) AppleWebKit/537.36 (KHTML, like Gecko) HeadlessChrome/151.0.7922.34 Safari/537.36","Windows_NT 10.0.26200 x64","AMD Ryzen 7 5800H with Radeon Graphics         ","151.0.7922.34"
"1","naive","48","0","1","0","2026-08-21T22:59:59.279Z","ANGLE (Google, Vulkan 1.3.0 (SwiftShader Device (Subzero) (0x0000C0DE)), SwiftShader driver)","Mozilla/5.0 (Windows NT 10.0; Win64; x64) AppleWebKit/537.36 (KHTML, like Gecko) HeadlessChrome/151.0.7922.34 Safari/537.36","Windows_NT 10.0.26200 x64","AMD Ryzen 7 5800H with Radeon Graphics         ","151.0.7922.34"
"1","naive","49","0","1","0","2026-08-21T22:59:59.279Z","ANGLE (Google, Vulkan 1.3.0 (SwiftShader Device (Subzero) (0x0000C0DE)), SwiftShader driver)","Mozilla/5.0 (Windows NT 10.0; Win64; x64) AppleWebKit/537.36 (KHTML, like Gecko) HeadlessChrome/151.0.7922.34 Safari/537.36","Windows_NT 10.0.26200 x64","AMD Ryzen 7 5800H with Radeon Graphics         ","151.0.7922.34"
"1","naive","50","0","1","0","2026-08-21T22:59:59.279Z","ANGLE (Google, Vulkan 1.3.0 (SwiftShader Device (Subzero) (0x0000C0DE)), SwiftShader driver)","Mozilla/5.0 (Windows NT 10.0; Win64; x64) AppleWebKit/537.36 (KHTML, like Gecko) HeadlessChrome/151.0.7922.34 Safari/537.36","Windows_NT 10.0.26200 x64","AMD Ryzen 7 5800H with Radeon Graphics         ","151.0.7922.34"
"1","native","1","0","1","0","2026-08-21T22:59:59.279Z","ANGLE (Google, Vulkan 1.3.0 (SwiftShader Device (Subzero) (0x0000C0DE)), SwiftShader driver)","Mozilla/5.0 (Windows NT 10.0; Win64; x64) AppleWebKit/537.36 (KHTML, like Gecko) HeadlessChrome/151.0.7922.34 Safari/537.36","Windows_NT 10.0.26200 x64","AMD Ryzen 7 5800H with Radeon Graphics         ","151.0.7922.34"
"1","native","2","0","1","0","2026-08-21T22:59:59.279Z","ANGLE (Google, Vulkan 1.3.0 (SwiftShader Device (Subzero) (0x0000C0DE)), SwiftShader driver)","Mozilla/5.0 (Windows NT 10.0; Win64; x64) AppleWebKit/537.36 (KHTML, like Gecko) HeadlessChrome/151.0.7922.34 Safari/537.36","Windows_NT 10.0.26200 x64","AMD Ryzen 7 5800H with Radeon Graphics         ","151.0.7922.34"
"1","native","3","0","1","0","2026-08-21T22:59:59.279Z","ANGLE (Google, Vulkan 1.3.0 (SwiftShader Device (Subzero) (0x0000C0DE)), SwiftShader driver)","Mozilla/5.0 (Windows NT 10.0; Win64; x64) AppleWebKit/537.36 (KHTML, like Gecko) HeadlessChrome/151.0.7922.34 Safari/537.36","Windows_NT 10.0.26200 x64","AMD Ryzen 7 5800H with Radeon Graphics         ","151.0.7922.34"
"1","native","4","0","1","0","2026-08-21T22:59:59.279Z","ANGLE (Google, Vulkan 1.3.0 (SwiftShader Device (Subzero) (0x0000C0DE)), SwiftShader driver)","Mozilla/5.0 (Windows NT 10.0; Win64; x64) AppleWebKit/537.36 (KHTML, like Gecko) HeadlessChrome/151.0.7922.34 Safari/537.36","Windows_NT 10.0.26200 x64","AMD Ryzen 7 5800H with Radeon Graphics         ","151.0.7922.34"
"1","native","5","0","1","0","2026-08-21T22:59:59.279Z","ANGLE (Google, Vulkan 1.3.0 (SwiftShader Device (Subzero) (0x0000C0DE)), SwiftShader driver)","Mozilla/5.0 (Windows NT 10.0; Win64; x64) AppleWebKit/537.36 (KHTML, like Gecko) HeadlessChrome/151.0.7922.34 Safari/537.36","Windows_NT 10.0.26200 x64","AMD Ryzen 7 5800H with Radeon Graphics         ","151.0.7922.34"
"1","native","6","0","1","0","2026-08-21T22:59:59.279Z","ANGLE (Google, Vulkan 1.3.0 (SwiftShader Device (Subzero) (0x0000C0DE)), SwiftShader driver)","Mozilla/5.0 (Windows NT 10.0; Win64; x64) AppleWebKit/537.36 (KHTML, like Gecko) HeadlessChrome/151.0.7922.34 Safari/537.36","Windows_NT 10.0.26200 x64","AMD Ryzen 7 5800H with Radeon Graphics         ","151.0.7922.34"
"1","native","7","0","1","0","2026-08-21T22:59:59.279Z","ANGLE (Google, Vulkan 1.3.0 (SwiftShader Device (Subzero) (0x0000C0DE)), SwiftShader driver)","Mozilla/5.0 (Windows NT 10.0; Win64; x64) AppleWebKit/537.36 (KHTML, like Gecko) HeadlessChrome/151.0.7922.34 Safari/537.36","Windows_NT 10.0.26200 x64","AMD Ryzen 7 5800H with Radeon Graphics         ","151.0.7922.34"
"1","native","8","0","1","0","2026-08-21T22:59:59.279Z","ANGLE (Google, Vulkan 1.3.0 (SwiftShader Device (Subzero) (0x0000C0DE)), SwiftShader driver)","Mozilla/5.0 (Windows NT 10.0; Win64; x64) AppleWebKit/537.36 (KHTML, like Gecko) HeadlessChrome/151.0.7922.34 Safari/537.36","Windows_NT 10.0.26200 x64","AMD Ryzen 7 5800H with Radeon Graphics         ","151.0.7922.34"
"1","native","9","0","1","0","2026-08-21T22:59:59.279Z","ANGLE (Google, Vulkan 1.3.0 (SwiftShader Device (Subzero) (0x0000C0DE)), SwiftShader driver)","Mozilla/5.0 (Windows NT 10.0; Win64; x64) AppleWebKit/537.36 (KHTML, like Gecko) HeadlessChrome/151.0.7922.34 Safari/537.36","Windows_NT 10.0.26200 x64","AMD Ryzen 7 5800H with Radeon Graphics         ","151.0.7922.34"
"1","native","10","0","1","0","2026-08-21T22:59:59.279Z","ANGLE (Google, Vulkan 1.3.0 (SwiftShader Device (Subzero) (0x0000C0DE)), SwiftShader driver)","Mozilla/5.0 (Windows NT 10.0; Win64; x64) AppleWebKit/537.36 (KHTML, like Gecko) HeadlessChrome/151.0.7922.34 Safari/537.36","Windows_NT 10.0.26200 x64","AMD Ryzen 7 5800H with Radeon Graphics         ","151.0.7922.34"
"1","native","11","0","1","0","2026-08-21T22:59:59.279Z","ANGLE (Google, Vulkan 1.3.0 (SwiftShader Device (Subzero) (0x0000C0DE)), SwiftShader driver)","Mozilla/5.0 (Windows NT 10.0; Win64; x64) AppleWebKit/537.36 (KHTML, like Gecko) HeadlessChrome/151.0.7922.34 Safari/537.36","Windows_NT 10.0.26200 x64","AMD Ryzen 7 5800H with Radeon Graphics         ","151.0.7922.34"
"1","native","12","0","1","0","2026-08-21T22:59:59.279Z","ANGLE (Google, Vulkan 1.3.0 (SwiftShader Device (Subzero) (0x0000C0DE)), SwiftShader driver)","Mozilla/5.0 (Windows NT 10.0; Win64; x64) AppleWebKit/537.36 (KHTML, like Gecko) HeadlessChrome/151.0.7922.34 Safari/537.36","Windows_NT 10.0.26200 x64","AMD Ryzen 7 5800H with Radeon Graphics         ","151.0.7922.34"
"1","native","13","0","1","0","2026-08-21T22:59:59.279Z","ANGLE (Google, Vulkan 1.3.0 (SwiftShader Device (Subzero) (0x0000C0DE)), SwiftShader driver)","Mozilla/5.0 (Windows NT 10.0; Win64; x64) AppleWebKit/537.36 (KHTML, like Gecko) HeadlessChrome/151.0.7922.34 Safari/537.36","Windows_NT 10.0.26200 x64","AMD Ryzen 7 5800H with Radeon Graphics         ","151.0.7922.34"
"1","native","14","0","1","0","2026-08-21T22:59:59.279Z","ANGLE (Google, Vulkan 1.3.0 (SwiftShader Device (Subzero) (0x0000C0DE)), SwiftShader driver)","Mozilla/5.0 (Windows NT 10.0; Win64; x64) AppleWebKit/537.36 (KHTML, like Gecko) HeadlessChrome/151.0.7922.34 Safari/537.36","Windows_NT 10.0.26200 x64","AMD Ryzen 7 5800H with Radeon Graphics         ","151.0.7922.34"
"1","native","15","0","1","0","2026-08-21T22:59:59.279Z","ANGLE (Google, Vulkan 1.3.0 (SwiftShader Device (Subzero) (0x0000C0DE)), SwiftShader driver)","Mozilla/5.0 (Windows NT 10.0; Win64; x64) AppleWebKit/537.36 (KHTML, like Gecko) HeadlessChrome/151.0.7922.34 Safari/537.36","Windows_NT 10.0.26200 x64","AMD Ryzen 7 5800H with Radeon Graphics         ","151.0.7922.34"
"1","native","16","0","1","0","2026-08-21T22:59:59.279Z","ANGLE (Google, Vulkan 1.3.0 (SwiftShader Device (Subzero) (0x0000C0DE)), SwiftShader driver)","Mozilla/5.0 (Windows NT 10.0; Win64; x64) AppleWebKit/537.36 (KHTML, like Gecko) HeadlessChrome/151.0.7922.34 Safari/537.36","Windows_NT 10.0.26200 x64","AMD Ryzen 7 5800H with Radeon Graphics         ","151.0.7922.34"
"1","native","17","0","1","0","2026-08-21T22:59:59.279Z","ANGLE (Google, Vulkan 1.3.0 (SwiftShader Device (Subzero) (0x0000C0DE)), SwiftShader driver)","Mozilla/5.0 (Windows NT 10.0; Win64; x64) AppleWebKit/537.36 (KHTML, like Gecko) HeadlessChrome/151.0.7922.34 Safari/537.36","Windows_NT 10.0.26200 x64","AMD Ryzen 7 5800H with Radeon Graphics         ","151.0.7922.34"
"1","native","18","0","1","0","2026-08-21T22:59:59.279Z","ANGLE (Google, Vulkan 1.3.0 (SwiftShader Device (Subzero) (0x0000C0DE)), SwiftShader driver)","Mozilla/5.0 (Windows NT 10.0; Win64; x64) AppleWebKit/537.36 (KHTML, like Gecko) HeadlessChrome/151.0.7922.34 Safari/537.36","Windows_NT 10.0.26200 x64","AMD Ryzen 7 5800H with Radeon Graphics         ","151.0.7922.34"
"1","native","19","0","1","0","2026-08-21T22:59:59.279Z","ANGLE (Google, Vulkan 1.3.0 (SwiftShader Device (Subzero) (0x0000C0DE)), SwiftShader driver)","Mozilla/5.0 (Windows NT 10.0; Win64; x64) AppleWebKit/537.36 (KHTML, like Gecko) HeadlessChrome/151.0.7922.34 Safari/537.36","Windows_NT 10.0.26200 x64","AMD Ryzen 7 5800H with Radeon Graphics         ","151.0.7922.34"
"1","native","20","0","1","0","2026-08-21T22:59:59.279Z","ANGLE (Google, Vulkan 1.3.0 (SwiftShader Device (Subzero) (0x0000C0DE)), SwiftShader driver)","Mozilla/5.0 (Windows NT 10.0; Win64; x64) AppleWebKit/537.36 (KHTML, like Gecko) HeadlessChrome/151.0.7922.34 Safari/537.36","Windows_NT 10.0.26200 x64","AMD Ryzen 7 5800H with Radeon Graphics         ","151.0.7922.34"
"1","native","21","0","1","0","2026-08-21T22:59:59.279Z","ANGLE (Google, Vulkan 1.3.0 (SwiftShader Device (Subzero) (0x0000C0DE)), SwiftShader driver)","Mozilla/5.0 (Windows NT 10.0; Win64; x64) AppleWebKit/537.36 (KHTML, like Gecko) HeadlessChrome/151.0.7922.34 Safari/537.36","Windows_NT 10.0.26200 x64","AMD Ryzen 7 5800H with Radeon Graphics         ","151.0.7922.34"
"1","native","22","0","1","0","2026-08-21T22:59:59.279Z","ANGLE (Google, Vulkan 1.3.0 (SwiftShader Device (Subzero) (0x0000C0DE)), SwiftShader driver)","Mozilla/5.0 (Windows NT 10.0; Win64; x64) AppleWebKit/537.36 (KHTML, like Gecko) HeadlessChrome/151.0.7922.34 Safari/537.36","Windows_NT 10.0.26200 x64","AMD Ryzen 7 5800H with Radeon Graphics         ","151.0.7922.34"
"1","native","23","0","1","0","2026-08-21T22:59:59.279Z","ANGLE (Google, Vulkan 1.3.0 (SwiftShader Device (Subzero) (0x0000C0DE)), SwiftShader driver)","Mozilla/5.0 (Windows NT 10.0; Win64; x64) AppleWebKit/537.36 (KHTML, like Gecko) HeadlessChrome/151.0.7922.34 Safari/537.36","Windows_NT 10.0.26200 x64","AMD Ryzen 7 5800H with Radeon Graphics         ","151.0.7922.34"
"1","native","24","0","1","0","2026-08-21T22:59:59.279Z","ANGLE (Google, Vulkan 1.3.0 (SwiftShader Device (Subzero) (0x0000C0DE)), SwiftShader driver)","Mozilla/5.0 (Windows NT 10.0; Win64; x64) AppleWebKit/537.36 (KHTML, like Gecko) HeadlessChrome/151.0.7922.34 Safari/537.36","Windows_NT 10.0.26200 x64","AMD Ryzen 7 5800H with Radeon Graphics         ","151.0.7922.34"
"1","native","25","0","1","0","2026-08-21T22:59:59.279Z","ANGLE (Google, Vulkan 1.3.0 (SwiftShader Device (Subzero) (0x0000C0DE)), SwiftShader driver)","Mozilla/5.0 (Windows NT 10.0; Win64; x64) AppleWebKit/537.36 (KHTML, like Gecko) HeadlessChrome/151.0.7922.34 Safari/537.36","Windows_NT 10.0.26200 x64","AMD Ryzen 7 5800H with Radeon Graphics         ","151.0.7922.34"
"1","native","26","0","1","0","2026-08-21T22:59:59.279Z","ANGLE (Google, Vulkan 1.3.0 (SwiftShader Device (Subzero) (0x0000C0DE)), SwiftShader driver)","Mozilla/5.0 (Windows NT 10.0; Win64; x64) AppleWebKit/537.36 (KHTML, like Gecko) HeadlessChrome/151.0.7922.34 Safari/537.36","Windows_NT 10.0.26200 x64","AMD Ryzen 7 5800H with Radeon Graphics         ","151.0.7922.34"
"1","native","27","0","1","0","2026-08-21T22:59:59.279Z","ANGLE (Google, Vulkan 1.3.0 (SwiftShader Device (Subzero) (0x0000C0DE)), SwiftShader driver)","Mozilla/5.0 (Windows NT 10.0; Win64; x64) AppleWebKit/537.36 (KHTML, like Gecko) HeadlessChrome/151.0.7922.34 Safari/537.36","Windows_NT 10.0.26200 x64","AMD Ryzen 7 5800H with Radeon Graphics         ","151.0.7922.34"
"1","native","28","0","1","0","2026-08-21T22:59:59.279Z","ANGLE (Google, Vulkan 1.3.0 (SwiftShader Device (Subzero) (0x0000C0DE)), SwiftShader driver)","Mozilla/5.0 (Windows NT 10.0; Win64; x64) AppleWebKit/537.36 (KHTML, like Gecko) HeadlessChrome/151.0.7922.34 Safari/537.36","Windows_NT 10.0.26200 x64","AMD Ryzen 7 5800H with Radeon Graphics         ","151.0.7922.34"
"1","native","29","0","1","0","2026-08-21T22:59:59.279Z","ANGLE (Google, Vulkan 1.3.0 (SwiftShader Device (Subzero) (0x0000C0DE)), SwiftShader driver)","Mozilla/5.0 (Windows NT 10.0; Win64; x64) AppleWebKit/537.36 (KHTML, like Gecko) HeadlessChrome/151.0.7922.34 Safari/537.36","Windows_NT 10.0.26200 x64","AMD Ryzen 7 5800H with Radeon Graphics         ","151.0.7922.34"
"1","native","30","0","1","0","2026-08-21T22:59:59.279Z","ANGLE (Google, Vulkan 1.3.0 (SwiftShader Device (Subzero) (0x0000C0DE)), SwiftShader driver)","Mozilla/5.0 (Windows NT 10.0; Win64; x64) AppleWebKit/537.36 (KHTML, like Gecko) HeadlessChrome/151.0.7922.34 Safari/537.36","Windows_NT 10.0.26200 x64","AMD Ryzen 7 5800H with Radeon Graphics         ","151.0.7922.34"
"1","native","31","0","1","0","2026-08-21T22:59:59.279Z","ANGLE (Google, Vulkan 1.3.0 (SwiftShader Device (Subzero) (0x0000C0DE)), SwiftShader driver)","Mozilla/5.0 (Windows NT 10.0; Win64; x64) AppleWebKit/537.36 (KHTML, like Gecko) HeadlessChrome/151.0.7922.34 Safari/537.36","Windows_NT 10.0.26200 x64","AMD Ryzen 7 5800H with Radeon Graphics         ","151.0.7922.34"
"1","native","32","0","1","0","2026-08-21T22:59:59.279Z","ANGLE (Google, Vulkan 1.3.0 (SwiftShader Device (Subzero) (0x0000C0DE)), SwiftShader driver)","Mozilla/5.0 (Windows NT 10.0; Win64; x64) AppleWebKit/537.36 (KHTML, like Gecko) HeadlessChrome/151.0.7922.34 Safari/537.36","Windows_NT 10.0.26200 x64","AMD Ryzen 7 5800H with Radeon Graphics         ","151.0.7922.34"
"1","native","33","0","1","0","2026-08-21T22:59:59.279Z","ANGLE (Google, Vulkan 1.3.0 (SwiftShader Device (Subzero) (0x0000C0DE)), SwiftShader driver)","Mozilla/5.0 (Windows NT 10.0; Win64; x64) AppleWebKit/537.36 (KHTML, like Gecko) HeadlessChrome/151.0.7922.34 Safari/537.36","Windows_NT 10.0.26200 x64","AMD Ryzen 7 5800H with Radeon Graphics         ","151.0.7922.34"
"1","native","34","0","1","0","2026-08-21T22:59:59.279Z","ANGLE (Google, Vulkan 1.3.0 (SwiftShader Device (Subzero) (0x0000C0DE)), SwiftShader driver)","Mozilla/5.0 (Windows NT 10.0; Win64; x64) AppleWebKit/537.36 (KHTML, like Gecko) HeadlessChrome/151.0.7922.34 Safari/537.36","Windows_NT 10.0.26200 x64","AMD Ryzen 7 5800H with Radeon Graphics         ","151.0.7922.34"
"1","native","35","0","1","0","2026-08-21T22:59:59.279Z","ANGLE (Google, Vulkan 1.3.0 (SwiftShader Device (Subzero) (0x0000C0DE)), SwiftShader driver)","Mozilla/5.0 (Windows NT 10.0; Win64; x64) AppleWebKit/537.36 (KHTML, like Gecko) HeadlessChrome/151.0.7922.34 Safari/537.36","Windows_NT 10.0.26200 x64","AMD Ryzen 7 5800H with Radeon Graphics         ","151.0.7922.34"
"1","native","36","0","1","0","2026-08-21T22:59:59.279Z","ANGLE (Google, Vulkan 1.3.0 (SwiftShader Device (Subzero) (0x0000C0DE)), SwiftShader driver)","Mozilla/5.0 (Windows NT 10.0; Win64; x64) AppleWebKit/537.36 (KHTML, like Gecko) HeadlessChrome/151.0.7922.34 Safari/537.36","Windows_NT 10.0.26200 x64","AMD Ryzen 7 5800H with Radeon Graphics         ","151.0.7922.34"
"1","native","37","0","1","0","2026-08-21T22:59:59.279Z","ANGLE (Google, Vulkan 1.3.0 (SwiftShader Device (Subzero) (0x0000C0DE)), SwiftShader driver)","Mozilla/5.0 (Windows NT 10.0; Win64; x64) AppleWebKit/537.36 (KHTML, like Gecko) HeadlessChrome/151.0.7922.34 Safari/537.36","Windows_NT 10.0.26200 x64","AMD Ryzen 7 5800H with Radeon Graphics         ","151.0.7922.34"
"1","native","38","0","1","0","2026-08-21T22:59:59.279Z","ANGLE (Google, Vulkan 1.3.0 (SwiftShader Device (Subzero) (0x0000C0DE)), SwiftShader driver)","Mozilla/5.0 (Windows NT 10.0; Win64; x64) AppleWebKit/537.36 (KHTML, like Gecko) HeadlessChrome/151.0.7922.34 Safari/537.36","Windows_NT 10.0.26200 x64","AMD Ryzen 7 5800H with Radeon Graphics         ","151.0.7922.34"
"1","native","39","0","1","0","2026-08-21T22:59:59.279Z","ANGLE (Google, Vulkan 1.3.0 (SwiftShader Device (Subzero) (0x0000C0DE)), SwiftShader driver)","Mozilla/5.0 (Windows NT 10.0; Win64; x64) AppleWebKit/537.36 (KHTML, like Gecko) HeadlessChrome/151.0.7922.34 Safari/537.36","Windows_NT 10.0.26200 x64","AMD Ryzen 7 5800H with Radeon Graphics         ","151.0.7922.34"
"1","native","40","0","1","0","2026-08-21T22:59:59.279Z","ANGLE (Google, Vulkan 1.3.0 (SwiftShader Device (Subzero) (0x0000C0DE)), SwiftShader driver)","Mozilla/5.0 (Windows NT 10.0; Win64; x64) AppleWebKit/537.36 (KHTML, like Gecko) HeadlessChrome/151.0.7922.34 Safari/537.36","Windows_NT 10.0.26200 x64","AMD Ryzen 7 5800H with Radeon Graphics         ","151.0.7922.34"
"1","native","41","0","1","0","2026-08-21T22:59:59.279Z","ANGLE (Google, Vulkan 1.3.0 (SwiftShader Device (Subzero) (0x0000C0DE)), SwiftShader driver)","Mozilla/5.0 (Windows NT 10.0; Win64; x64) AppleWebKit/537.36 (KHTML, like Gecko) HeadlessChrome/151.0.7922.34 Safari/537.36","Windows_NT 10.0.26200 x64","AMD Ryzen 7 5800H with Radeon Graphics         ","151.0.7922.34"
"1","native","42","0","1","0","2026-08-21T22:59:59.279Z","ANGLE (Google, Vulkan 1.3.0 (SwiftShader Device (Subzero) (0x0000C0DE)), SwiftShader driver)","Mozilla/5.0 (Windows NT 10.0; Win64; x64) AppleWebKit/537.36 (KHTML, like Gecko) HeadlessChrome/151.0.7922.34 Safari/537.36","Windows_NT 10.0.26200 x64","AMD Ryzen 7 5800H with Radeon Graphics         ","151.0.7922.34"
"1","native","43","0","1","0","2026-08-21T22:59:59.279Z","ANGLE (Google, Vulkan 1.3.0 (SwiftShader Device (Subzero) (0x0000C0DE)), SwiftShader driver)","Mozilla/5.0 (Windows NT 10.0; Win64; x64) AppleWebKit/537.36 (KHTML, like Gecko) HeadlessChrome/151.0.7922.34 Safari/537.36","Windows_NT 10.0.26200 x64","AMD Ryzen 7 5800H with Radeon Graphics         ","151.0.7922.34"
"1","native","44","0","1","0","2026-08-21T22:59:59.279Z","ANGLE (Google, Vulkan 1.3.0 (SwiftShader Device (Subzero) (0x0000C0DE)), SwiftShader driver)","Mozilla/5.0 (Windows NT 10.0; Win64; x64) AppleWebKit/537.36 (KHTML, like Gecko) HeadlessChrome/151.0.7922.34 Safari/537.36","Windows_NT 10.0.26200 x64","AMD Ryzen 7 5800H with Radeon Graphics         ","151.0.7922.34"
"1","native","45","0","1","0","2026-08-21T22:59:59.279Z","ANGLE (Google, Vulkan 1.3.0 (SwiftShader Device (Subzero) (0x0000C0DE)), SwiftShader driver)","Mozilla/5.0 (Windows NT 10.0; Win64; x64) AppleWebKit/537.36 (KHTML, like Gecko) HeadlessChrome/151.0.7922.34 Safari/537.36","Windows_NT 10.0.26200 x64","AMD Ryzen 7 5800H with Radeon Graphics         ","151.0.7922.34"
"1","native","46","0","1","0","2026-08-21T22:59:59.279Z","ANGLE (Google, Vulkan 1.3.0 (SwiftShader Device (Subzero) (0x0000C0DE)), SwiftShader driver)","Mozilla/5.0 (Windows NT 10.0; Win64; x64) AppleWebKit/537.36 (KHTML, like Gecko) HeadlessChrome/151.0.7922.34 Safari/537.36","Windows_NT 10.0.26200 x64","AMD Ryzen 7 5800H with Radeon Graphics         ","151.0.7922.34"
"1","native","47","0","1","0","2026-08-21T22:59:59.279Z","ANGLE (Google, Vulkan 1.3.0 (SwiftShader Device (Subzero) (0x0000C0DE)), SwiftShader driver)","Mozilla/5.0 (Windows NT 10.0; Win64; x64) AppleWebKit/537.36 (KHTML, like Gecko) HeadlessChrome/151.0.7922.34 Safari/537.36","Windows_NT 10.0.26200 x64","AMD Ryzen 7 5800H with Radeon Graphics         ","151.0.7922.34"
"1","native","48","0","1","0","2026-08-21T22:59:59.279Z","ANGLE (Google, Vulkan 1.3.0 (SwiftShader Device (Subzero) (0x0000C0DE)), SwiftShader driver)","Mozilla/5.0 (Windows NT 10.0; Win64; x64) AppleWebKit/537.36 (KHTML, like Gecko) HeadlessChrome/151.0.7922.34 Safari/537.36","Windows_NT 10.0.26200 x64","AMD Ryzen 7 5800H with Radeon Graphics         ","151.0.7922.34"
"1","native","49","0","1","0","2026-08-21T22:59:59.279Z","ANGLE (Google, Vulkan 1.3.0 (SwiftShader Device (Subzero) (0x0000C0DE)), SwiftShader driver)","Mozilla/5.0 (Windows NT 10.0; Win64; x64) AppleWebKit/537.36 (KHTML, like Gecko) HeadlessChrome/151.0.7922.34 Safari/537.36","Windows_NT 10.0.26200 x64","AMD Ryzen 7 5800H with Radeon Graphics         ","151.0.7922.34"
"1","native","50","0","1","0","2026-08-21T22:59:59.279Z","ANGLE (Google, Vulkan 1.3.0 (SwiftShader Device (Subzero) (0x0000C0DE)), SwiftShader driver)","Mozilla/5.0 (Windows NT 10.0; Win64; x64) AppleWebKit/537.36 (KHTML, like Gecko) HeadlessChrome/151.0.7922.34 Safari/537.36","Windows_NT 10.0.26200 x64","AMD Ryzen 7 5800H with Radeon Graphics         ","151.0.7922.34"
"1","guarded","1","0","1","0","2026-08-21T22:59:59.279Z","ANGLE (Google, Vulkan 1.3.0 (SwiftShader Device (Subzero) (0x0000C0DE)), SwiftShader driver)","Mozilla/5.0 (Windows NT 10.0; Win64; x64) AppleWebKit/537.36 (KHTML, like Gecko) HeadlessChrome/151.0.7922.34 Safari/537.36","Windows_NT 10.0.26200 x64","AMD Ryzen 7 5800H with Radeon Graphics         ","151.0.7922.34"
"1","guarded","2","0","1","0","2026-08-21T22:59:59.279Z","ANGLE (Google, Vulkan 1.3.0 (SwiftShader Device (Subzero) (0x0000C0DE)), SwiftShader driver)","Mozilla/5.0 (Windows NT 10.0; Win64; x64) AppleWebKit/537.36 (KHTML, like Gecko) HeadlessChrome/151.0.7922.34 Safari/537.36","Windows_NT 10.0.26200 x64","AMD Ryzen 7 5800H with Radeon Graphics         ","151.0.7922.34"
"1","guarded","3","0","1","0","2026-08-21T22:59:59.279Z","ANGLE (Google, Vulkan 1.3.0 (SwiftShader Device (Subzero) (0x0000C0DE)), SwiftShader driver)","Mozilla/5.0 (Windows NT 10.0; Win64; x64) AppleWebKit/537.36 (KHTML, like Gecko) HeadlessChrome/151.0.7922.34 Safari/537.36","Windows_NT 10.0.26200 x64","AMD Ryzen 7 5800H with Radeon Graphics         ","151.0.7922.34"
"1","guarded","4","0","1","0","2026-08-21T22:59:59.279Z","ANGLE (Google, Vulkan 1.3.0 (SwiftShader Device (Subzero) (0x0000C0DE)), SwiftShader driver)","Mozilla/5.0 (Windows NT 10.0; Win64; x64) AppleWebKit/537.36 (KHTML, like Gecko) HeadlessChrome/151.0.7922.34 Safari/537.36","Windows_NT 10.0.26200 x64","AMD Ryzen 7 5800H with Radeon Graphics         ","151.0.7922.34"
"1","guarded","5","0","1","0","2026-08-21T22:59:59.279Z","ANGLE (Google, Vulkan 1.3.0 (SwiftShader Device (Subzero) (0x0000C0DE)), SwiftShader driver)","Mozilla/5.0 (Windows NT 10.0; Win64; x64) AppleWebKit/537.36 (KHTML, like Gecko) HeadlessChrome/151.0.7922.34 Safari/537.36","Windows_NT 10.0.26200 x64","AMD Ryzen 7 5800H with Radeon Graphics         ","151.0.7922.34"
"1","guarded","6","0","1","0","2026-08-21T22:59:59.279Z","ANGLE (Google, Vulkan 1.3.0 (SwiftShader Device (Subzero) (0x0000C0DE)), SwiftShader driver)","Mozilla/5.0 (Windows NT 10.0; Win64; x64) AppleWebKit/537.36 (KHTML, like Gecko) HeadlessChrome/151.0.7922.34 Safari/537.36","Windows_NT 10.0.26200 x64","AMD Ryzen 7 5800H with Radeon Graphics         ","151.0.7922.34"
"1","guarded","7","0","1","0","2026-08-21T22:59:59.279Z","ANGLE (Google, Vulkan 1.3.0 (SwiftShader Device (Subzero) (0x0000C0DE)), SwiftShader driver)","Mozilla/5.0 (Windows NT 10.0; Win64; x64) AppleWebKit/537.36 (KHTML, like Gecko) HeadlessChrome/151.0.7922.34 Safari/537.36","Windows_NT 10.0.26200 x64","AMD Ryzen 7 5800H with Radeon Graphics         ","151.0.7922.34"
"1","guarded","8","0","1","0","2026-08-21T22:59:59.279Z","ANGLE (Google, Vulkan 1.3.0 (SwiftShader Device (Subzero) (0x0000C0DE)), SwiftShader driver)","Mozilla/5.0 (Windows NT 10.0; Win64; x64) AppleWebKit/537.36 (KHTML, like Gecko) HeadlessChrome/151.0.7922.34 Safari/537.36","Windows_NT 10.0.26200 x64","AMD Ryzen 7 5800H with Radeon Graphics         ","151.0.7922.34"
"1","guarded","9","0","1","0","2026-08-21T22:59:59.279Z","ANGLE (Google, Vulkan 1.3.0 (SwiftShader Device (Subzero) (0x0000C0DE)), SwiftShader driver)","Mozilla/5.0 (Windows NT 10.0; Win64; x64) AppleWebKit/537.36 (KHTML, like Gecko) HeadlessChrome/151.0.7922.34 Safari/537.36","Windows_NT 10.0.26200 x64","AMD Ryzen 7 5800H with Radeon Graphics         ","151.0.7922.34"
"1","guarded","10","0","1","0","2026-08-21T22:59:59.279Z","ANGLE (Google, Vulkan 1.3.0 (SwiftShader Device (Subzero) (0x0000C0DE)), SwiftShader driver)","Mozilla/5.0 (Windows NT 10.0; Win64; x64) AppleWebKit/537.36 (KHTML, like Gecko) HeadlessChrome/151.0.7922.34 Safari/537.36","Windows_NT 10.0.26200 x64","AMD Ryzen 7 5800H with Radeon Graphics         ","151.0.7922.34"
"1","guarded","11","0","1","0","2026-08-21T22:59:59.279Z","ANGLE (Google, Vulkan 1.3.0 (SwiftShader Device (Subzero) (0x0000C0DE)), SwiftShader driver)","Mozilla/5.0 (Windows NT 10.0; Win64; x64) AppleWebKit/537.36 (KHTML, like Gecko) HeadlessChrome/151.0.7922.34 Safari/537.36","Windows_NT 10.0.26200 x64","AMD Ryzen 7 5800H with Radeon Graphics         ","151.0.7922.34"
"1","guarded","12","0","1","0","2026-08-21T22:59:59.279Z","ANGLE (Google, Vulkan 1.3.0 (SwiftShader Device (Subzero) (0x0000C0DE)), SwiftShader driver)","Mozilla/5.0 (Windows NT 10.0; Win64; x64) AppleWebKit/537.36 (KHTML, like Gecko) HeadlessChrome/151.0.7922.34 Safari/537.36","Windows_NT 10.0.26200 x64","AMD Ryzen 7 5800H with Radeon Graphics         ","151.0.7922.34"
"1","guarded","13","0","1","0","2026-08-21T22:59:59.279Z","ANGLE (Google, Vulkan 1.3.0 (SwiftShader Device (Subzero) (0x0000C0DE)), SwiftShader driver)","Mozilla/5.0 (Windows NT 10.0; Win64; x64) AppleWebKit/537.36 (KHTML, like Gecko) HeadlessChrome/151.0.7922.34 Safari/537.36","Windows_NT 10.0.26200 x64","AMD Ryzen 7 5800H with Radeon Graphics         ","151.0.7922.34"
"1","guarded","14","0","1","0","2026-08-21T22:59:59.279Z","ANGLE (Google, Vulkan 1.3.0 (SwiftShader Device (Subzero) (0x0000C0DE)), SwiftShader driver)","Mozilla/5.0 (Windows NT 10.0; Win64; x64) AppleWebKit/537.36 (KHTML, like Gecko) HeadlessChrome/151.0.7922.34 Safari/537.36","Windows_NT 10.0.26200 x64","AMD Ryzen 7 5800H with Radeon Graphics         ","151.0.7922.34"
"1","guarded","15","0","1","0","2026-08-21T22:59:59.279Z","ANGLE (Google, Vulkan 1.3.0 (SwiftShader Device (Subzero) (0x0000C0DE)), SwiftShader driver)","Mozilla/5.0 (Windows NT 10.0; Win64; x64) AppleWebKit/537.36 (KHTML, like Gecko) HeadlessChrome/151.0.7922.34 Safari/537.36","Windows_NT 10.0.26200 x64","AMD Ryzen 7 5800H with Radeon Graphics         ","151.0.7922.34"
"1","guarded","16","0","1","0","2026-08-21T22:59:59.279Z","ANGLE (Google, Vulkan 1.3.0 (SwiftShader Device (Subzero) (0x0000C0DE)), SwiftShader driver)","Mozilla/5.0 (Windows NT 10.0; Win64; x64) AppleWebKit/537.36 (KHTML, like Gecko) HeadlessChrome/151.0.7922.34 Safari/537.36","Windows_NT 10.0.26200 x64","AMD Ryzen 7 5800H with Radeon Graphics         ","151.0.7922.34"
"1","guarded","17","0","1","0","2026-08-21T22:59:59.279Z","ANGLE (Google, Vulkan 1.3.0 (SwiftShader Device (Subzero) (0x0000C0DE)), SwiftShader driver)","Mozilla/5.0 (Windows NT 10.0; Win64; x64) AppleWebKit/537.36 (KHTML, like Gecko) HeadlessChrome/151.0.7922.34 Safari/537.36","Windows_NT 10.0.26200 x64","AMD Ryzen 7 5800H with Radeon Graphics         ","151.0.7922.34"
"1","guarded","18","0","1","0","2026-08-21T22:59:59.279Z","ANGLE (Google, Vulkan 1.3.0 (SwiftShader Device (Subzero) (0x0000C0DE)), SwiftShader driver)","Mozilla/5.0 (Windows NT 10.0; Win64; x64) AppleWebKit/537.36 (KHTML, like Gecko) HeadlessChrome/151.0.7922.34 Safari/537.36","Windows_NT 10.0.26200 x64","AMD Ryzen 7 5800H with Radeon Graphics         ","151.0.7922.34"
"1","guarded","19","0","1","0","2026-08-21T22:59:59.279Z","ANGLE (Google, Vulkan 1.3.0 (SwiftShader Device (Subzero) (0x0000C0DE)), SwiftShader driver)","Mozilla/5.0 (Windows NT 10.0; Win64; x64) AppleWebKit/537.36 (KHTML, like Gecko) HeadlessChrome/151.0.7922.34 Safari/537.36","Windows_NT 10.0.26200 x64","AMD Ryzen 7 5800H with Radeon Graphics         ","151.0.7922.34"
"1","guarded","20","0","1","0","2026-08-21T22:59:59.279Z","ANGLE (Google, Vulkan 1.3.0 (SwiftShader Device (Subzero) (0x0000C0DE)), SwiftShader driver)","Mozilla/5.0 (Windows NT 10.0; Win64; x64) AppleWebKit/537.36 (KHTML, like Gecko) HeadlessChrome/151.0.7922.34 Safari/537.36","Windows_NT 10.0.26200 x64","AMD Ryzen 7 5800H with Radeon Graphics         ","151.0.7922.34"
"1","guarded","21","0","1","0","2026-08-21T22:59:59.279Z","ANGLE (Google, Vulkan 1.3.0 (SwiftShader Device (Subzero) (0x0000C0DE)), SwiftShader driver)","Mozilla/5.0 (Windows NT 10.0; Win64; x64) AppleWebKit/537.36 (KHTML, like Gecko) HeadlessChrome/151.0.7922.34 Safari/537.36","Windows_NT 10.0.26200 x64","AMD Ryzen 7 5800H with Radeon Graphics         ","151.0.7922.34"
"1","guarded","22","0","1","0","2026-08-21T22:59:59.279Z","ANGLE (Google, Vulkan 1.3.0 (SwiftShader Device (Subzero) (0x0000C0DE)), SwiftShader driver)","Mozilla/5.0 (Windows NT 10.0; Win64; x64) AppleWebKit/537.36 (KHTML, like Gecko) HeadlessChrome/151.0.7922.34 Safari/537.36","Windows_NT 10.0.26200 x64","AMD Ryzen 7 5800H with Radeon Graphics         ","151.0.7922.34"
"1","guarded","23","0","1","0","2026-08-21T22:59:59.279Z","ANGLE (Google, Vulkan 1.3.0 (SwiftShader Device (Subzero) (0x0000C0DE)), SwiftShader driver)","Mozilla/5.0 (Windows NT 10.0; Win64; x64) AppleWebKit/537.36 (KHTML, like Gecko) HeadlessChrome/151.0.7922.34 Safari/537.36","Windows_NT 10.0.26200 x64","AMD Ryzen 7 5800H with Radeon Graphics         ","151.0.7922.34"
"1","guarded","24","0","1","0","2026-08-21T22:59:59.279Z","ANGLE (Google, Vulkan 1.3.0 (SwiftShader Device (Subzero) (0x0000C0DE)), SwiftShader driver)","Mozilla/5.0 (Windows NT 10.0; Win64; x64) AppleWebKit/537.36 (KHTML, like Gecko) HeadlessChrome/151.0.7922.34 Safari/537.36","Windows_NT 10.0.26200 x64","AMD Ryzen 7 5800H with Radeon Graphics         ","151.0.7922.34"
"1","guarded","25","0","1","0","2026-08-21T22:59:59.279Z","ANGLE (Google, Vulkan 1.3.0 (SwiftShader Device (Subzero) (0x0000C0DE)), SwiftShader driver)","Mozilla/5.0 (Windows NT 10.0; Win64; x64) AppleWebKit/537.36 (KHTML, like Gecko) HeadlessChrome/151.0.7922.34 Safari/537.36","Windows_NT 10.0.26200 x64","AMD Ryzen 7 5800H with Radeon Graphics         ","151.0.7922.34"
"1","guarded","26","0","1","0","2026-08-21T22:59:59.279Z","ANGLE (Google, Vulkan 1.3.0 (SwiftShader Device (Subzero) (0x0000C0DE)), SwiftShader driver)","Mozilla/5.0 (Windows NT 10.0; Win64; x64) AppleWebKit/537.36 (KHTML, like Gecko) HeadlessChrome/151.0.7922.34 Safari/537.36","Windows_NT 10.0.26200 x64","AMD Ryzen 7 5800H with Radeon Graphics         ","151.0.7922.34"
"1","guarded","27","0","1","0","2026-08-21T22:59:59.279Z","ANGLE (Google, Vulkan 1.3.0 (SwiftShader Device (Subzero) (0x0000C0DE)), SwiftShader driver)","Mozilla/5.0 (Windows NT 10.0; Win64; x64) AppleWebKit/537.36 (KHTML, like Gecko) HeadlessChrome/151.0.7922.34 Safari/537.36","Windows_NT 10.0.26200 x64","AMD Ryzen 7 5800H with Radeon Graphics         ","151.0.7922.34"
"1","guarded","28","0","1","0","2026-08-21T22:59:59.279Z","ANGLE (Google, Vulkan 1.3.0 (SwiftShader Device (Subzero) (0x0000C0DE)), SwiftShader driver)","Mozilla/5.0 (Windows NT 10.0; Win64; x64) AppleWebKit/537.36 (KHTML, like Gecko) HeadlessChrome/151.0.7922.34 Safari/537.36","Windows_NT 10.0.26200 x64","AMD Ryzen 7 5800H with Radeon Graphics         ","151.0.7922.34"
"1","guarded","29","0","1","0","2026-08-21T22:59:59.279Z","ANGLE (Google, Vulkan 1.3.0 (SwiftShader Device (Subzero) (0x0000C0DE)), SwiftShader driver)","Mozilla/5.0 (Windows NT 10.0; Win64; x64) AppleWebKit/537.36 (KHTML, like Gecko) HeadlessChrome/151.0.7922.34 Safari/537.36","Windows_NT 10.0.26200 x64","AMD Ryzen 7 5800H with Radeon Graphics         ","151.0.7922.34"
"1","guarded","30","0","1","0","2026-08-21T22:59:59.279Z","ANGLE (Google, Vulkan 1.3.0 (SwiftShader Device (Subzero) (0x0000C0DE)), SwiftShader driver)","Mozilla/5.0 (Windows NT 10.0; Win64; x64) AppleWebKit/537.36 (KHTML, like Gecko) HeadlessChrome/151.0.7922.34 Safari/537.36","Windows_NT 10.0.26200 x64","AMD Ryzen 7 5800H with Radeon Graphics         ","151.0.7922.34"
"1","guarded","31","0","1","0","2026-08-21T22:59:59.279Z","ANGLE (Google, Vulkan 1.3.0 (SwiftShader Device (Subzero) (0x0000C0DE)), SwiftShader driver)","Mozilla/5.0 (Windows NT 10.0; Win64; x64) AppleWebKit/537.36 (KHTML, like Gecko) HeadlessChrome/151.0.7922.34 Safari/537.36","Windows_NT 10.0.26200 x64","AMD Ryzen 7 5800H with Radeon Graphics         ","151.0.7922.34"
"1","guarded","32","0","1","0","2026-08-21T22:59:59.279Z","ANGLE (Google, Vulkan 1.3.0 (SwiftShader Device (Subzero) (0x0000C0DE)), SwiftShader driver)","Mozilla/5.0 (Windows NT 10.0; Win64; x64) AppleWebKit/537.36 (KHTML, like Gecko) HeadlessChrome/151.0.7922.34 Safari/537.36","Windows_NT 10.0.26200 x64","AMD Ryzen 7 5800H with Radeon Graphics         ","151.0.7922.34"
"1","guarded","33","0","1","0","2026-08-21T22:59:59.279Z","ANGLE (Google, Vulkan 1.3.0 (SwiftShader Device (Subzero) (0x0000C0DE)), SwiftShader driver)","Mozilla/5.0 (Windows NT 10.0; Win64; x64) AppleWebKit/537.36 (KHTML, like Gecko) HeadlessChrome/151.0.7922.34 Safari/537.36","Windows_NT 10.0.26200 x64","AMD Ryzen 7 5800H with Radeon Graphics         ","151.0.7922.34"
"1","guarded","34","0","1","0","2026-08-21T22:59:59.279Z","ANGLE (Google, Vulkan 1.3.0 (SwiftShader Device (Subzero) (0x0000C0DE)), SwiftShader driver)","Mozilla/5.0 (Windows NT 10.0; Win64; x64) AppleWebKit/537.36 (KHTML, like Gecko) HeadlessChrome/151.0.7922.34 Safari/537.36","Windows_NT 10.0.26200 x64","AMD Ryzen 7 5800H with Radeon Graphics         ","151.0.7922.34"
"1","guarded","35","0","1","0","2026-08-21T22:59:59.279Z","ANGLE (Google, Vulkan 1.3.0 (SwiftShader Device (Subzero) (0x0000C0DE)), SwiftShader driver)","Mozilla/5.0 (Windows NT 10.0; Win64; x64) AppleWebKit/537.36 (KHTML, like Gecko) HeadlessChrome/151.0.7922.34 Safari/537.36","Windows_NT 10.0.26200 x64","AMD Ryzen 7 5800H with Radeon Graphics         ","151.0.7922.34"
"1","guarded","36","0","1","0","2026-08-21T22:59:59.279Z","ANGLE (Google, Vulkan 1.3.0 (SwiftShader Device (Subzero) (0x0000C0DE)), SwiftShader driver)","Mozilla/5.0 (Windows NT 10.0; Win64; x64) AppleWebKit/537.36 (KHTML, like Gecko) HeadlessChrome/151.0.7922.34 Safari/537.36","Windows_NT 10.0.26200 x64","AMD Ryzen 7 5800H with Radeon Graphics         ","151.0.7922.34"
"1","guarded","37","0","1","0","2026-08-21T22:59:59.279Z","ANGLE (Google, Vulkan 1.3.0 (SwiftShader Device (Subzero) (0x0000C0DE)), SwiftShader driver)","Mozilla/5.0 (Windows NT 10.0; Win64; x64) AppleWebKit/537.36 (KHTML, like Gecko) HeadlessChrome/151.0.7922.34 Safari/537.36","Windows_NT 10.0.26200 x64","AMD Ryzen 7 5800H with Radeon Graphics         ","151.0.7922.34"
"1","guarded","38","0","1","0","2026-08-21T22:59:59.279Z","ANGLE (Google, Vulkan 1.3.0 (SwiftShader Device (Subzero) (0x0000C0DE)), SwiftShader driver)","Mozilla/5.0 (Windows NT 10.0; Win64; x64) AppleWebKit/537.36 (KHTML, like Gecko) HeadlessChrome/151.0.7922.34 Safari/537.36","Windows_NT 10.0.26200 x64","AMD Ryzen 7 5800H with Radeon Graphics         ","151.0.7922.34"
"1","guarded","39","0","1","0","2026-08-21T22:59:59.279Z","ANGLE (Google, Vulkan 1.3.0 (SwiftShader Device (Subzero) (0x0000C0DE)), SwiftShader driver)","Mozilla/5.0 (Windows NT 10.0; Win64; x64) AppleWebKit/537.36 (KHTML, like Gecko) HeadlessChrome/151.0.7922.34 Safari/537.36","Windows_NT 10.0.26200 x64","AMD Ryzen 7 5800H with Radeon Graphics         ","151.0.7922.34"
"1","guarded","40","0","1","0","2026-08-21T22:59:59.279Z","ANGLE (Google, Vulkan 1.3.0 (SwiftShader Device (Subzero) (0x0000C0DE)), SwiftShader driver)","Mozilla/5.0 (Windows NT 10.0; Win64; x64) AppleWebKit/537.36 (KHTML, like Gecko) HeadlessChrome/151.0.7922.34 Safari/537.36","Windows_NT 10.0.26200 x64","AMD Ryzen 7 5800H with Radeon Graphics         ","151.0.7922.34"
"1","guarded","41","0","1","0","2026-08-21T22:59:59.279Z","ANGLE (Google, Vulkan 1.3.0 (SwiftShader Device (Subzero) (0x0000C0DE)), SwiftShader driver)","Mozilla/5.0 (Windows NT 10.0; Win64; x64) AppleWebKit/537.36 (KHTML, like Gecko) HeadlessChrome/151.0.7922.34 Safari/537.36","Windows_NT 10.0.26200 x64","AMD Ryzen 7 5800H with Radeon Graphics         ","151.0.7922.34"
"1","guarded","42","0","1","0","2026-08-21T22:59:59.279Z","ANGLE (Google, Vulkan 1.3.0 (SwiftShader Device (Subzero) (0x0000C0DE)), SwiftShader driver)","Mozilla/5.0 (Windows NT 10.0; Win64; x64) AppleWebKit/537.36 (KHTML, like Gecko) HeadlessChrome/151.0.7922.34 Safari/537.36","Windows_NT 10.0.26200 x64","AMD Ryzen 7 5800H with Radeon Graphics         ","151.0.7922.34"
"1","guarded","43","0","1","0","2026-08-21T22:59:59.279Z","ANGLE (Google, Vulkan 1.3.0 (SwiftShader Device (Subzero) (0x0000C0DE)), SwiftShader driver)","Mozilla/5.0 (Windows NT 10.0; Win64; x64) AppleWebKit/537.36 (KHTML, like Gecko) HeadlessChrome/151.0.7922.34 Safari/537.36","Windows_NT 10.0.26200 x64","AMD Ryzen 7 5800H with Radeon Graphics         ","151.0.7922.34"
"1","guarded","44","0","1","0","2026-08-21T22:59:59.279Z","ANGLE (Google, Vulkan 1.3.0 (SwiftShader Device (Subzero) (0x0000C0DE)), SwiftShader driver)","Mozilla/5.0 (Windows NT 10.0; Win64; x64) AppleWebKit/537.36 (KHTML, like Gecko) HeadlessChrome/151.0.7922.34 Safari/537.36","Windows_NT 10.0.26200 x64","AMD Ryzen 7 5800H with Radeon Graphics         ","151.0.7922.34"
"1","guarded","45","0","1","0","2026-08-21T22:59:59.279Z","ANGLE (Google, Vulkan 1.3.0 (SwiftShader Device (Subzero) (0x0000C0DE)), SwiftShader driver)","Mozilla/5.0 (Windows NT 10.0; Win64; x64) AppleWebKit/537.36 (KHTML, like Gecko) HeadlessChrome/151.0.7922.34 Safari/537.36","Windows_NT 10.0.26200 x64","AMD Ryzen 7 5800H with Radeon Graphics         ","151.0.7922.34"
"1","guarded","46","0","1","0","2026-08-21T22:59:59.279Z","ANGLE (Google, Vulkan 1.3.0 (SwiftShader Device (Subzero) (0x0000C0DE)), SwiftShader driver)","Mozilla/5.0 (Windows NT 10.0; Win64; x64) AppleWebKit/537.36 (KHTML, like Gecko) HeadlessChrome/151.0.7922.34 Safari/537.36","Windows_NT 10.0.26200 x64","AMD Ryzen 7 5800H with Radeon Graphics         ","151.0.7922.34"
"1","guarded","47","0","1","0","2026-08-21T22:59:59.279Z","ANGLE (Google, Vulkan 1.3.0 (SwiftShader Device (Subzero) (0x0000C0DE)), SwiftShader driver)","Mozilla/5.0 (Windows NT 10.0; Win64; x64) AppleWebKit/537.36 (KHTML, like Gecko) HeadlessChrome/151.0.7922.34 Safari/537.36","Windows_NT 10.0.26200 x64","AMD Ryzen 7 5800H with Radeon Graphics         ","151.0.7922.34"
"1","guarded","48","0","1","0","2026-08-21T22:59:59.279Z","ANGLE (Google, Vulkan 1.3.0 (SwiftShader Device (Subzero) (0x0000C0DE)), SwiftShader driver)","Mozilla/5.0 (Windows NT 10.0; Win64; x64) AppleWebKit/537.36 (KHTML, like Gecko) HeadlessChrome/151.0.7922.34 Safari/537.36","Windows_NT 10.0.26200 x64","AMD Ryzen 7 5800H with Radeon Graphics         ","151.0.7922.34"
"1","guarded","49","0","1","0","2026-08-21T22:59:59.279Z","ANGLE (Google, Vulkan 1.3.0 (SwiftShader Device (Subzero) (0x0000C0DE)), SwiftShader driver)","Mozilla/5.0 (Windows NT 10.0; Win64; x64) AppleWebKit/537.36 (KHTML, like Gecko) HeadlessChrome/151.0.7922.34 Safari/537.36","Windows_NT 10.0.26200 x64","AMD Ryzen 7 5800H with Radeon Graphics         ","151.0.7922.34"
"1","guarded","50","0","1","0","2026-08-21T22:59:59.279Z","ANGLE (Google, Vulkan 1.3.0 (SwiftShader Device (Subzero) (0x0000C0DE)), SwiftShader driver)","Mozilla/5.0 (Windows NT 10.0; Win64; x64) AppleWebKit/537.36 (KHTML, like Gecko) HeadlessChrome/151.0.7922.34 Safari/537.36","Windows_NT 10.0.26200 x64","AMD Ryzen 7 5800H with Radeon Graphics         ","151.0.7922.34"
"2","unmanaged","1","4","5","1","2026-08-21T23:00:04.554Z","ANGLE (Google, Vulkan 1.3.0 (SwiftShader Device (Subzero) (0x0000C0DE)), SwiftShader driver)","Mozilla/5.0 (Windows NT 10.0; Win64; x64) AppleWebKit/537.36 (KHTML, like Gecko) HeadlessChrome/151.0.7922.34 Safari/537.36","Windows_NT 10.0.26200 x64","AMD Ryzen 7 5800H with Radeon Graphics         ","151.0.7922.34"
"2","unmanaged","2","8","9","1","2026-08-21T23:00:04.554Z","ANGLE (Google, Vulkan 1.3.0 (SwiftShader Device (Subzero) (0x0000C0DE)), SwiftShader driver)","Mozilla/5.0 (Windows NT 10.0; Win64; x64) AppleWebKit/537.36 (KHTML, like Gecko) HeadlessChrome/151.0.7922.34 Safari/537.36","Windows_NT 10.0.26200 x64","AMD Ryzen 7 5800H with Radeon Graphics         ","151.0.7922.34"
"2","unmanaged","3","12","13","1","2026-08-21T23:00:04.554Z","ANGLE (Google, Vulkan 1.3.0 (SwiftShader Device (Subzero) (0x0000C0DE)), SwiftShader driver)","Mozilla/5.0 (Windows NT 10.0; Win64; x64) AppleWebKit/537.36 (KHTML, like Gecko) HeadlessChrome/151.0.7922.34 Safari/537.36","Windows_NT 10.0.26200 x64","AMD Ryzen 7 5800H with Radeon Graphics         ","151.0.7922.34"
"2","unmanaged","4","16","17","1","2026-08-21T23:00:04.554Z","ANGLE (Google, Vulkan 1.3.0 (SwiftShader Device (Subzero) (0x0000C0DE)), SwiftShader driver)","Mozilla/5.0 (Windows NT 10.0; Win64; x64) AppleWebKit/537.36 (KHTML, like Gecko) HeadlessChrome/151.0.7922.34 Safari/537.36","Windows_NT 10.0.26200 x64","AMD Ryzen 7 5800H with Radeon Graphics         ","151.0.7922.34"
"2","unmanaged","5","20","21","1","2026-08-21T23:00:04.554Z","ANGLE (Google, Vulkan 1.3.0 (SwiftShader Device (Subzero) (0x0000C0DE)), SwiftShader driver)","Mozilla/5.0 (Windows NT 10.0; Win64; x64) AppleWebKit/537.36 (KHTML, like Gecko) HeadlessChrome/151.0.7922.34 Safari/537.36","Windows_NT 10.0.26200 x64","AMD Ryzen 7 5800H with Radeon Graphics         ","151.0.7922.34"
"2","unmanaged","6","24","25","1","2026-08-21T23:00:04.554Z","ANGLE (Google, Vulkan 1.3.0 (SwiftShader Device (Subzero) (0x0000C0DE)), SwiftShader driver)","Mozilla/5.0 (Windows NT 10.0; Win64; x64) AppleWebKit/537.36 (KHTML, like Gecko) HeadlessChrome/151.0.7922.34 Safari/537.36","Windows_NT 10.0.26200 x64","AMD Ryzen 7 5800H with Radeon Graphics         ","151.0.7922.34"
"2","unmanaged","7","28","29","1","2026-08-21T23:00:04.554Z","ANGLE (Google, Vulkan 1.3.0 (SwiftShader Device (Subzero) (0x0000C0DE)), SwiftShader driver)","Mozilla/5.0 (Windows NT 10.0; Win64; x64) AppleWebKit/537.36 (KHTML, like Gecko) HeadlessChrome/151.0.7922.34 Safari/537.36","Windows_NT 10.0.26200 x64","AMD Ryzen 7 5800H with Radeon Graphics         ","151.0.7922.34"
"2","unmanaged","8","32","33","1","2026-08-21T23:00:04.554Z","ANGLE (Google, Vulkan 1.3.0 (SwiftShader Device (Subzero) (0x0000C0DE)), SwiftShader driver)","Mozilla/5.0 (Windows NT 10.0; Win64; x64) AppleWebKit/537.36 (KHTML, like Gecko) HeadlessChrome/151.0.7922.34 Safari/537.36","Windows_NT 10.0.26200 x64","AMD Ryzen 7 5800H with Radeon Graphics         ","151.0.7922.34"
"2","unmanaged","9","36","37","1","2026-08-21T23:00:04.554Z","ANGLE (Google, Vulkan 1.3.0 (SwiftShader Device (Subzero) (0x0000C0DE)), SwiftShader driver)","Mozilla/5.0 (Windows NT 10.0; Win64; x64) AppleWebKit/537.36 (KHTML, like Gecko) HeadlessChrome/151.0.7922.34 Safari/537.36","Windows_NT 10.0.26200 x64","AMD Ryzen 7 5800H with Radeon Graphics         ","151.0.7922.34"
"2","unmanaged","10","40","41","1","2026-08-21T23:00:04.554Z","ANGLE (Google, Vulkan 1.3.0 (SwiftShader Device (Subzero) (0x0000C0DE)), SwiftShader driver)","Mozilla/5.0 (Windows NT 10.0; Win64; x64) AppleWebKit/537.36 (KHTML, like Gecko) HeadlessChrome/151.0.7922.34 Safari/537.36","Windows_NT 10.0.26200 x64","AMD Ryzen 7 5800H with Radeon Graphics         ","151.0.7922.34"
"2","unmanaged","11","44","45","1","2026-08-21T23:00:04.554Z","ANGLE (Google, Vulkan 1.3.0 (SwiftShader Device (Subzero) (0x0000C0DE)), SwiftShader driver)","Mozilla/5.0 (Windows NT 10.0; Win64; x64) AppleWebKit/537.36 (KHTML, like Gecko) HeadlessChrome/151.0.7922.34 Safari/537.36","Windows_NT 10.0.26200 x64","AMD Ryzen 7 5800H with Radeon Graphics         ","151.0.7922.34"
"2","unmanaged","12","48","49","1","2026-08-21T23:00:04.554Z","ANGLE (Google, Vulkan 1.3.0 (SwiftShader Device (Subzero) (0x0000C0DE)), SwiftShader driver)","Mozilla/5.0 (Windows NT 10.0; Win64; x64) AppleWebKit/537.36 (KHTML, like Gecko) HeadlessChrome/151.0.7922.34 Safari/537.36","Windows_NT 10.0.26200 x64","AMD Ryzen 7 5800H with Radeon Graphics         ","151.0.7922.34"
"2","unmanaged","13","52","53","1","2026-08-21T23:00:04.554Z","ANGLE (Google, Vulkan 1.3.0 (SwiftShader Device (Subzero) (0x0000C0DE)), SwiftShader driver)","Mozilla/5.0 (Windows NT 10.0; Win64; x64) AppleWebKit/537.36 (KHTML, like Gecko) HeadlessChrome/151.0.7922.34 Safari/537.36","Windows_NT 10.0.26200 x64","AMD Ryzen 7 5800H with Radeon Graphics         ","151.0.7922.34"
"2","unmanaged","14","56","57","1","2026-08-21T23:00:04.554Z","ANGLE (Google, Vulkan 1.3.0 (SwiftShader Device (Subzero) (0x0000C0DE)), SwiftShader driver)","Mozilla/5.0 (Windows NT 10.0; Win64; x64) AppleWebKit/537.36 (KHTML, like Gecko) HeadlessChrome/151.0.7922.34 Safari/537.36","Windows_NT 10.0.26200 x64","AMD Ryzen 7 5800H with Radeon Graphics         ","151.0.7922.34"
"2","unmanaged","15","60","61","1","2026-08-21T23:00:04.554Z","ANGLE (Google, Vulkan 1.3.0 (SwiftShader Device (Subzero) (0x0000C0DE)), SwiftShader driver)","Mozilla/5.0 (Windows NT 10.0; Win64; x64) AppleWebKit/537.36 (KHTML, like Gecko) HeadlessChrome/151.0.7922.34 Safari/537.36","Windows_NT 10.0.26200 x64","AMD Ryzen 7 5800H with Radeon Graphics         ","151.0.7922.34"
"2","unmanaged","16","64","65","1","2026-08-21T23:00:04.554Z","ANGLE (Google, Vulkan 1.3.0 (SwiftShader Device (Subzero) (0x0000C0DE)), SwiftShader driver)","Mozilla/5.0 (Windows NT 10.0; Win64; x64) AppleWebKit/537.36 (KHTML, like Gecko) HeadlessChrome/151.0.7922.34 Safari/537.36","Windows_NT 10.0.26200 x64","AMD Ryzen 7 5800H with Radeon Graphics         ","151.0.7922.34"
"2","unmanaged","17","68","69","1","2026-08-21T23:00:04.554Z","ANGLE (Google, Vulkan 1.3.0 (SwiftShader Device (Subzero) (0x0000C0DE)), SwiftShader driver)","Mozilla/5.0 (Windows NT 10.0; Win64; x64) AppleWebKit/537.36 (KHTML, like Gecko) HeadlessChrome/151.0.7922.34 Safari/537.36","Windows_NT 10.0.26200 x64","AMD Ryzen 7 5800H with Radeon Graphics         ","151.0.7922.34"
"2","unmanaged","18","72","73","1","2026-08-21T23:00:04.554Z","ANGLE (Google, Vulkan 1.3.0 (SwiftShader Device (Subzero) (0x0000C0DE)), SwiftShader driver)","Mozilla/5.0 (Windows NT 10.0; Win64; x64) AppleWebKit/537.36 (KHTML, like Gecko) HeadlessChrome/151.0.7922.34 Safari/537.36","Windows_NT 10.0.26200 x64","AMD Ryzen 7 5800H with Radeon Graphics         ","151.0.7922.34"
"2","unmanaged","19","76","77","1","2026-08-21T23:00:04.554Z","ANGLE (Google, Vulkan 1.3.0 (SwiftShader Device (Subzero) (0x0000C0DE)), SwiftShader driver)","Mozilla/5.0 (Windows NT 10.0; Win64; x64) AppleWebKit/537.36 (KHTML, like Gecko) HeadlessChrome/151.0.7922.34 Safari/537.36","Windows_NT 10.0.26200 x64","AMD Ryzen 7 5800H with Radeon Graphics         ","151.0.7922.34"
"2","unmanaged","20","80","81","1","2026-08-21T23:00:04.554Z","ANGLE (Google, Vulkan 1.3.0 (SwiftShader Device (Subzero) (0x0000C0DE)), SwiftShader driver)","Mozilla/5.0 (Windows NT 10.0; Win64; x64) AppleWebKit/537.36 (KHTML, like Gecko) HeadlessChrome/151.0.7922.34 Safari/537.36","Windows_NT 10.0.26200 x64","AMD Ryzen 7 5800H with Radeon Graphics         ","151.0.7922.34"
"2","unmanaged","21","84","85","1","2026-08-21T23:00:04.554Z","ANGLE (Google, Vulkan 1.3.0 (SwiftShader Device (Subzero) (0x0000C0DE)), SwiftShader driver)","Mozilla/5.0 (Windows NT 10.0; Win64; x64) AppleWebKit/537.36 (KHTML, like Gecko) HeadlessChrome/151.0.7922.34 Safari/537.36","Windows_NT 10.0.26200 x64","AMD Ryzen 7 5800H with Radeon Graphics         ","151.0.7922.34"
"2","unmanaged","22","88","89","1","2026-08-21T23:00:04.554Z","ANGLE (Google, Vulkan 1.3.0 (SwiftShader Device (Subzero) (0x0000C0DE)), SwiftShader driver)","Mozilla/5.0 (Windows NT 10.0; Win64; x64) AppleWebKit/537.36 (KHTML, like Gecko) HeadlessChrome/151.0.7922.34 Safari/537.36","Windows_NT 10.0.26200 x64","AMD Ryzen 7 5800H with Radeon Graphics         ","151.0.7922.34"
"2","unmanaged","23","92","93","1","2026-08-21T23:00:04.554Z","ANGLE (Google, Vulkan 1.3.0 (SwiftShader Device (Subzero) (0x0000C0DE)), SwiftShader driver)","Mozilla/5.0 (Windows NT 10.0; Win64; x64) AppleWebKit/537.36 (KHTML, like Gecko) HeadlessChrome/151.0.7922.34 Safari/537.36","Windows_NT 10.0.26200 x64","AMD Ryzen 7 5800H with Radeon Graphics         ","151.0.7922.34"
"2","unmanaged","24","96","97","1","2026-08-21T23:00:04.554Z","ANGLE (Google, Vulkan 1.3.0 (SwiftShader Device (Subzero) (0x0000C0DE)), SwiftShader driver)","Mozilla/5.0 (Windows NT 10.0; Win64; x64) AppleWebKit/537.36 (KHTML, like Gecko) HeadlessChrome/151.0.7922.34 Safari/537.36","Windows_NT 10.0.26200 x64","AMD Ryzen 7 5800H with Radeon Graphics         ","151.0.7922.34"
"2","unmanaged","25","100","101","1","2026-08-21T23:00:04.554Z","ANGLE (Google, Vulkan 1.3.0 (SwiftShader Device (Subzero) (0x0000C0DE)), SwiftShader driver)","Mozilla/5.0 (Windows NT 10.0; Win64; x64) AppleWebKit/537.36 (KHTML, like Gecko) HeadlessChrome/151.0.7922.34 Safari/537.36","Windows_NT 10.0.26200 x64","AMD Ryzen 7 5800H with Radeon Graphics         ","151.0.7922.34"
"2","unmanaged","26","104","105","1","2026-08-21T23:00:04.554Z","ANGLE (Google, Vulkan 1.3.0 (SwiftShader Device (Subzero) (0x0000C0DE)), SwiftShader driver)","Mozilla/5.0 (Windows NT 10.0; Win64; x64) AppleWebKit/537.36 (KHTML, like Gecko) HeadlessChrome/151.0.7922.34 Safari/537.36","Windows_NT 10.0.26200 x64","AMD Ryzen 7 5800H with Radeon Graphics         ","151.0.7922.34"
"2","unmanaged","27","108","109","1","2026-08-21T23:00:04.554Z","ANGLE (Google, Vulkan 1.3.0 (SwiftShader Device (Subzero) (0x0000C0DE)), SwiftShader driver)","Mozilla/5.0 (Windows NT 10.0; Win64; x64) AppleWebKit/537.36 (KHTML, like Gecko) HeadlessChrome/151.0.7922.34 Safari/537.36","Windows_NT 10.0.26200 x64","AMD Ryzen 7 5800H with Radeon Graphics         ","151.0.7922.34"
"2","unmanaged","28","112","113","1","2026-08-21T23:00:04.554Z","ANGLE (Google, Vulkan 1.3.0 (SwiftShader Device (Subzero) (0x0000C0DE)), SwiftShader driver)","Mozilla/5.0 (Windows NT 10.0; Win64; x64) AppleWebKit/537.36 (KHTML, like Gecko) HeadlessChrome/151.0.7922.34 Safari/537.36","Windows_NT 10.0.26200 x64","AMD Ryzen 7 5800H with Radeon Graphics         ","151.0.7922.34"
"2","unmanaged","29","116","117","1","2026-08-21T23:00:04.554Z","ANGLE (Google, Vulkan 1.3.0 (SwiftShader Device (Subzero) (0x0000C0DE)), SwiftShader driver)","Mozilla/5.0 (Windows NT 10.0; Win64; x64) AppleWebKit/537.36 (KHTML, like Gecko) HeadlessChrome/151.0.7922.34 Safari/537.36","Windows_NT 10.0.26200 x64","AMD Ryzen 7 5800H with Radeon Graphics         ","151.0.7922.34"
"2","unmanaged","30","120","121","1","2026-08-21T23:00:04.554Z","ANGLE (Google, Vulkan 1.3.0 (SwiftShader Device (Subzero) (0x0000C0DE)), SwiftShader driver)","Mozilla/5.0 (Windows NT 10.0; Win64; x64) AppleWebKit/537.36 (KHTML, like Gecko) HeadlessChrome/151.0.7922.34 Safari/537.36","Windows_NT 10.0.26200 x64","AMD Ryzen 7 5800H with Radeon Graphics         ","151.0.7922.34"
"2","unmanaged","31","124","125","1","2026-08-21T23:00:04.554Z","ANGLE (Google, Vulkan 1.3.0 (SwiftShader Device (Subzero) (0x0000C0DE)), SwiftShader driver)","Mozilla/5.0 (Windows NT 10.0; Win64; x64) AppleWebKit/537.36 (KHTML, like Gecko) HeadlessChrome/151.0.7922.34 Safari/537.36","Windows_NT 10.0.26200 x64","AMD Ryzen 7 5800H with Radeon Graphics         ","151.0.7922.34"
"2","unmanaged","32","128","129","1","2026-08-21T23:00:04.554Z","ANGLE (Google, Vulkan 1.3.0 (SwiftShader Device (Subzero) (0x0000C0DE)), SwiftShader driver)","Mozilla/5.0 (Windows NT 10.0; Win64; x64) AppleWebKit/537.36 (KHTML, like Gecko) HeadlessChrome/151.0.7922.34 Safari/537.36","Windows_NT 10.0.26200 x64","AMD Ryzen 7 5800H with Radeon Graphics         ","151.0.7922.34"
"2","unmanaged","33","132","133","1","2026-08-21T23:00:04.554Z","ANGLE (Google, Vulkan 1.3.0 (SwiftShader Device (Subzero) (0x0000C0DE)), SwiftShader driver)","Mozilla/5.0 (Windows NT 10.0; Win64; x64) AppleWebKit/537.36 (KHTML, like Gecko) HeadlessChrome/151.0.7922.34 Safari/537.36","Windows_NT 10.0.26200 x64","AMD Ryzen 7 5800H with Radeon Graphics         ","151.0.7922.34"
"2","unmanaged","34","136","137","1","2026-08-21T23:00:04.554Z","ANGLE (Google, Vulkan 1.3.0 (SwiftShader Device (Subzero) (0x0000C0DE)), SwiftShader driver)","Mozilla/5.0 (Windows NT 10.0; Win64; x64) AppleWebKit/537.36 (KHTML, like Gecko) HeadlessChrome/151.0.7922.34 Safari/537.36","Windows_NT 10.0.26200 x64","AMD Ryzen 7 5800H with Radeon Graphics         ","151.0.7922.34"
"2","unmanaged","35","140","141","1","2026-08-21T23:00:04.554Z","ANGLE (Google, Vulkan 1.3.0 (SwiftShader Device (Subzero) (0x0000C0DE)), SwiftShader driver)","Mozilla/5.0 (Windows NT 10.0; Win64; x64) AppleWebKit/537.36 (KHTML, like Gecko) HeadlessChrome/151.0.7922.34 Safari/537.36","Windows_NT 10.0.26200 x64","AMD Ryzen 7 5800H with Radeon Graphics         ","151.0.7922.34"
"2","unmanaged","36","144","145","1","2026-08-21T23:00:04.554Z","ANGLE (Google, Vulkan 1.3.0 (SwiftShader Device (Subzero) (0x0000C0DE)), SwiftShader driver)","Mozilla/5.0 (Windows NT 10.0; Win64; x64) AppleWebKit/537.36 (KHTML, like Gecko) HeadlessChrome/151.0.7922.34 Safari/537.36","Windows_NT 10.0.26200 x64","AMD Ryzen 7 5800H with Radeon Graphics         ","151.0.7922.34"
"2","unmanaged","37","148","149","1","2026-08-21T23:00:04.554Z","ANGLE (Google, Vulkan 1.3.0 (SwiftShader Device (Subzero) (0x0000C0DE)), SwiftShader driver)","Mozilla/5.0 (Windows NT 10.0; Win64; x64) AppleWebKit/537.36 (KHTML, like Gecko) HeadlessChrome/151.0.7922.34 Safari/537.36","Windows_NT 10.0.26200 x64","AMD Ryzen 7 5800H with Radeon Graphics         ","151.0.7922.34"
"2","unmanaged","38","152","153","1","2026-08-21T23:00:04.554Z","ANGLE (Google, Vulkan 1.3.0 (SwiftShader Device (Subzero) (0x0000C0DE)), SwiftShader driver)","Mozilla/5.0 (Windows NT 10.0; Win64; x64) AppleWebKit/537.36 (KHTML, like Gecko) HeadlessChrome/151.0.7922.34 Safari/537.36","Windows_NT 10.0.26200 x64","AMD Ryzen 7 5800H with Radeon Graphics         ","151.0.7922.34"
"2","unmanaged","39","156","157","1","2026-08-21T23:00:04.554Z","ANGLE (Google, Vulkan 1.3.0 (SwiftShader Device (Subzero) (0x0000C0DE)), SwiftShader driver)","Mozilla/5.0 (Windows NT 10.0; Win64; x64) AppleWebKit/537.36 (KHTML, like Gecko) HeadlessChrome/151.0.7922.34 Safari/537.36","Windows_NT 10.0.26200 x64","AMD Ryzen 7 5800H with Radeon Graphics         ","151.0.7922.34"
"2","unmanaged","40","160","161","1","2026-08-21T23:00:04.554Z","ANGLE (Google, Vulkan 1.3.0 (SwiftShader Device (Subzero) (0x0000C0DE)), SwiftShader driver)","Mozilla/5.0 (Windows NT 10.0; Win64; x64) AppleWebKit/537.36 (KHTML, like Gecko) HeadlessChrome/151.0.7922.34 Safari/537.36","Windows_NT 10.0.26200 x64","AMD Ryzen 7 5800H with Radeon Graphics         ","151.0.7922.34"
"2","unmanaged","41","164","165","1","2026-08-21T23:00:04.554Z","ANGLE (Google, Vulkan 1.3.0 (SwiftShader Device (Subzero) (0x0000C0DE)), SwiftShader driver)","Mozilla/5.0 (Windows NT 10.0; Win64; x64) AppleWebKit/537.36 (KHTML, like Gecko) HeadlessChrome/151.0.7922.34 Safari/537.36","Windows_NT 10.0.26200 x64","AMD Ryzen 7 5800H with Radeon Graphics         ","151.0.7922.34"
"2","unmanaged","42","168","169","1","2026-08-21T23:00:04.554Z","ANGLE (Google, Vulkan 1.3.0 (SwiftShader Device (Subzero) (0x0000C0DE)), SwiftShader driver)","Mozilla/5.0 (Windows NT 10.0; Win64; x64) AppleWebKit/537.36 (KHTML, like Gecko) HeadlessChrome/151.0.7922.34 Safari/537.36","Windows_NT 10.0.26200 x64","AMD Ryzen 7 5800H with Radeon Graphics         ","151.0.7922.34"
"2","unmanaged","43","172","173","1","2026-08-21T23:00:04.554Z","ANGLE (Google, Vulkan 1.3.0 (SwiftShader Device (Subzero) (0x0000C0DE)), SwiftShader driver)","Mozilla/5.0 (Windows NT 10.0; Win64; x64) AppleWebKit/537.36 (KHTML, like Gecko) HeadlessChrome/151.0.7922.34 Safari/537.36","Windows_NT 10.0.26200 x64","AMD Ryzen 7 5800H with Radeon Graphics         ","151.0.7922.34"
"2","unmanaged","44","176","177","1","2026-08-21T23:00:04.554Z","ANGLE (Google, Vulkan 1.3.0 (SwiftShader Device (Subzero) (0x0000C0DE)), SwiftShader driver)","Mozilla/5.0 (Windows NT 10.0; Win64; x64) AppleWebKit/537.36 (KHTML, like Gecko) HeadlessChrome/151.0.7922.34 Safari/537.36","Windows_NT 10.0.26200 x64","AMD Ryzen 7 5800H with Radeon Graphics         ","151.0.7922.34"
"2","unmanaged","45","180","181","1","2026-08-21T23:00:04.554Z","ANGLE (Google, Vulkan 1.3.0 (SwiftShader Device (Subzero) (0x0000C0DE)), SwiftShader driver)","Mozilla/5.0 (Windows NT 10.0; Win64; x64) AppleWebKit/537.36 (KHTML, like Gecko) HeadlessChrome/151.0.7922.34 Safari/537.36","Windows_NT 10.0.26200 x64","AMD Ryzen 7 5800H with Radeon Graphics         ","151.0.7922.34"
"2","unmanaged","46","184","185","1","2026-08-21T23:00:04.554Z","ANGLE (Google, Vulkan 1.3.0 (SwiftShader Device (Subzero) (0x0000C0DE)), SwiftShader driver)","Mozilla/5.0 (Windows NT 10.0; Win64; x64) AppleWebKit/537.36 (KHTML, like Gecko) HeadlessChrome/151.0.7922.34 Safari/537.36","Windows_NT 10.0.26200 x64","AMD Ryzen 7 5800H with Radeon Graphics         ","151.0.7922.34"
"2","unmanaged","47","188","189","1","2026-08-21T23:00:04.554Z","ANGLE (Google, Vulkan 1.3.0 (SwiftShader Device (Subzero) (0x0000C0DE)), SwiftShader driver)","Mozilla/5.0 (Windows NT 10.0; Win64; x64) AppleWebKit/537.36 (KHTML, like Gecko) HeadlessChrome/151.0.7922.34 Safari/537.36","Windows_NT 10.0.26200 x64","AMD Ryzen 7 5800H with Radeon Graphics         ","151.0.7922.34"
"2","unmanaged","48","192","193","1","2026-08-21T23:00:04.554Z","ANGLE (Google, Vulkan 1.3.0 (SwiftShader Device (Subzero) (0x0000C0DE)), SwiftShader driver)","Mozilla/5.0 (Windows NT 10.0; Win64; x64) AppleWebKit/537.36 (KHTML, like Gecko) HeadlessChrome/151.0.7922.34 Safari/537.36","Windows_NT 10.0.26200 x64","AMD Ryzen 7 5800H with Radeon Graphics         ","151.0.7922.34"
"2","unmanaged","49","196","197","1","2026-08-21T23:00:04.554Z","ANGLE (Google, Vulkan 1.3.0 (SwiftShader Device (Subzero) (0x0000C0DE)), SwiftShader driver)","Mozilla/5.0 (Windows NT 10.0; Win64; x64) AppleWebKit/537.36 (KHTML, like Gecko) HeadlessChrome/151.0.7922.34 Safari/537.36","Windows_NT 10.0.26200 x64","AMD Ryzen 7 5800H with Radeon Graphics         ","151.0.7922.34"
"2","unmanaged","50","200","201","1","2026-08-21T23:00:04.554Z","ANGLE (Google, Vulkan 1.3.0 (SwiftShader Device (Subzero) (0x0000C0DE)), SwiftShader driver)","Mozilla/5.0 (Windows NT 10.0; Win64; x64) AppleWebKit/537.36 (KHTML, like Gecko) HeadlessChrome/151.0.7922.34 Safari/537.36","Windows_NT 10.0.26200 x64","AMD Ryzen 7 5800H with Radeon Graphics         ","151.0.7922.34"
"2","naive","1","0","1","0","2026-08-21T23:00:04.554Z","ANGLE (Google, Vulkan 1.3.0 (SwiftShader Device (Subzero) (0x0000C0DE)), SwiftShader driver)","Mozilla/5.0 (Windows NT 10.0; Win64; x64) AppleWebKit/537.36 (KHTML, like Gecko) HeadlessChrome/151.0.7922.34 Safari/537.36","Windows_NT 10.0.26200 x64","AMD Ryzen 7 5800H with Radeon Graphics         ","151.0.7922.34"
"2","naive","2","0","1","0","2026-08-21T23:00:04.554Z","ANGLE (Google, Vulkan 1.3.0 (SwiftShader Device (Subzero) (0x0000C0DE)), SwiftShader driver)","Mozilla/5.0 (Windows NT 10.0; Win64; x64) AppleWebKit/537.36 (KHTML, like Gecko) HeadlessChrome/151.0.7922.34 Safari/537.36","Windows_NT 10.0.26200 x64","AMD Ryzen 7 5800H with Radeon Graphics         ","151.0.7922.34"
"2","naive","3","0","1","0","2026-08-21T23:00:04.554Z","ANGLE (Google, Vulkan 1.3.0 (SwiftShader Device (Subzero) (0x0000C0DE)), SwiftShader driver)","Mozilla/5.0 (Windows NT 10.0; Win64; x64) AppleWebKit/537.36 (KHTML, like Gecko) HeadlessChrome/151.0.7922.34 Safari/537.36","Windows_NT 10.0.26200 x64","AMD Ryzen 7 5800H with Radeon Graphics         ","151.0.7922.34"
"2","naive","4","0","1","0","2026-08-21T23:00:04.554Z","ANGLE (Google, Vulkan 1.3.0 (SwiftShader Device (Subzero) (0x0000C0DE)), SwiftShader driver)","Mozilla/5.0 (Windows NT 10.0; Win64; x64) AppleWebKit/537.36 (KHTML, like Gecko) HeadlessChrome/151.0.7922.34 Safari/537.36","Windows_NT 10.0.26200 x64","AMD Ryzen 7 5800H with Radeon Graphics         ","151.0.7922.34"
"2","naive","5","0","1","0","2026-08-21T23:00:04.554Z","ANGLE (Google, Vulkan 1.3.0 (SwiftShader Device (Subzero) (0x0000C0DE)), SwiftShader driver)","Mozilla/5.0 (Windows NT 10.0; Win64; x64) AppleWebKit/537.36 (KHTML, like Gecko) HeadlessChrome/151.0.7922.34 Safari/537.36","Windows_NT 10.0.26200 x64","AMD Ryzen 7 5800H with Radeon Graphics         ","151.0.7922.34"
"2","naive","6","0","1","0","2026-08-21T23:00:04.554Z","ANGLE (Google, Vulkan 1.3.0 (SwiftShader Device (Subzero) (0x0000C0DE)), SwiftShader driver)","Mozilla/5.0 (Windows NT 10.0; Win64; x64) AppleWebKit/537.36 (KHTML, like Gecko) HeadlessChrome/151.0.7922.34 Safari/537.36","Windows_NT 10.0.26200 x64","AMD Ryzen 7 5800H with Radeon Graphics         ","151.0.7922.34"
"2","naive","7","0","1","0","2026-08-21T23:00:04.554Z","ANGLE (Google, Vulkan 1.3.0 (SwiftShader Device (Subzero) (0x0000C0DE)), SwiftShader driver)","Mozilla/5.0 (Windows NT 10.0; Win64; x64) AppleWebKit/537.36 (KHTML, like Gecko) HeadlessChrome/151.0.7922.34 Safari/537.36","Windows_NT 10.0.26200 x64","AMD Ryzen 7 5800H with Radeon Graphics         ","151.0.7922.34"
"2","naive","8","0","1","0","2026-08-21T23:00:04.554Z","ANGLE (Google, Vulkan 1.3.0 (SwiftShader Device (Subzero) (0x0000C0DE)), SwiftShader driver)","Mozilla/5.0 (Windows NT 10.0; Win64; x64) AppleWebKit/537.36 (KHTML, like Gecko) HeadlessChrome/151.0.7922.34 Safari/537.36","Windows_NT 10.0.26200 x64","AMD Ryzen 7 5800H with Radeon Graphics         ","151.0.7922.34"
"2","naive","9","0","1","0","2026-08-21T23:00:04.554Z","ANGLE (Google, Vulkan 1.3.0 (SwiftShader Device (Subzero) (0x0000C0DE)), SwiftShader driver)","Mozilla/5.0 (Windows NT 10.0; Win64; x64) AppleWebKit/537.36 (KHTML, like Gecko) HeadlessChrome/151.0.7922.34 Safari/537.36","Windows_NT 10.0.26200 x64","AMD Ryzen 7 5800H with Radeon Graphics         ","151.0.7922.34"
"2","naive","10","0","1","0","2026-08-21T23:00:04.554Z","ANGLE (Google, Vulkan 1.3.0 (SwiftShader Device (Subzero) (0x0000C0DE)), SwiftShader driver)","Mozilla/5.0 (Windows NT 10.0; Win64; x64) AppleWebKit/537.36 (KHTML, like Gecko) HeadlessChrome/151.0.7922.34 Safari/537.36","Windows_NT 10.0.26200 x64","AMD Ryzen 7 5800H with Radeon Graphics         ","151.0.7922.34"
"2","naive","11","0","1","0","2026-08-21T23:00:04.554Z","ANGLE (Google, Vulkan 1.3.0 (SwiftShader Device (Subzero) (0x0000C0DE)), SwiftShader driver)","Mozilla/5.0 (Windows NT 10.0; Win64; x64) AppleWebKit/537.36 (KHTML, like Gecko) HeadlessChrome/151.0.7922.34 Safari/537.36","Windows_NT 10.0.26200 x64","AMD Ryzen 7 5800H with Radeon Graphics         ","151.0.7922.34"
"2","naive","12","0","1","0","2026-08-21T23:00:04.554Z","ANGLE (Google, Vulkan 1.3.0 (SwiftShader Device (Subzero) (0x0000C0DE)), SwiftShader driver)","Mozilla/5.0 (Windows NT 10.0; Win64; x64) AppleWebKit/537.36 (KHTML, like Gecko) HeadlessChrome/151.0.7922.34 Safari/537.36","Windows_NT 10.0.26200 x64","AMD Ryzen 7 5800H with Radeon Graphics         ","151.0.7922.34"
"2","naive","13","0","1","0","2026-08-21T23:00:04.554Z","ANGLE (Google, Vulkan 1.3.0 (SwiftShader Device (Subzero) (0x0000C0DE)), SwiftShader driver)","Mozilla/5.0 (Windows NT 10.0; Win64; x64) AppleWebKit/537.36 (KHTML, like Gecko) HeadlessChrome/151.0.7922.34 Safari/537.36","Windows_NT 10.0.26200 x64","AMD Ryzen 7 5800H with Radeon Graphics         ","151.0.7922.34"
"2","naive","14","0","1","0","2026-08-21T23:00:04.554Z","ANGLE (Google, Vulkan 1.3.0 (SwiftShader Device (Subzero) (0x0000C0DE)), SwiftShader driver)","Mozilla/5.0 (Windows NT 10.0; Win64; x64) AppleWebKit/537.36 (KHTML, like Gecko) HeadlessChrome/151.0.7922.34 Safari/537.36","Windows_NT 10.0.26200 x64","AMD Ryzen 7 5800H with Radeon Graphics         ","151.0.7922.34"
"2","naive","15","0","1","0","2026-08-21T23:00:04.554Z","ANGLE (Google, Vulkan 1.3.0 (SwiftShader Device (Subzero) (0x0000C0DE)), SwiftShader driver)","Mozilla/5.0 (Windows NT 10.0; Win64; x64) AppleWebKit/537.36 (KHTML, like Gecko) HeadlessChrome/151.0.7922.34 Safari/537.36","Windows_NT 10.0.26200 x64","AMD Ryzen 7 5800H with Radeon Graphics         ","151.0.7922.34"
"2","naive","16","0","1","0","2026-08-21T23:00:04.554Z","ANGLE (Google, Vulkan 1.3.0 (SwiftShader Device (Subzero) (0x0000C0DE)), SwiftShader driver)","Mozilla/5.0 (Windows NT 10.0; Win64; x64) AppleWebKit/537.36 (KHTML, like Gecko) HeadlessChrome/151.0.7922.34 Safari/537.36","Windows_NT 10.0.26200 x64","AMD Ryzen 7 5800H with Radeon Graphics         ","151.0.7922.34"
"2","naive","17","0","1","0","2026-08-21T23:00:04.554Z","ANGLE (Google, Vulkan 1.3.0 (SwiftShader Device (Subzero) (0x0000C0DE)), SwiftShader driver)","Mozilla/5.0 (Windows NT 10.0; Win64; x64) AppleWebKit/537.36 (KHTML, like Gecko) HeadlessChrome/151.0.7922.34 Safari/537.36","Windows_NT 10.0.26200 x64","AMD Ryzen 7 5800H with Radeon Graphics         ","151.0.7922.34"
"2","naive","18","0","1","0","2026-08-21T23:00:04.554Z","ANGLE (Google, Vulkan 1.3.0 (SwiftShader Device (Subzero) (0x0000C0DE)), SwiftShader driver)","Mozilla/5.0 (Windows NT 10.0; Win64; x64) AppleWebKit/537.36 (KHTML, like Gecko) HeadlessChrome/151.0.7922.34 Safari/537.36","Windows_NT 10.0.26200 x64","AMD Ryzen 7 5800H with Radeon Graphics         ","151.0.7922.34"
"2","naive","19","0","1","0","2026-08-21T23:00:04.554Z","ANGLE (Google, Vulkan 1.3.0 (SwiftShader Device (Subzero) (0x0000C0DE)), SwiftShader driver)","Mozilla/5.0 (Windows NT 10.0; Win64; x64) AppleWebKit/537.36 (KHTML, like Gecko) HeadlessChrome/151.0.7922.34 Safari/537.36","Windows_NT 10.0.26200 x64","AMD Ryzen 7 5800H with Radeon Graphics         ","151.0.7922.34"
"2","naive","20","0","1","0","2026-08-21T23:00:04.554Z","ANGLE (Google, Vulkan 1.3.0 (SwiftShader Device (Subzero) (0x0000C0DE)), SwiftShader driver)","Mozilla/5.0 (Windows NT 10.0; Win64; x64) AppleWebKit/537.36 (KHTML, like Gecko) HeadlessChrome/151.0.7922.34 Safari/537.36","Windows_NT 10.0.26200 x64","AMD Ryzen 7 5800H with Radeon Graphics         ","151.0.7922.34"
"2","naive","21","0","1","0","2026-08-21T23:00:04.554Z","ANGLE (Google, Vulkan 1.3.0 (SwiftShader Device (Subzero) (0x0000C0DE)), SwiftShader driver)","Mozilla/5.0 (Windows NT 10.0; Win64; x64) AppleWebKit/537.36 (KHTML, like Gecko) HeadlessChrome/151.0.7922.34 Safari/537.36","Windows_NT 10.0.26200 x64","AMD Ryzen 7 5800H with Radeon Graphics         ","151.0.7922.34"
"2","naive","22","0","1","0","2026-08-21T23:00:04.554Z","ANGLE (Google, Vulkan 1.3.0 (SwiftShader Device (Subzero) (0x0000C0DE)), SwiftShader driver)","Mozilla/5.0 (Windows NT 10.0; Win64; x64) AppleWebKit/537.36 (KHTML, like Gecko) HeadlessChrome/151.0.7922.34 Safari/537.36","Windows_NT 10.0.26200 x64","AMD Ryzen 7 5800H with Radeon Graphics         ","151.0.7922.34"
"2","naive","23","0","1","0","2026-08-21T23:00:04.554Z","ANGLE (Google, Vulkan 1.3.0 (SwiftShader Device (Subzero) (0x0000C0DE)), SwiftShader driver)","Mozilla/5.0 (Windows NT 10.0; Win64; x64) AppleWebKit/537.36 (KHTML, like Gecko) HeadlessChrome/151.0.7922.34 Safari/537.36","Windows_NT 10.0.26200 x64","AMD Ryzen 7 5800H with Radeon Graphics         ","151.0.7922.34"
"2","naive","24","0","1","0","2026-08-21T23:00:04.554Z","ANGLE (Google, Vulkan 1.3.0 (SwiftShader Device (Subzero) (0x0000C0DE)), SwiftShader driver)","Mozilla/5.0 (Windows NT 10.0; Win64; x64) AppleWebKit/537.36 (KHTML, like Gecko) HeadlessChrome/151.0.7922.34 Safari/537.36","Windows_NT 10.0.26200 x64","AMD Ryzen 7 5800H with Radeon Graphics         ","151.0.7922.34"
"2","naive","25","0","1","0","2026-08-21T23:00:04.554Z","ANGLE (Google, Vulkan 1.3.0 (SwiftShader Device (Subzero) (0x0000C0DE)), SwiftShader driver)","Mozilla/5.0 (Windows NT 10.0; Win64; x64) AppleWebKit/537.36 (KHTML, like Gecko) HeadlessChrome/151.0.7922.34 Safari/537.36","Windows_NT 10.0.26200 x64","AMD Ryzen 7 5800H with Radeon Graphics         ","151.0.7922.34"
"2","naive","26","0","1","0","2026-08-21T23:00:04.554Z","ANGLE (Google, Vulkan 1.3.0 (SwiftShader Device (Subzero) (0x0000C0DE)), SwiftShader driver)","Mozilla/5.0 (Windows NT 10.0; Win64; x64) AppleWebKit/537.36 (KHTML, like Gecko) HeadlessChrome/151.0.7922.34 Safari/537.36","Windows_NT 10.0.26200 x64","AMD Ryzen 7 5800H with Radeon Graphics         ","151.0.7922.34"
"2","naive","27","0","1","0","2026-08-21T23:00:04.554Z","ANGLE (Google, Vulkan 1.3.0 (SwiftShader Device (Subzero) (0x0000C0DE)), SwiftShader driver)","Mozilla/5.0 (Windows NT 10.0; Win64; x64) AppleWebKit/537.36 (KHTML, like Gecko) HeadlessChrome/151.0.7922.34 Safari/537.36","Windows_NT 10.0.26200 x64","AMD Ryzen 7 5800H with Radeon Graphics         ","151.0.7922.34"
"2","naive","28","0","1","0","2026-08-21T23:00:04.554Z","ANGLE (Google, Vulkan 1.3.0 (SwiftShader Device (Subzero) (0x0000C0DE)), SwiftShader driver)","Mozilla/5.0 (Windows NT 10.0; Win64; x64) AppleWebKit/537.36 (KHTML, like Gecko) HeadlessChrome/151.0.7922.34 Safari/537.36","Windows_NT 10.0.26200 x64","AMD Ryzen 7 5800H with Radeon Graphics         ","151.0.7922.34"
"2","naive","29","0","1","0","2026-08-21T23:00:04.554Z","ANGLE (Google, Vulkan 1.3.0 (SwiftShader Device (Subzero) (0x0000C0DE)), SwiftShader driver)","Mozilla/5.0 (Windows NT 10.0; Win64; x64) AppleWebKit/537.36 (KHTML, like Gecko) HeadlessChrome/151.0.7922.34 Safari/537.36","Windows_NT 10.0.26200 x64","AMD Ryzen 7 5800H with Radeon Graphics         ","151.0.7922.34"
"2","naive","30","0","1","0","2026-08-21T23:00:04.554Z","ANGLE (Google, Vulkan 1.3.0 (SwiftShader Device (Subzero) (0x0000C0DE)), SwiftShader driver)","Mozilla/5.0 (Windows NT 10.0; Win64; x64) AppleWebKit/537.36 (KHTML, like Gecko) HeadlessChrome/151.0.7922.34 Safari/537.36","Windows_NT 10.0.26200 x64","AMD Ryzen 7 5800H with Radeon Graphics         ","151.0.7922.34"
"2","naive","31","0","1","0","2026-08-21T23:00:04.554Z","ANGLE (Google, Vulkan 1.3.0 (SwiftShader Device (Subzero) (0x0000C0DE)), SwiftShader driver)","Mozilla/5.0 (Windows NT 10.0; Win64; x64) AppleWebKit/537.36 (KHTML, like Gecko) HeadlessChrome/151.0.7922.34 Safari/537.36","Windows_NT 10.0.26200 x64","AMD Ryzen 7 5800H with Radeon Graphics         ","151.0.7922.34"
"2","naive","32","0","1","0","2026-08-21T23:00:04.554Z","ANGLE (Google, Vulkan 1.3.0 (SwiftShader Device (Subzero) (0x0000C0DE)), SwiftShader driver)","Mozilla/5.0 (Windows NT 10.0; Win64; x64) AppleWebKit/537.36 (KHTML, like Gecko) HeadlessChrome/151.0.7922.34 Safari/537.36","Windows_NT 10.0.26200 x64","AMD Ryzen 7 5800H with Radeon Graphics         ","151.0.7922.34"
"2","naive","33","0","1","0","2026-08-21T23:00:04.554Z","ANGLE (Google, Vulkan 1.3.0 (SwiftShader Device (Subzero) (0x0000C0DE)), SwiftShader driver)","Mozilla/5.0 (Windows NT 10.0; Win64; x64) AppleWebKit/537.36 (KHTML, like Gecko) HeadlessChrome/151.0.7922.34 Safari/537.36","Windows_NT 10.0.26200 x64","AMD Ryzen 7 5800H with Radeon Graphics         ","151.0.7922.34"
"2","naive","34","0","1","0","2026-08-21T23:00:04.554Z","ANGLE (Google, Vulkan 1.3.0 (SwiftShader Device (Subzero) (0x0000C0DE)), SwiftShader driver)","Mozilla/5.0 (Windows NT 10.0; Win64; x64) AppleWebKit/537.36 (KHTML, like Gecko) HeadlessChrome/151.0.7922.34 Safari/537.36","Windows_NT 10.0.26200 x64","AMD Ryzen 7 5800H with Radeon Graphics         ","151.0.7922.34"
"2","naive","35","0","1","0","2026-08-21T23:00:04.554Z","ANGLE (Google, Vulkan 1.3.0 (SwiftShader Device (Subzero) (0x0000C0DE)), SwiftShader driver)","Mozilla/5.0 (Windows NT 10.0; Win64; x64) AppleWebKit/537.36 (KHTML, like Gecko) HeadlessChrome/151.0.7922.34 Safari/537.36","Windows_NT 10.0.26200 x64","AMD Ryzen 7 5800H with Radeon Graphics         ","151.0.7922.34"
"2","naive","36","0","1","0","2026-08-21T23:00:04.554Z","ANGLE (Google, Vulkan 1.3.0 (SwiftShader Device (Subzero) (0x0000C0DE)), SwiftShader driver)","Mozilla/5.0 (Windows NT 10.0; Win64; x64) AppleWebKit/537.36 (KHTML, like Gecko) HeadlessChrome/151.0.7922.34 Safari/537.36","Windows_NT 10.0.26200 x64","AMD Ryzen 7 5800H with Radeon Graphics         ","151.0.7922.34"
"2","naive","37","0","1","0","2026-08-21T23:00:04.554Z","ANGLE (Google, Vulkan 1.3.0 (SwiftShader Device (Subzero) (0x0000C0DE)), SwiftShader driver)","Mozilla/5.0 (Windows NT 10.0; Win64; x64) AppleWebKit/537.36 (KHTML, like Gecko) HeadlessChrome/151.0.7922.34 Safari/537.36","Windows_NT 10.0.26200 x64","AMD Ryzen 7 5800H with Radeon Graphics         ","151.0.7922.34"
"2","naive","38","0","1","0","2026-08-21T23:00:04.554Z","ANGLE (Google, Vulkan 1.3.0 (SwiftShader Device (Subzero) (0x0000C0DE)), SwiftShader driver)","Mozilla/5.0 (Windows NT 10.0; Win64; x64) AppleWebKit/537.36 (KHTML, like Gecko) HeadlessChrome/151.0.7922.34 Safari/537.36","Windows_NT 10.0.26200 x64","AMD Ryzen 7 5800H with Radeon Graphics         ","151.0.7922.34"
"2","naive","39","0","1","0","2026-08-21T23:00:04.554Z","ANGLE (Google, Vulkan 1.3.0 (SwiftShader Device (Subzero) (0x0000C0DE)), SwiftShader driver)","Mozilla/5.0 (Windows NT 10.0; Win64; x64) AppleWebKit/537.36 (KHTML, like Gecko) HeadlessChrome/151.0.7922.34 Safari/537.36","Windows_NT 10.0.26200 x64","AMD Ryzen 7 5800H with Radeon Graphics         ","151.0.7922.34"
"2","naive","40","0","1","0","2026-08-21T23:00:04.554Z","ANGLE (Google, Vulkan 1.3.0 (SwiftShader Device (Subzero) (0x0000C0DE)), SwiftShader driver)","Mozilla/5.0 (Windows NT 10.0; Win64; x64) AppleWebKit/537.36 (KHTML, like Gecko) HeadlessChrome/151.0.7922.34 Safari/537.36","Windows_NT 10.0.26200 x64","AMD Ryzen 7 5800H with Radeon Graphics         ","151.0.7922.34"
"2","naive","41","0","1","0","2026-08-21T23:00:04.554Z","ANGLE (Google, Vulkan 1.3.0 (SwiftShader Device (Subzero) (0x0000C0DE)), SwiftShader driver)","Mozilla/5.0 (Windows NT 10.0; Win64; x64) AppleWebKit/537.36 (KHTML, like Gecko) HeadlessChrome/151.0.7922.34 Safari/537.36","Windows_NT 10.0.26200 x64","AMD Ryzen 7 5800H with Radeon Graphics         ","151.0.7922.34"
"2","naive","42","0","1","0","2026-08-21T23:00:04.554Z","ANGLE (Google, Vulkan 1.3.0 (SwiftShader Device (Subzero) (0x0000C0DE)), SwiftShader driver)","Mozilla/5.0 (Windows NT 10.0; Win64; x64) AppleWebKit/537.36 (KHTML, like Gecko) HeadlessChrome/151.0.7922.34 Safari/537.36","Windows_NT 10.0.26200 x64","AMD Ryzen 7 5800H with Radeon Graphics         ","151.0.7922.34"
"2","naive","43","0","1","0","2026-08-21T23:00:04.554Z","ANGLE (Google, Vulkan 1.3.0 (SwiftShader Device (Subzero) (0x0000C0DE)), SwiftShader driver)","Mozilla/5.0 (Windows NT 10.0; Win64; x64) AppleWebKit/537.36 (KHTML, like Gecko) HeadlessChrome/151.0.7922.34 Safari/537.36","Windows_NT 10.0.26200 x64","AMD Ryzen 7 5800H with Radeon Graphics         ","151.0.7922.34"
"2","naive","44","0","1","0","2026-08-21T23:00:04.554Z","ANGLE (Google, Vulkan 1.3.0 (SwiftShader Device (Subzero) (0x0000C0DE)), SwiftShader driver)","Mozilla/5.0 (Windows NT 10.0; Win64; x64) AppleWebKit/537.36 (KHTML, like Gecko) HeadlessChrome/151.0.7922.34 Safari/537.36","Windows_NT 10.0.26200 x64","AMD Ryzen 7 5800H with Radeon Graphics         ","151.0.7922.34"
"2","naive","45","0","1","0","2026-08-21T23:00:04.554Z","ANGLE (Google, Vulkan 1.3.0 (SwiftShader Device (Subzero) (0x0000C0DE)), SwiftShader driver)","Mozilla/5.0 (Windows NT 10.0; Win64; x64) AppleWebKit/537.36 (KHTML, like Gecko) HeadlessChrome/151.0.7922.34 Safari/537.36","Windows_NT 10.0.26200 x64","AMD Ryzen 7 5800H with Radeon Graphics         ","151.0.7922.34"
"2","naive","46","0","1","0","2026-08-21T23:00:04.554Z","ANGLE (Google, Vulkan 1.3.0 (SwiftShader Device (Subzero) (0x0000C0DE)), SwiftShader driver)","Mozilla/5.0 (Windows NT 10.0; Win64; x64) AppleWebKit/537.36 (KHTML, like Gecko) HeadlessChrome/151.0.7922.34 Safari/537.36","Windows_NT 10.0.26200 x64","AMD Ryzen 7 5800H with Radeon Graphics         ","151.0.7922.34"
"2","naive","47","0","1","0","2026-08-21T23:00:04.554Z","ANGLE (Google, Vulkan 1.3.0 (SwiftShader Device (Subzero) (0x0000C0DE)), SwiftShader driver)","Mozilla/5.0 (Windows NT 10.0; Win64; x64) AppleWebKit/537.36 (KHTML, like Gecko) HeadlessChrome/151.0.7922.34 Safari/537.36","Windows_NT 10.0.26200 x64","AMD Ryzen 7 5800H with Radeon Graphics         ","151.0.7922.34"
"2","naive","48","0","1","0","2026-08-21T23:00:04.554Z","ANGLE (Google, Vulkan 1.3.0 (SwiftShader Device (Subzero) (0x0000C0DE)), SwiftShader driver)","Mozilla/5.0 (Windows NT 10.0; Win64; x64) AppleWebKit/537.36 (KHTML, like Gecko) HeadlessChrome/151.0.7922.34 Safari/537.36","Windows_NT 10.0.26200 x64","AMD Ryzen 7 5800H with Radeon Graphics         ","151.0.7922.34"
"2","naive","49","0","1","0","2026-08-21T23:00:04.554Z","ANGLE (Google, Vulkan 1.3.0 (SwiftShader Device (Subzero) (0x0000C0DE)), SwiftShader driver)","Mozilla/5.0 (Windows NT 10.0; Win64; x64) AppleWebKit/537.36 (KHTML, like Gecko) HeadlessChrome/151.0.7922.34 Safari/537.36","Windows_NT 10.0.26200 x64","AMD Ryzen 7 5800H with Radeon Graphics         ","151.0.7922.34"
"2","naive","50","0","1","0","2026-08-21T23:00:04.554Z","ANGLE (Google, Vulkan 1.3.0 (SwiftShader Device (Subzero) (0x0000C0DE)), SwiftShader driver)","Mozilla/5.0 (Windows NT 10.0; Win64; x64) AppleWebKit/537.36 (KHTML, like Gecko) HeadlessChrome/151.0.7922.34 Safari/537.36","Windows_NT 10.0.26200 x64","AMD Ryzen 7 5800H with Radeon Graphics         ","151.0.7922.34"
"2","native","1","0","1","0","2026-08-21T23:00:04.554Z","ANGLE (Google, Vulkan 1.3.0 (SwiftShader Device (Subzero) (0x0000C0DE)), SwiftShader driver)","Mozilla/5.0 (Windows NT 10.0; Win64; x64) AppleWebKit/537.36 (KHTML, like Gecko) HeadlessChrome/151.0.7922.34 Safari/537.36","Windows_NT 10.0.26200 x64","AMD Ryzen 7 5800H with Radeon Graphics         ","151.0.7922.34"
"2","native","2","0","1","0","2026-08-21T23:00:04.554Z","ANGLE (Google, Vulkan 1.3.0 (SwiftShader Device (Subzero) (0x0000C0DE)), SwiftShader driver)","Mozilla/5.0 (Windows NT 10.0; Win64; x64) AppleWebKit/537.36 (KHTML, like Gecko) HeadlessChrome/151.0.7922.34 Safari/537.36","Windows_NT 10.0.26200 x64","AMD Ryzen 7 5800H with Radeon Graphics         ","151.0.7922.34"
"2","native","3","0","1","0","2026-08-21T23:00:04.554Z","ANGLE (Google, Vulkan 1.3.0 (SwiftShader Device (Subzero) (0x0000C0DE)), SwiftShader driver)","Mozilla/5.0 (Windows NT 10.0; Win64; x64) AppleWebKit/537.36 (KHTML, like Gecko) HeadlessChrome/151.0.7922.34 Safari/537.36","Windows_NT 10.0.26200 x64","AMD Ryzen 7 5800H with Radeon Graphics         ","151.0.7922.34"
"2","native","4","0","1","0","2026-08-21T23:00:04.554Z","ANGLE (Google, Vulkan 1.3.0 (SwiftShader Device (Subzero) (0x0000C0DE)), SwiftShader driver)","Mozilla/5.0 (Windows NT 10.0; Win64; x64) AppleWebKit/537.36 (KHTML, like Gecko) HeadlessChrome/151.0.7922.34 Safari/537.36","Windows_NT 10.0.26200 x64","AMD Ryzen 7 5800H with Radeon Graphics         ","151.0.7922.34"
"2","native","5","0","1","0","2026-08-21T23:00:04.554Z","ANGLE (Google, Vulkan 1.3.0 (SwiftShader Device (Subzero) (0x0000C0DE)), SwiftShader driver)","Mozilla/5.0 (Windows NT 10.0; Win64; x64) AppleWebKit/537.36 (KHTML, like Gecko) HeadlessChrome/151.0.7922.34 Safari/537.36","Windows_NT 10.0.26200 x64","AMD Ryzen 7 5800H with Radeon Graphics         ","151.0.7922.34"
"2","native","6","0","1","0","2026-08-21T23:00:04.554Z","ANGLE (Google, Vulkan 1.3.0 (SwiftShader Device (Subzero) (0x0000C0DE)), SwiftShader driver)","Mozilla/5.0 (Windows NT 10.0; Win64; x64) AppleWebKit/537.36 (KHTML, like Gecko) HeadlessChrome/151.0.7922.34 Safari/537.36","Windows_NT 10.0.26200 x64","AMD Ryzen 7 5800H with Radeon Graphics         ","151.0.7922.34"
"2","native","7","0","1","0","2026-08-21T23:00:04.554Z","ANGLE (Google, Vulkan 1.3.0 (SwiftShader Device (Subzero) (0x0000C0DE)), SwiftShader driver)","Mozilla/5.0 (Windows NT 10.0; Win64; x64) AppleWebKit/537.36 (KHTML, like Gecko) HeadlessChrome/151.0.7922.34 Safari/537.36","Windows_NT 10.0.26200 x64","AMD Ryzen 7 5800H with Radeon Graphics         ","151.0.7922.34"
"2","native","8","0","1","0","2026-08-21T23:00:04.554Z","ANGLE (Google, Vulkan 1.3.0 (SwiftShader Device (Subzero) (0x0000C0DE)), SwiftShader driver)","Mozilla/5.0 (Windows NT 10.0; Win64; x64) AppleWebKit/537.36 (KHTML, like Gecko) HeadlessChrome/151.0.7922.34 Safari/537.36","Windows_NT 10.0.26200 x64","AMD Ryzen 7 5800H with Radeon Graphics         ","151.0.7922.34"
"2","native","9","0","1","0","2026-08-21T23:00:04.554Z","ANGLE (Google, Vulkan 1.3.0 (SwiftShader Device (Subzero) (0x0000C0DE)), SwiftShader driver)","Mozilla/5.0 (Windows NT 10.0; Win64; x64) AppleWebKit/537.36 (KHTML, like Gecko) HeadlessChrome/151.0.7922.34 Safari/537.36","Windows_NT 10.0.26200 x64","AMD Ryzen 7 5800H with Radeon Graphics         ","151.0.7922.34"
"2","native","10","0","1","0","2026-08-21T23:00:04.554Z","ANGLE (Google, Vulkan 1.3.0 (SwiftShader Device (Subzero) (0x0000C0DE)), SwiftShader driver)","Mozilla/5.0 (Windows NT 10.0; Win64; x64) AppleWebKit/537.36 (KHTML, like Gecko) HeadlessChrome/151.0.7922.34 Safari/537.36","Windows_NT 10.0.26200 x64","AMD Ryzen 7 5800H with Radeon Graphics         ","151.0.7922.34"
"2","native","11","0","1","0","2026-08-21T23:00:04.554Z","ANGLE (Google, Vulkan 1.3.0 (SwiftShader Device (Subzero) (0x0000C0DE)), SwiftShader driver)","Mozilla/5.0 (Windows NT 10.0; Win64; x64) AppleWebKit/537.36 (KHTML, like Gecko) HeadlessChrome/151.0.7922.34 Safari/537.36","Windows_NT 10.0.26200 x64","AMD Ryzen 7 5800H with Radeon Graphics         ","151.0.7922.34"
"2","native","12","0","1","0","2026-08-21T23:00:04.554Z","ANGLE (Google, Vulkan 1.3.0 (SwiftShader Device (Subzero) (0x0000C0DE)), SwiftShader driver)","Mozilla/5.0 (Windows NT 10.0; Win64; x64) AppleWebKit/537.36 (KHTML, like Gecko) HeadlessChrome/151.0.7922.34 Safari/537.36","Windows_NT 10.0.26200 x64","AMD Ryzen 7 5800H with Radeon Graphics         ","151.0.7922.34"
"2","native","13","0","1","0","2026-08-21T23:00:04.554Z","ANGLE (Google, Vulkan 1.3.0 (SwiftShader Device (Subzero) (0x0000C0DE)), SwiftShader driver)","Mozilla/5.0 (Windows NT 10.0; Win64; x64) AppleWebKit/537.36 (KHTML, like Gecko) HeadlessChrome/151.0.7922.34 Safari/537.36","Windows_NT 10.0.26200 x64","AMD Ryzen 7 5800H with Radeon Graphics         ","151.0.7922.34"
"2","native","14","0","1","0","2026-08-21T23:00:04.554Z","ANGLE (Google, Vulkan 1.3.0 (SwiftShader Device (Subzero) (0x0000C0DE)), SwiftShader driver)","Mozilla/5.0 (Windows NT 10.0; Win64; x64) AppleWebKit/537.36 (KHTML, like Gecko) HeadlessChrome/151.0.7922.34 Safari/537.36","Windows_NT 10.0.26200 x64","AMD Ryzen 7 5800H with Radeon Graphics         ","151.0.7922.34"
"2","native","15","0","1","0","2026-08-21T23:00:04.554Z","ANGLE (Google, Vulkan 1.3.0 (SwiftShader Device (Subzero) (0x0000C0DE)), SwiftShader driver)","Mozilla/5.0 (Windows NT 10.0; Win64; x64) AppleWebKit/537.36 (KHTML, like Gecko) HeadlessChrome/151.0.7922.34 Safari/537.36","Windows_NT 10.0.26200 x64","AMD Ryzen 7 5800H with Radeon Graphics         ","151.0.7922.34"
"2","native","16","0","1","0","2026-08-21T23:00:04.554Z","ANGLE (Google, Vulkan 1.3.0 (SwiftShader Device (Subzero) (0x0000C0DE)), SwiftShader driver)","Mozilla/5.0 (Windows NT 10.0; Win64; x64) AppleWebKit/537.36 (KHTML, like Gecko) HeadlessChrome/151.0.7922.34 Safari/537.36","Windows_NT 10.0.26200 x64","AMD Ryzen 7 5800H with Radeon Graphics         ","151.0.7922.34"
"2","native","17","0","1","0","2026-08-21T23:00:04.554Z","ANGLE (Google, Vulkan 1.3.0 (SwiftShader Device (Subzero) (0x0000C0DE)), SwiftShader driver)","Mozilla/5.0 (Windows NT 10.0; Win64; x64) AppleWebKit/537.36 (KHTML, like Gecko) HeadlessChrome/151.0.7922.34 Safari/537.36","Windows_NT 10.0.26200 x64","AMD Ryzen 7 5800H with Radeon Graphics         ","151.0.7922.34"
"2","native","18","0","1","0","2026-08-21T23:00:04.554Z","ANGLE (Google, Vulkan 1.3.0 (SwiftShader Device (Subzero) (0x0000C0DE)), SwiftShader driver)","Mozilla/5.0 (Windows NT 10.0; Win64; x64) AppleWebKit/537.36 (KHTML, like Gecko) HeadlessChrome/151.0.7922.34 Safari/537.36","Windows_NT 10.0.26200 x64","AMD Ryzen 7 5800H with Radeon Graphics         ","151.0.7922.34"
"2","native","19","0","1","0","2026-08-21T23:00:04.554Z","ANGLE (Google, Vulkan 1.3.0 (SwiftShader Device (Subzero) (0x0000C0DE)), SwiftShader driver)","Mozilla/5.0 (Windows NT 10.0; Win64; x64) AppleWebKit/537.36 (KHTML, like Gecko) HeadlessChrome/151.0.7922.34 Safari/537.36","Windows_NT 10.0.26200 x64","AMD Ryzen 7 5800H with Radeon Graphics         ","151.0.7922.34"
"2","native","20","0","1","0","2026-08-21T23:00:04.554Z","ANGLE (Google, Vulkan 1.3.0 (SwiftShader Device (Subzero) (0x0000C0DE)), SwiftShader driver)","Mozilla/5.0 (Windows NT 10.0; Win64; x64) AppleWebKit/537.36 (KHTML, like Gecko) HeadlessChrome/151.0.7922.34 Safari/537.36","Windows_NT 10.0.26200 x64","AMD Ryzen 7 5800H with Radeon Graphics         ","151.0.7922.34"
"2","native","21","0","1","0","2026-08-21T23:00:04.554Z","ANGLE (Google, Vulkan 1.3.0 (SwiftShader Device (Subzero) (0x0000C0DE)), SwiftShader driver)","Mozilla/5.0 (Windows NT 10.0; Win64; x64) AppleWebKit/537.36 (KHTML, like Gecko) HeadlessChrome/151.0.7922.34 Safari/537.36","Windows_NT 10.0.26200 x64","AMD Ryzen 7 5800H with Radeon Graphics         ","151.0.7922.34"
"2","native","22","0","1","0","2026-08-21T23:00:04.554Z","ANGLE (Google, Vulkan 1.3.0 (SwiftShader Device (Subzero) (0x0000C0DE)), SwiftShader driver)","Mozilla/5.0 (Windows NT 10.0; Win64; x64) AppleWebKit/537.36 (KHTML, like Gecko) HeadlessChrome/151.0.7922.34 Safari/537.36","Windows_NT 10.0.26200 x64","AMD Ryzen 7 5800H with Radeon Graphics         ","151.0.7922.34"
"2","native","23","0","1","0","2026-08-21T23:00:04.554Z","ANGLE (Google, Vulkan 1.3.0 (SwiftShader Device (Subzero) (0x0000C0DE)), SwiftShader driver)","Mozilla/5.0 (Windows NT 10.0; Win64; x64) AppleWebKit/537.36 (KHTML, like Gecko) HeadlessChrome/151.0.7922.34 Safari/537.36","Windows_NT 10.0.26200 x64","AMD Ryzen 7 5800H with Radeon Graphics         ","151.0.7922.34"
"2","native","24","0","1","0","2026-08-21T23:00:04.554Z","ANGLE (Google, Vulkan 1.3.0 (SwiftShader Device (Subzero) (0x0000C0DE)), SwiftShader driver)","Mozilla/5.0 (Windows NT 10.0; Win64; x64) AppleWebKit/537.36 (KHTML, like Gecko) HeadlessChrome/151.0.7922.34 Safari/537.36","Windows_NT 10.0.26200 x64","AMD Ryzen 7 5800H with Radeon Graphics         ","151.0.7922.34"
"2","native","25","0","1","0","2026-08-21T23:00:04.554Z","ANGLE (Google, Vulkan 1.3.0 (SwiftShader Device (Subzero) (0x0000C0DE)), SwiftShader driver)","Mozilla/5.0 (Windows NT 10.0; Win64; x64) AppleWebKit/537.36 (KHTML, like Gecko) HeadlessChrome/151.0.7922.34 Safari/537.36","Windows_NT 10.0.26200 x64","AMD Ryzen 7 5800H with Radeon Graphics         ","151.0.7922.34"
"2","native","26","0","1","0","2026-08-21T23:00:04.554Z","ANGLE (Google, Vulkan 1.3.0 (SwiftShader Device (Subzero) (0x0000C0DE)), SwiftShader driver)","Mozilla/5.0 (Windows NT 10.0; Win64; x64) AppleWebKit/537.36 (KHTML, like Gecko) HeadlessChrome/151.0.7922.34 Safari/537.36","Windows_NT 10.0.26200 x64","AMD Ryzen 7 5800H with Radeon Graphics         ","151.0.7922.34"
"2","native","27","0","1","0","2026-08-21T23:00:04.554Z","ANGLE (Google, Vulkan 1.3.0 (SwiftShader Device (Subzero) (0x0000C0DE)), SwiftShader driver)","Mozilla/5.0 (Windows NT 10.0; Win64; x64) AppleWebKit/537.36 (KHTML, like Gecko) HeadlessChrome/151.0.7922.34 Safari/537.36","Windows_NT 10.0.26200 x64","AMD Ryzen 7 5800H with Radeon Graphics         ","151.0.7922.34"
"2","native","28","0","1","0","2026-08-21T23:00:04.554Z","ANGLE (Google, Vulkan 1.3.0 (SwiftShader Device (Subzero) (0x0000C0DE)), SwiftShader driver)","Mozilla/5.0 (Windows NT 10.0; Win64; x64) AppleWebKit/537.36 (KHTML, like Gecko) HeadlessChrome/151.0.7922.34 Safari/537.36","Windows_NT 10.0.26200 x64","AMD Ryzen 7 5800H with Radeon Graphics         ","151.0.7922.34"
"2","native","29","0","1","0","2026-08-21T23:00:04.554Z","ANGLE (Google, Vulkan 1.3.0 (SwiftShader Device (Subzero) (0x0000C0DE)), SwiftShader driver)","Mozilla/5.0 (Windows NT 10.0; Win64; x64) AppleWebKit/537.36 (KHTML, like Gecko) HeadlessChrome/151.0.7922.34 Safari/537.36","Windows_NT 10.0.26200 x64","AMD Ryzen 7 5800H with Radeon Graphics         ","151.0.7922.34"
"2","native","30","0","1","0","2026-08-21T23:00:04.554Z","ANGLE (Google, Vulkan 1.3.0 (SwiftShader Device (Subzero) (0x0000C0DE)), SwiftShader driver)","Mozilla/5.0 (Windows NT 10.0; Win64; x64) AppleWebKit/537.36 (KHTML, like Gecko) HeadlessChrome/151.0.7922.34 Safari/537.36","Windows_NT 10.0.26200 x64","AMD Ryzen 7 5800H with Radeon Graphics         ","151.0.7922.34"
"2","native","31","0","1","0","2026-08-21T23:00:04.554Z","ANGLE (Google, Vulkan 1.3.0 (SwiftShader Device (Subzero) (0x0000C0DE)), SwiftShader driver)","Mozilla/5.0 (Windows NT 10.0; Win64; x64) AppleWebKit/537.36 (KHTML, like Gecko) HeadlessChrome/151.0.7922.34 Safari/537.36","Windows_NT 10.0.26200 x64","AMD Ryzen 7 5800H with Radeon Graphics         ","151.0.7922.34"
"2","native","32","0","1","0","2026-08-21T23:00:04.554Z","ANGLE (Google, Vulkan 1.3.0 (SwiftShader Device (Subzero) (0x0000C0DE)), SwiftShader driver)","Mozilla/5.0 (Windows NT 10.0; Win64; x64) AppleWebKit/537.36 (KHTML, like Gecko) HeadlessChrome/151.0.7922.34 Safari/537.36","Windows_NT 10.0.26200 x64","AMD Ryzen 7 5800H with Radeon Graphics         ","151.0.7922.34"
"2","native","33","0","1","0","2026-08-21T23:00:04.554Z","ANGLE (Google, Vulkan 1.3.0 (SwiftShader Device (Subzero) (0x0000C0DE)), SwiftShader driver)","Mozilla/5.0 (Windows NT 10.0; Win64; x64) AppleWebKit/537.36 (KHTML, like Gecko) HeadlessChrome/151.0.7922.34 Safari/537.36","Windows_NT 10.0.26200 x64","AMD Ryzen 7 5800H with Radeon Graphics         ","151.0.7922.34"
"2","native","34","0","1","0","2026-08-21T23:00:04.554Z","ANGLE (Google, Vulkan 1.3.0 (SwiftShader Device (Subzero) (0x0000C0DE)), SwiftShader driver)","Mozilla/5.0 (Windows NT 10.0; Win64; x64) AppleWebKit/537.36 (KHTML, like Gecko) HeadlessChrome/151.0.7922.34 Safari/537.36","Windows_NT 10.0.26200 x64","AMD Ryzen 7 5800H with Radeon Graphics         ","151.0.7922.34"
"2","native","35","0","1","0","2026-08-21T23:00:04.554Z","ANGLE (Google, Vulkan 1.3.0 (SwiftShader Device (Subzero) (0x0000C0DE)), SwiftShader driver)","Mozilla/5.0 (Windows NT 10.0; Win64; x64) AppleWebKit/537.36 (KHTML, like Gecko) HeadlessChrome/151.0.7922.34 Safari/537.36","Windows_NT 10.0.26200 x64","AMD Ryzen 7 5800H with Radeon Graphics         ","151.0.7922.34"
"2","native","36","0","1","0","2026-08-21T23:00:04.554Z","ANGLE (Google, Vulkan 1.3.0 (SwiftShader Device (Subzero) (0x0000C0DE)), SwiftShader driver)","Mozilla/5.0 (Windows NT 10.0; Win64; x64) AppleWebKit/537.36 (KHTML, like Gecko) HeadlessChrome/151.0.7922.34 Safari/537.36","Windows_NT 10.0.26200 x64","AMD Ryzen 7 5800H with Radeon Graphics         ","151.0.7922.34"
"2","native","37","0","1","0","2026-08-21T23:00:04.554Z","ANGLE (Google, Vulkan 1.3.0 (SwiftShader Device (Subzero) (0x0000C0DE)), SwiftShader driver)","Mozilla/5.0 (Windows NT 10.0; Win64; x64) AppleWebKit/537.36 (KHTML, like Gecko) HeadlessChrome/151.0.7922.34 Safari/537.36","Windows_NT 10.0.26200 x64","AMD Ryzen 7 5800H with Radeon Graphics         ","151.0.7922.34"
"2","native","38","0","1","0","2026-08-21T23:00:04.554Z","ANGLE (Google, Vulkan 1.3.0 (SwiftShader Device (Subzero) (0x0000C0DE)), SwiftShader driver)","Mozilla/5.0 (Windows NT 10.0; Win64; x64) AppleWebKit/537.36 (KHTML, like Gecko) HeadlessChrome/151.0.7922.34 Safari/537.36","Windows_NT 10.0.26200 x64","AMD Ryzen 7 5800H with Radeon Graphics         ","151.0.7922.34"
"2","native","39","0","1","0","2026-08-21T23:00:04.554Z","ANGLE (Google, Vulkan 1.3.0 (SwiftShader Device (Subzero) (0x0000C0DE)), SwiftShader driver)","Mozilla/5.0 (Windows NT 10.0; Win64; x64) AppleWebKit/537.36 (KHTML, like Gecko) HeadlessChrome/151.0.7922.34 Safari/537.36","Windows_NT 10.0.26200 x64","AMD Ryzen 7 5800H with Radeon Graphics         ","151.0.7922.34"
"2","native","40","0","1","0","2026-08-21T23:00:04.554Z","ANGLE (Google, Vulkan 1.3.0 (SwiftShader Device (Subzero) (0x0000C0DE)), SwiftShader driver)","Mozilla/5.0 (Windows NT 10.0; Win64; x64) AppleWebKit/537.36 (KHTML, like Gecko) HeadlessChrome/151.0.7922.34 Safari/537.36","Windows_NT 10.0.26200 x64","AMD Ryzen 7 5800H with Radeon Graphics         ","151.0.7922.34"
"2","native","41","0","1","0","2026-08-21T23:00:04.554Z","ANGLE (Google, Vulkan 1.3.0 (SwiftShader Device (Subzero) (0x0000C0DE)), SwiftShader driver)","Mozilla/5.0 (Windows NT 10.0; Win64; x64) AppleWebKit/537.36 (KHTML, like Gecko) HeadlessChrome/151.0.7922.34 Safari/537.36","Windows_NT 10.0.26200 x64","AMD Ryzen 7 5800H with Radeon Graphics         ","151.0.7922.34"
"2","native","42","0","1","0","2026-08-21T23:00:04.554Z","ANGLE (Google, Vulkan 1.3.0 (SwiftShader Device (Subzero) (0x0000C0DE)), SwiftShader driver)","Mozilla/5.0 (Windows NT 10.0; Win64; x64) AppleWebKit/537.36 (KHTML, like Gecko) HeadlessChrome/151.0.7922.34 Safari/537.36","Windows_NT 10.0.26200 x64","AMD Ryzen 7 5800H with Radeon Graphics         ","151.0.7922.34"
"2","native","43","0","1","0","2026-08-21T23:00:04.554Z","ANGLE (Google, Vulkan 1.3.0 (SwiftShader Device (Subzero) (0x0000C0DE)), SwiftShader driver)","Mozilla/5.0 (Windows NT 10.0; Win64; x64) AppleWebKit/537.36 (KHTML, like Gecko) HeadlessChrome/151.0.7922.34 Safari/537.36","Windows_NT 10.0.26200 x64","AMD Ryzen 7 5800H with Radeon Graphics         ","151.0.7922.34"
"2","native","44","0","1","0","2026-08-21T23:00:04.554Z","ANGLE (Google, Vulkan 1.3.0 (SwiftShader Device (Subzero) (0x0000C0DE)), SwiftShader driver)","Mozilla/5.0 (Windows NT 10.0; Win64; x64) AppleWebKit/537.36 (KHTML, like Gecko) HeadlessChrome/151.0.7922.34 Safari/537.36","Windows_NT 10.0.26200 x64","AMD Ryzen 7 5800H with Radeon Graphics         ","151.0.7922.34"
"2","native","45","0","1","0","2026-08-21T23:00:04.554Z","ANGLE (Google, Vulkan 1.3.0 (SwiftShader Device (Subzero) (0x0000C0DE)), SwiftShader driver)","Mozilla/5.0 (Windows NT 10.0; Win64; x64) AppleWebKit/537.36 (KHTML, like Gecko) HeadlessChrome/151.0.7922.34 Safari/537.36","Windows_NT 10.0.26200 x64","AMD Ryzen 7 5800H with Radeon Graphics         ","151.0.7922.34"
"2","native","46","0","1","0","2026-08-21T23:00:04.554Z","ANGLE (Google, Vulkan 1.3.0 (SwiftShader Device (Subzero) (0x0000C0DE)), SwiftShader driver)","Mozilla/5.0 (Windows NT 10.0; Win64; x64) AppleWebKit/537.36 (KHTML, like Gecko) HeadlessChrome/151.0.7922.34 Safari/537.36","Windows_NT 10.0.26200 x64","AMD Ryzen 7 5800H with Radeon Graphics         ","151.0.7922.34"
"2","native","47","0","1","0","2026-08-21T23:00:04.554Z","ANGLE (Google, Vulkan 1.3.0 (SwiftShader Device (Subzero) (0x0000C0DE)), SwiftShader driver)","Mozilla/5.0 (Windows NT 10.0; Win64; x64) AppleWebKit/537.36 (KHTML, like Gecko) HeadlessChrome/151.0.7922.34 Safari/537.36","Windows_NT 10.0.26200 x64","AMD Ryzen 7 5800H with Radeon Graphics         ","151.0.7922.34"
"2","native","48","0","1","0","2026-08-21T23:00:04.554Z","ANGLE (Google, Vulkan 1.3.0 (SwiftShader Device (Subzero) (0x0000C0DE)), SwiftShader driver)","Mozilla/5.0 (Windows NT 10.0; Win64; x64) AppleWebKit/537.36 (KHTML, like Gecko) HeadlessChrome/151.0.7922.34 Safari/537.36","Windows_NT 10.0.26200 x64","AMD Ryzen 7 5800H with Radeon Graphics         ","151.0.7922.34"
"2","native","49","0","1","0","2026-08-21T23:00:04.554Z","ANGLE (Google, Vulkan 1.3.0 (SwiftShader Device (Subzero) (0x0000C0DE)), SwiftShader driver)","Mozilla/5.0 (Windows NT 10.0; Win64; x64) AppleWebKit/537.36 (KHTML, like Gecko) HeadlessChrome/151.0.7922.34 Safari/537.36","Windows_NT 10.0.26200 x64","AMD Ryzen 7 5800H with Radeon Graphics         ","151.0.7922.34"
"2","native","50","0","1","0","2026-08-21T23:00:04.554Z","ANGLE (Google, Vulkan 1.3.0 (SwiftShader Device (Subzero) (0x0000C0DE)), SwiftShader driver)","Mozilla/5.0 (Windows NT 10.0; Win64; x64) AppleWebKit/537.36 (KHTML, like Gecko) HeadlessChrome/151.0.7922.34 Safari/537.36","Windows_NT 10.0.26200 x64","AMD Ryzen 7 5800H with Radeon Graphics         ","151.0.7922.34"
"2","guarded","1","0","1","0","2026-08-21T23:00:04.554Z","ANGLE (Google, Vulkan 1.3.0 (SwiftShader Device (Subzero) (0x0000C0DE)), SwiftShader driver)","Mozilla/5.0 (Windows NT 10.0; Win64; x64) AppleWebKit/537.36 (KHTML, like Gecko) HeadlessChrome/151.0.7922.34 Safari/537.36","Windows_NT 10.0.26200 x64","AMD Ryzen 7 5800H with Radeon Graphics         ","151.0.7922.34"
"2","guarded","2","0","1","0","2026-08-21T23:00:04.554Z","ANGLE (Google, Vulkan 1.3.0 (SwiftShader Device (Subzero) (0x0000C0DE)), SwiftShader driver)","Mozilla/5.0 (Windows NT 10.0; Win64; x64) AppleWebKit/537.36 (KHTML, like Gecko) HeadlessChrome/151.0.7922.34 Safari/537.36","Windows_NT 10.0.26200 x64","AMD Ryzen 7 5800H with Radeon Graphics         ","151.0.7922.34"
"2","guarded","3","0","1","0","2026-08-21T23:00:04.554Z","ANGLE (Google, Vulkan 1.3.0 (SwiftShader Device (Subzero) (0x0000C0DE)), SwiftShader driver)","Mozilla/5.0 (Windows NT 10.0; Win64; x64) AppleWebKit/537.36 (KHTML, like Gecko) HeadlessChrome/151.0.7922.34 Safari/537.36","Windows_NT 10.0.26200 x64","AMD Ryzen 7 5800H with Radeon Graphics         ","151.0.7922.34"
"2","guarded","4","0","1","0","2026-08-21T23:00:04.554Z","ANGLE (Google, Vulkan 1.3.0 (SwiftShader Device (Subzero) (0x0000C0DE)), SwiftShader driver)","Mozilla/5.0 (Windows NT 10.0; Win64; x64) AppleWebKit/537.36 (KHTML, like Gecko) HeadlessChrome/151.0.7922.34 Safari/537.36","Windows_NT 10.0.26200 x64","AMD Ryzen 7 5800H with Radeon Graphics         ","151.0.7922.34"
"2","guarded","5","0","1","0","2026-08-21T23:00:04.554Z","ANGLE (Google, Vulkan 1.3.0 (SwiftShader Device (Subzero) (0x0000C0DE)), SwiftShader driver)","Mozilla/5.0 (Windows NT 10.0; Win64; x64) AppleWebKit/537.36 (KHTML, like Gecko) HeadlessChrome/151.0.7922.34 Safari/537.36","Windows_NT 10.0.26200 x64","AMD Ryzen 7 5800H with Radeon Graphics         ","151.0.7922.34"
"2","guarded","6","0","1","0","2026-08-21T23:00:04.554Z","ANGLE (Google, Vulkan 1.3.0 (SwiftShader Device (Subzero) (0x0000C0DE)), SwiftShader driver)","Mozilla/5.0 (Windows NT 10.0; Win64; x64) AppleWebKit/537.36 (KHTML, like Gecko) HeadlessChrome/151.0.7922.34 Safari/537.36","Windows_NT 10.0.26200 x64","AMD Ryzen 7 5800H with Radeon Graphics         ","151.0.7922.34"
"2","guarded","7","0","1","0","2026-08-21T23:00:04.554Z","ANGLE (Google, Vulkan 1.3.0 (SwiftShader Device (Subzero) (0x0000C0DE)), SwiftShader driver)","Mozilla/5.0 (Windows NT 10.0; Win64; x64) AppleWebKit/537.36 (KHTML, like Gecko) HeadlessChrome/151.0.7922.34 Safari/537.36","Windows_NT 10.0.26200 x64","AMD Ryzen 7 5800H with Radeon Graphics         ","151.0.7922.34"
"2","guarded","8","0","1","0","2026-08-21T23:00:04.554Z","ANGLE (Google, Vulkan 1.3.0 (SwiftShader Device (Subzero) (0x0000C0DE)), SwiftShader driver)","Mozilla/5.0 (Windows NT 10.0; Win64; x64) AppleWebKit/537.36 (KHTML, like Gecko) HeadlessChrome/151.0.7922.34 Safari/537.36","Windows_NT 10.0.26200 x64","AMD Ryzen 7 5800H with Radeon Graphics         ","151.0.7922.34"
"2","guarded","9","0","1","0","2026-08-21T23:00:04.554Z","ANGLE (Google, Vulkan 1.3.0 (SwiftShader Device (Subzero) (0x0000C0DE)), SwiftShader driver)","Mozilla/5.0 (Windows NT 10.0; Win64; x64) AppleWebKit/537.36 (KHTML, like Gecko) HeadlessChrome/151.0.7922.34 Safari/537.36","Windows_NT 10.0.26200 x64","AMD Ryzen 7 5800H with Radeon Graphics         ","151.0.7922.34"
"2","guarded","10","0","1","0","2026-08-21T23:00:04.554Z","ANGLE (Google, Vulkan 1.3.0 (SwiftShader Device (Subzero) (0x0000C0DE)), SwiftShader driver)","Mozilla/5.0 (Windows NT 10.0; Win64; x64) AppleWebKit/537.36 (KHTML, like Gecko) HeadlessChrome/151.0.7922.34 Safari/537.36","Windows_NT 10.0.26200 x64","AMD Ryzen 7 5800H with Radeon Graphics         ","151.0.7922.34"
"2","guarded","11","0","1","0","2026-08-21T23:00:04.554Z","ANGLE (Google, Vulkan 1.3.0 (SwiftShader Device (Subzero) (0x0000C0DE)), SwiftShader driver)","Mozilla/5.0 (Windows NT 10.0; Win64; x64) AppleWebKit/537.36 (KHTML, like Gecko) HeadlessChrome/151.0.7922.34 Safari/537.36","Windows_NT 10.0.26200 x64","AMD Ryzen 7 5800H with Radeon Graphics         ","151.0.7922.34"
"2","guarded","12","0","1","0","2026-08-21T23:00:04.554Z","ANGLE (Google, Vulkan 1.3.0 (SwiftShader Device (Subzero) (0x0000C0DE)), SwiftShader driver)","Mozilla/5.0 (Windows NT 10.0; Win64; x64) AppleWebKit/537.36 (KHTML, like Gecko) HeadlessChrome/151.0.7922.34 Safari/537.36","Windows_NT 10.0.26200 x64","AMD Ryzen 7 5800H with Radeon Graphics         ","151.0.7922.34"
"2","guarded","13","0","1","0","2026-08-21T23:00:04.554Z","ANGLE (Google, Vulkan 1.3.0 (SwiftShader Device (Subzero) (0x0000C0DE)), SwiftShader driver)","Mozilla/5.0 (Windows NT 10.0; Win64; x64) AppleWebKit/537.36 (KHTML, like Gecko) HeadlessChrome/151.0.7922.34 Safari/537.36","Windows_NT 10.0.26200 x64","AMD Ryzen 7 5800H with Radeon Graphics         ","151.0.7922.34"
"2","guarded","14","0","1","0","2026-08-21T23:00:04.554Z","ANGLE (Google, Vulkan 1.3.0 (SwiftShader Device (Subzero) (0x0000C0DE)), SwiftShader driver)","Mozilla/5.0 (Windows NT 10.0; Win64; x64) AppleWebKit/537.36 (KHTML, like Gecko) HeadlessChrome/151.0.7922.34 Safari/537.36","Windows_NT 10.0.26200 x64","AMD Ryzen 7 5800H with Radeon Graphics         ","151.0.7922.34"
"2","guarded","15","0","1","0","2026-08-21T23:00:04.554Z","ANGLE (Google, Vulkan 1.3.0 (SwiftShader Device (Subzero) (0x0000C0DE)), SwiftShader driver)","Mozilla/5.0 (Windows NT 10.0; Win64; x64) AppleWebKit/537.36 (KHTML, like Gecko) HeadlessChrome/151.0.7922.34 Safari/537.36","Windows_NT 10.0.26200 x64","AMD Ryzen 7 5800H with Radeon Graphics         ","151.0.7922.34"
"2","guarded","16","0","1","0","2026-08-21T23:00:04.554Z","ANGLE (Google, Vulkan 1.3.0 (SwiftShader Device (Subzero) (0x0000C0DE)), SwiftShader driver)","Mozilla/5.0 (Windows NT 10.0; Win64; x64) AppleWebKit/537.36 (KHTML, like Gecko) HeadlessChrome/151.0.7922.34 Safari/537.36","Windows_NT 10.0.26200 x64","AMD Ryzen 7 5800H with Radeon Graphics         ","151.0.7922.34"
"2","guarded","17","0","1","0","2026-08-21T23:00:04.554Z","ANGLE (Google, Vulkan 1.3.0 (SwiftShader Device (Subzero) (0x0000C0DE)), SwiftShader driver)","Mozilla/5.0 (Windows NT 10.0; Win64; x64) AppleWebKit/537.36 (KHTML, like Gecko) HeadlessChrome/151.0.7922.34 Safari/537.36","Windows_NT 10.0.26200 x64","AMD Ryzen 7 5800H with Radeon Graphics         ","151.0.7922.34"
"2","guarded","18","0","1","0","2026-08-21T23:00:04.554Z","ANGLE (Google, Vulkan 1.3.0 (SwiftShader Device (Subzero) (0x0000C0DE)), SwiftShader driver)","Mozilla/5.0 (Windows NT 10.0; Win64; x64) AppleWebKit/537.36 (KHTML, like Gecko) HeadlessChrome/151.0.7922.34 Safari/537.36","Windows_NT 10.0.26200 x64","AMD Ryzen 7 5800H with Radeon Graphics         ","151.0.7922.34"
"2","guarded","19","0","1","0","2026-08-21T23:00:04.554Z","ANGLE (Google, Vulkan 1.3.0 (SwiftShader Device (Subzero) (0x0000C0DE)), SwiftShader driver)","Mozilla/5.0 (Windows NT 10.0; Win64; x64) AppleWebKit/537.36 (KHTML, like Gecko) HeadlessChrome/151.0.7922.34 Safari/537.36","Windows_NT 10.0.26200 x64","AMD Ryzen 7 5800H with Radeon Graphics         ","151.0.7922.34"
"2","guarded","20","0","1","0","2026-08-21T23:00:04.554Z","ANGLE (Google, Vulkan 1.3.0 (SwiftShader Device (Subzero) (0x0000C0DE)), SwiftShader driver)","Mozilla/5.0 (Windows NT 10.0; Win64; x64) AppleWebKit/537.36 (KHTML, like Gecko) HeadlessChrome/151.0.7922.34 Safari/537.36","Windows_NT 10.0.26200 x64","AMD Ryzen 7 5800H with Radeon Graphics         ","151.0.7922.34"
"2","guarded","21","0","1","0","2026-08-21T23:00:04.554Z","ANGLE (Google, Vulkan 1.3.0 (SwiftShader Device (Subzero) (0x0000C0DE)), SwiftShader driver)","Mozilla/5.0 (Windows NT 10.0; Win64; x64) AppleWebKit/537.36 (KHTML, like Gecko) HeadlessChrome/151.0.7922.34 Safari/537.36","Windows_NT 10.0.26200 x64","AMD Ryzen 7 5800H with Radeon Graphics         ","151.0.7922.34"
"2","guarded","22","0","1","0","2026-08-21T23:00:04.554Z","ANGLE (Google, Vulkan 1.3.0 (SwiftShader Device (Subzero) (0x0000C0DE)), SwiftShader driver)","Mozilla/5.0 (Windows NT 10.0; Win64; x64) AppleWebKit/537.36 (KHTML, like Gecko) HeadlessChrome/151.0.7922.34 Safari/537.36","Windows_NT 10.0.26200 x64","AMD Ryzen 7 5800H with Radeon Graphics         ","151.0.7922.34"
"2","guarded","23","0","1","0","2026-08-21T23:00:04.554Z","ANGLE (Google, Vulkan 1.3.0 (SwiftShader Device (Subzero) (0x0000C0DE)), SwiftShader driver)","Mozilla/5.0 (Windows NT 10.0; Win64; x64) AppleWebKit/537.36 (KHTML, like Gecko) HeadlessChrome/151.0.7922.34 Safari/537.36","Windows_NT 10.0.26200 x64","AMD Ryzen 7 5800H with Radeon Graphics         ","151.0.7922.34"
"2","guarded","24","0","1","0","2026-08-21T23:00:04.554Z","ANGLE (Google, Vulkan 1.3.0 (SwiftShader Device (Subzero) (0x0000C0DE)), SwiftShader driver)","Mozilla/5.0 (Windows NT 10.0; Win64; x64) AppleWebKit/537.36 (KHTML, like Gecko) HeadlessChrome/151.0.7922.34 Safari/537.36","Windows_NT 10.0.26200 x64","AMD Ryzen 7 5800H with Radeon Graphics         ","151.0.7922.34"
"2","guarded","25","0","1","0","2026-08-21T23:00:04.554Z","ANGLE (Google, Vulkan 1.3.0 (SwiftShader Device (Subzero) (0x0000C0DE)), SwiftShader driver)","Mozilla/5.0 (Windows NT 10.0; Win64; x64) AppleWebKit/537.36 (KHTML, like Gecko) HeadlessChrome/151.0.7922.34 Safari/537.36","Windows_NT 10.0.26200 x64","AMD Ryzen 7 5800H with Radeon Graphics         ","151.0.7922.34"
"2","guarded","26","0","1","0","2026-08-21T23:00:04.554Z","ANGLE (Google, Vulkan 1.3.0 (SwiftShader Device (Subzero) (0x0000C0DE)), SwiftShader driver)","Mozilla/5.0 (Windows NT 10.0; Win64; x64) AppleWebKit/537.36 (KHTML, like Gecko) HeadlessChrome/151.0.7922.34 Safari/537.36","Windows_NT 10.0.26200 x64","AMD Ryzen 7 5800H with Radeon Graphics         ","151.0.7922.34"
"2","guarded","27","0","1","0","2026-08-21T23:00:04.554Z","ANGLE (Google, Vulkan 1.3.0 (SwiftShader Device (Subzero) (0x0000C0DE)), SwiftShader driver)","Mozilla/5.0 (Windows NT 10.0; Win64; x64) AppleWebKit/537.36 (KHTML, like Gecko) HeadlessChrome/151.0.7922.34 Safari/537.36","Windows_NT 10.0.26200 x64","AMD Ryzen 7 5800H with Radeon Graphics         ","151.0.7922.34"
"2","guarded","28","0","1","0","2026-08-21T23:00:04.554Z","ANGLE (Google, Vulkan 1.3.0 (SwiftShader Device (Subzero) (0x0000C0DE)), SwiftShader driver)","Mozilla/5.0 (Windows NT 10.0; Win64; x64) AppleWebKit/537.36 (KHTML, like Gecko) HeadlessChrome/151.0.7922.34 Safari/537.36","Windows_NT 10.0.26200 x64","AMD Ryzen 7 5800H with Radeon Graphics         ","151.0.7922.34"
"2","guarded","29","0","1","0","2026-08-21T23:00:04.554Z","ANGLE (Google, Vulkan 1.3.0 (SwiftShader Device (Subzero) (0x0000C0DE)), SwiftShader driver)","Mozilla/5.0 (Windows NT 10.0; Win64; x64) AppleWebKit/537.36 (KHTML, like Gecko) HeadlessChrome/151.0.7922.34 Safari/537.36","Windows_NT 10.0.26200 x64","AMD Ryzen 7 5800H with Radeon Graphics         ","151.0.7922.34"
"2","guarded","30","0","1","0","2026-08-21T23:00:04.554Z","ANGLE (Google, Vulkan 1.3.0 (SwiftShader Device (Subzero) (0x0000C0DE)), SwiftShader driver)","Mozilla/5.0 (Windows NT 10.0; Win64; x64) AppleWebKit/537.36 (KHTML, like Gecko) HeadlessChrome/151.0.7922.34 Safari/537.36","Windows_NT 10.0.26200 x64","AMD Ryzen 7 5800H with Radeon Graphics         ","151.0.7922.34"
"2","guarded","31","0","1","0","2026-08-21T23:00:04.554Z","ANGLE (Google, Vulkan 1.3.0 (SwiftShader Device (Subzero) (0x0000C0DE)), SwiftShader driver)","Mozilla/5.0 (Windows NT 10.0; Win64; x64) AppleWebKit/537.36 (KHTML, like Gecko) HeadlessChrome/151.0.7922.34 Safari/537.36","Windows_NT 10.0.26200 x64","AMD Ryzen 7 5800H with Radeon Graphics         ","151.0.7922.34"
"2","guarded","32","0","1","0","2026-08-21T23:00:04.554Z","ANGLE (Google, Vulkan 1.3.0 (SwiftShader Device (Subzero) (0x0000C0DE)), SwiftShader driver)","Mozilla/5.0 (Windows NT 10.0; Win64; x64) AppleWebKit/537.36 (KHTML, like Gecko) HeadlessChrome/151.0.7922.34 Safari/537.36","Windows_NT 10.0.26200 x64","AMD Ryzen 7 5800H with Radeon Graphics         ","151.0.7922.34"
"2","guarded","33","0","1","0","2026-08-21T23:00:04.554Z","ANGLE (Google, Vulkan 1.3.0 (SwiftShader Device (Subzero) (0x0000C0DE)), SwiftShader driver)","Mozilla/5.0 (Windows NT 10.0; Win64; x64) AppleWebKit/537.36 (KHTML, like Gecko) HeadlessChrome/151.0.7922.34 Safari/537.36","Windows_NT 10.0.26200 x64","AMD Ryzen 7 5800H with Radeon Graphics         ","151.0.7922.34"
"2","guarded","34","0","1","0","2026-08-21T23:00:04.554Z","ANGLE (Google, Vulkan 1.3.0 (SwiftShader Device (Subzero) (0x0000C0DE)), SwiftShader driver)","Mozilla/5.0 (Windows NT 10.0; Win64; x64) AppleWebKit/537.36 (KHTML, like Gecko) HeadlessChrome/151.0.7922.34 Safari/537.36","Windows_NT 10.0.26200 x64","AMD Ryzen 7 5800H with Radeon Graphics         ","151.0.7922.34"
"2","guarded","35","0","1","0","2026-08-21T23:00:04.554Z","ANGLE (Google, Vulkan 1.3.0 (SwiftShader Device (Subzero) (0x0000C0DE)), SwiftShader driver)","Mozilla/5.0 (Windows NT 10.0; Win64; x64) AppleWebKit/537.36 (KHTML, like Gecko) HeadlessChrome/151.0.7922.34 Safari/537.36","Windows_NT 10.0.26200 x64","AMD Ryzen 7 5800H with Radeon Graphics         ","151.0.7922.34"
"2","guarded","36","0","1","0","2026-08-21T23:00:04.554Z","ANGLE (Google, Vulkan 1.3.0 (SwiftShader Device (Subzero) (0x0000C0DE)), SwiftShader driver)","Mozilla/5.0 (Windows NT 10.0; Win64; x64) AppleWebKit/537.36 (KHTML, like Gecko) HeadlessChrome/151.0.7922.34 Safari/537.36","Windows_NT 10.0.26200 x64","AMD Ryzen 7 5800H with Radeon Graphics         ","151.0.7922.34"
"2","guarded","37","0","1","0","2026-08-21T23:00:04.554Z","ANGLE (Google, Vulkan 1.3.0 (SwiftShader Device (Subzero) (0x0000C0DE)), SwiftShader driver)","Mozilla/5.0 (Windows NT 10.0; Win64; x64) AppleWebKit/537.36 (KHTML, like Gecko) HeadlessChrome/151.0.7922.34 Safari/537.36","Windows_NT 10.0.26200 x64","AMD Ryzen 7 5800H with Radeon Graphics         ","151.0.7922.34"
"2","guarded","38","0","1","0","2026-08-21T23:00:04.554Z","ANGLE (Google, Vulkan 1.3.0 (SwiftShader Device (Subzero) (0x0000C0DE)), SwiftShader driver)","Mozilla/5.0 (Windows NT 10.0; Win64; x64) AppleWebKit/537.36 (KHTML, like Gecko) HeadlessChrome/151.0.7922.34 Safari/537.36","Windows_NT 10.0.26200 x64","AMD Ryzen 7 5800H with Radeon Graphics         ","151.0.7922.34"
"2","guarded","39","0","1","0","2026-08-21T23:00:04.554Z","ANGLE (Google, Vulkan 1.3.0 (SwiftShader Device (Subzero) (0x0000C0DE)), SwiftShader driver)","Mozilla/5.0 (Windows NT 10.0; Win64; x64) AppleWebKit/537.36 (KHTML, like Gecko) HeadlessChrome/151.0.7922.34 Safari/537.36","Windows_NT 10.0.26200 x64","AMD Ryzen 7 5800H with Radeon Graphics         ","151.0.7922.34"
"2","guarded","40","0","1","0","2026-08-21T23:00:04.554Z","ANGLE (Google, Vulkan 1.3.0 (SwiftShader Device (Subzero) (0x0000C0DE)), SwiftShader driver)","Mozilla/5.0 (Windows NT 10.0; Win64; x64) AppleWebKit/537.36 (KHTML, like Gecko) HeadlessChrome/151.0.7922.34 Safari/537.36","Windows_NT 10.0.26200 x64","AMD Ryzen 7 5800H with Radeon Graphics         ","151.0.7922.34"
"2","guarded","41","0","1","0","2026-08-21T23:00:04.554Z","ANGLE (Google, Vulkan 1.3.0 (SwiftShader Device (Subzero) (0x0000C0DE)), SwiftShader driver)","Mozilla/5.0 (Windows NT 10.0; Win64; x64) AppleWebKit/537.36 (KHTML, like Gecko) HeadlessChrome/151.0.7922.34 Safari/537.36","Windows_NT 10.0.26200 x64","AMD Ryzen 7 5800H with Radeon Graphics         ","151.0.7922.34"
"2","guarded","42","0","1","0","2026-08-21T23:00:04.554Z","ANGLE (Google, Vulkan 1.3.0 (SwiftShader Device (Subzero) (0x0000C0DE)), SwiftShader driver)","Mozilla/5.0 (Windows NT 10.0; Win64; x64) AppleWebKit/537.36 (KHTML, like Gecko) HeadlessChrome/151.0.7922.34 Safari/537.36","Windows_NT 10.0.26200 x64","AMD Ryzen 7 5800H with Radeon Graphics         ","151.0.7922.34"
"2","guarded","43","0","1","0","2026-08-21T23:00:04.554Z","ANGLE (Google, Vulkan 1.3.0 (SwiftShader Device (Subzero) (0x0000C0DE)), SwiftShader driver)","Mozilla/5.0 (Windows NT 10.0; Win64; x64) AppleWebKit/537.36 (KHTML, like Gecko) HeadlessChrome/151.0.7922.34 Safari/537.36","Windows_NT 10.0.26200 x64","AMD Ryzen 7 5800H with Radeon Graphics         ","151.0.7922.34"
"2","guarded","44","0","1","0","2026-08-21T23:00:04.554Z","ANGLE (Google, Vulkan 1.3.0 (SwiftShader Device (Subzero) (0x0000C0DE)), SwiftShader driver)","Mozilla/5.0 (Windows NT 10.0; Win64; x64) AppleWebKit/537.36 (KHTML, like Gecko) HeadlessChrome/151.0.7922.34 Safari/537.36","Windows_NT 10.0.26200 x64","AMD Ryzen 7 5800H with Radeon Graphics         ","151.0.7922.34"
"2","guarded","45","0","1","0","2026-08-21T23:00:04.554Z","ANGLE (Google, Vulkan 1.3.0 (SwiftShader Device (Subzero) (0x0000C0DE)), SwiftShader driver)","Mozilla/5.0 (Windows NT 10.0; Win64; x64) AppleWebKit/537.36 (KHTML, like Gecko) HeadlessChrome/151.0.7922.34 Safari/537.36","Windows_NT 10.0.26200 x64","AMD Ryzen 7 5800H with Radeon Graphics         ","151.0.7922.34"
"2","guarded","46","0","1","0","2026-08-21T23:00:04.554Z","ANGLE (Google, Vulkan 1.3.0 (SwiftShader Device (Subzero) (0x0000C0DE)), SwiftShader driver)","Mozilla/5.0 (Windows NT 10.0; Win64; x64) AppleWebKit/537.36 (KHTML, like Gecko) HeadlessChrome/151.0.7922.34 Safari/537.36","Windows_NT 10.0.26200 x64","AMD Ryzen 7 5800H with Radeon Graphics         ","151.0.7922.34"
"2","guarded","47","0","1","0","2026-08-21T23:00:04.554Z","ANGLE (Google, Vulkan 1.3.0 (SwiftShader Device (Subzero) (0x0000C0DE)), SwiftShader driver)","Mozilla/5.0 (Windows NT 10.0; Win64; x64) AppleWebKit/537.36 (KHTML, like Gecko) HeadlessChrome/151.0.7922.34 Safari/537.36","Windows_NT 10.0.26200 x64","AMD Ryzen 7 5800H with Radeon Graphics         ","151.0.7922.34"
"2","guarded","48","0","1","0","2026-08-21T23:00:04.554Z","ANGLE (Google, Vulkan 1.3.0 (SwiftShader Device (Subzero) (0x0000C0DE)), SwiftShader driver)","Mozilla/5.0 (Windows NT 10.0; Win64; x64) AppleWebKit/537.36 (KHTML, like Gecko) HeadlessChrome/151.0.7922.34 Safari/537.36","Windows_NT 10.0.26200 x64","AMD Ryzen 7 5800H with Radeon Graphics         ","151.0.7922.34"
"2","guarded","49","0","1","0","2026-08-21T23:00:04.554Z","ANGLE (Google, Vulkan 1.3.0 (SwiftShader Device (Subzero) (0x0000C0DE)), SwiftShader driver)","Mozilla/5.0 (Windows NT 10.0; Win64; x64) AppleWebKit/537.36 (KHTML, like Gecko) HeadlessChrome/151.0.7922.34 Safari/537.36","Windows_NT 10.0.26200 x64","AMD Ryzen 7 5800H with Radeon Graphics         ","151.0.7922.34"
"2","guarded","50","0","1","0","2026-08-21T23:00:04.554Z","ANGLE (Google, Vulkan 1.3.0 (SwiftShader Device (Subzero) (0x0000C0DE)), SwiftShader driver)","Mozilla/5.0 (Windows NT 10.0; Win64; x64) AppleWebKit/537.36 (KHTML, like Gecko) HeadlessChrome/151.0.7922.34 Safari/537.36","Windows_NT 10.0.26200 x64","AMD Ryzen 7 5800H with Radeon Graphics         ","151.0.7922.34"
"3","unmanaged","1","4","5","1","2026-08-21T23:00:09.801Z","ANGLE (Google, Vulkan 1.3.0 (SwiftShader Device (Subzero) (0x0000C0DE)), SwiftShader driver)","Mozilla/5.0 (Windows NT 10.0; Win64; x64) AppleWebKit/537.36 (KHTML, like Gecko) HeadlessChrome/151.0.7922.34 Safari/537.36","Windows_NT 10.0.26200 x64","AMD Ryzen 7 5800H with Radeon Graphics         ","151.0.7922.34"
"3","unmanaged","2","8","9","1","2026-08-21T23:00:09.801Z","ANGLE (Google, Vulkan 1.3.0 (SwiftShader Device (Subzero) (0x0000C0DE)), SwiftShader driver)","Mozilla/5.0 (Windows NT 10.0; Win64; x64) AppleWebKit/537.36 (KHTML, like Gecko) HeadlessChrome/151.0.7922.34 Safari/537.36","Windows_NT 10.0.26200 x64","AMD Ryzen 7 5800H with Radeon Graphics         ","151.0.7922.34"
"3","unmanaged","3","12","13","1","2026-08-21T23:00:09.801Z","ANGLE (Google, Vulkan 1.3.0 (SwiftShader Device (Subzero) (0x0000C0DE)), SwiftShader driver)","Mozilla/5.0 (Windows NT 10.0; Win64; x64) AppleWebKit/537.36 (KHTML, like Gecko) HeadlessChrome/151.0.7922.34 Safari/537.36","Windows_NT 10.0.26200 x64","AMD Ryzen 7 5800H with Radeon Graphics         ","151.0.7922.34"
"3","unmanaged","4","16","17","1","2026-08-21T23:00:09.801Z","ANGLE (Google, Vulkan 1.3.0 (SwiftShader Device (Subzero) (0x0000C0DE)), SwiftShader driver)","Mozilla/5.0 (Windows NT 10.0; Win64; x64) AppleWebKit/537.36 (KHTML, like Gecko) HeadlessChrome/151.0.7922.34 Safari/537.36","Windows_NT 10.0.26200 x64","AMD Ryzen 7 5800H with Radeon Graphics         ","151.0.7922.34"
"3","unmanaged","5","20","21","1","2026-08-21T23:00:09.801Z","ANGLE (Google, Vulkan 1.3.0 (SwiftShader Device (Subzero) (0x0000C0DE)), SwiftShader driver)","Mozilla/5.0 (Windows NT 10.0; Win64; x64) AppleWebKit/537.36 (KHTML, like Gecko) HeadlessChrome/151.0.7922.34 Safari/537.36","Windows_NT 10.0.26200 x64","AMD Ryzen 7 5800H with Radeon Graphics         ","151.0.7922.34"
"3","unmanaged","6","24","25","1","2026-08-21T23:00:09.801Z","ANGLE (Google, Vulkan 1.3.0 (SwiftShader Device (Subzero) (0x0000C0DE)), SwiftShader driver)","Mozilla/5.0 (Windows NT 10.0; Win64; x64) AppleWebKit/537.36 (KHTML, like Gecko) HeadlessChrome/151.0.7922.34 Safari/537.36","Windows_NT 10.0.26200 x64","AMD Ryzen 7 5800H with Radeon Graphics         ","151.0.7922.34"
"3","unmanaged","7","28","29","1","2026-08-21T23:00:09.801Z","ANGLE (Google, Vulkan 1.3.0 (SwiftShader Device (Subzero) (0x0000C0DE)), SwiftShader driver)","Mozilla/5.0 (Windows NT 10.0; Win64; x64) AppleWebKit/537.36 (KHTML, like Gecko) HeadlessChrome/151.0.7922.34 Safari/537.36","Windows_NT 10.0.26200 x64","AMD Ryzen 7 5800H with Radeon Graphics         ","151.0.7922.34"
"3","unmanaged","8","32","33","1","2026-08-21T23:00:09.801Z","ANGLE (Google, Vulkan 1.3.0 (SwiftShader Device (Subzero) (0x0000C0DE)), SwiftShader driver)","Mozilla/5.0 (Windows NT 10.0; Win64; x64) AppleWebKit/537.36 (KHTML, like Gecko) HeadlessChrome/151.0.7922.34 Safari/537.36","Windows_NT 10.0.26200 x64","AMD Ryzen 7 5800H with Radeon Graphics         ","151.0.7922.34"
"3","unmanaged","9","36","37","1","2026-08-21T23:00:09.801Z","ANGLE (Google, Vulkan 1.3.0 (SwiftShader Device (Subzero) (0x0000C0DE)), SwiftShader driver)","Mozilla/5.0 (Windows NT 10.0; Win64; x64) AppleWebKit/537.36 (KHTML, like Gecko) HeadlessChrome/151.0.7922.34 Safari/537.36","Windows_NT 10.0.26200 x64","AMD Ryzen 7 5800H with Radeon Graphics         ","151.0.7922.34"
"3","unmanaged","10","40","41","1","2026-08-21T23:00:09.801Z","ANGLE (Google, Vulkan 1.3.0 (SwiftShader Device (Subzero) (0x0000C0DE)), SwiftShader driver)","Mozilla/5.0 (Windows NT 10.0; Win64; x64) AppleWebKit/537.36 (KHTML, like Gecko) HeadlessChrome/151.0.7922.34 Safari/537.36","Windows_NT 10.0.26200 x64","AMD Ryzen 7 5800H with Radeon Graphics         ","151.0.7922.34"
"3","unmanaged","11","44","45","1","2026-08-21T23:00:09.801Z","ANGLE (Google, Vulkan 1.3.0 (SwiftShader Device (Subzero) (0x0000C0DE)), SwiftShader driver)","Mozilla/5.0 (Windows NT 10.0; Win64; x64) AppleWebKit/537.36 (KHTML, like Gecko) HeadlessChrome/151.0.7922.34 Safari/537.36","Windows_NT 10.0.26200 x64","AMD Ryzen 7 5800H with Radeon Graphics         ","151.0.7922.34"
"3","unmanaged","12","48","49","1","2026-08-21T23:00:09.801Z","ANGLE (Google, Vulkan 1.3.0 (SwiftShader Device (Subzero) (0x0000C0DE)), SwiftShader driver)","Mozilla/5.0 (Windows NT 10.0; Win64; x64) AppleWebKit/537.36 (KHTML, like Gecko) HeadlessChrome/151.0.7922.34 Safari/537.36","Windows_NT 10.0.26200 x64","AMD Ryzen 7 5800H with Radeon Graphics         ","151.0.7922.34"
"3","unmanaged","13","52","53","1","2026-08-21T23:00:09.801Z","ANGLE (Google, Vulkan 1.3.0 (SwiftShader Device (Subzero) (0x0000C0DE)), SwiftShader driver)","Mozilla/5.0 (Windows NT 10.0; Win64; x64) AppleWebKit/537.36 (KHTML, like Gecko) HeadlessChrome/151.0.7922.34 Safari/537.36","Windows_NT 10.0.26200 x64","AMD Ryzen 7 5800H with Radeon Graphics         ","151.0.7922.34"
"3","unmanaged","14","56","57","1","2026-08-21T23:00:09.801Z","ANGLE (Google, Vulkan 1.3.0 (SwiftShader Device (Subzero) (0x0000C0DE)), SwiftShader driver)","Mozilla/5.0 (Windows NT 10.0; Win64; x64) AppleWebKit/537.36 (KHTML, like Gecko) HeadlessChrome/151.0.7922.34 Safari/537.36","Windows_NT 10.0.26200 x64","AMD Ryzen 7 5800H with Radeon Graphics         ","151.0.7922.34"
"3","unmanaged","15","60","61","1","2026-08-21T23:00:09.801Z","ANGLE (Google, Vulkan 1.3.0 (SwiftShader Device (Subzero) (0x0000C0DE)), SwiftShader driver)","Mozilla/5.0 (Windows NT 10.0; Win64; x64) AppleWebKit/537.36 (KHTML, like Gecko) HeadlessChrome/151.0.7922.34 Safari/537.36","Windows_NT 10.0.26200 x64","AMD Ryzen 7 5800H with Radeon Graphics         ","151.0.7922.34"
"3","unmanaged","16","64","65","1","2026-08-21T23:00:09.801Z","ANGLE (Google, Vulkan 1.3.0 (SwiftShader Device (Subzero) (0x0000C0DE)), SwiftShader driver)","Mozilla/5.0 (Windows NT 10.0; Win64; x64) AppleWebKit/537.36 (KHTML, like Gecko) HeadlessChrome/151.0.7922.34 Safari/537.36","Windows_NT 10.0.26200 x64","AMD Ryzen 7 5800H with Radeon Graphics         ","151.0.7922.34"
"3","unmanaged","17","68","69","1","2026-08-21T23:00:09.801Z","ANGLE (Google, Vulkan 1.3.0 (SwiftShader Device (Subzero) (0x0000C0DE)), SwiftShader driver)","Mozilla/5.0 (Windows NT 10.0; Win64; x64) AppleWebKit/537.36 (KHTML, like Gecko) HeadlessChrome/151.0.7922.34 Safari/537.36","Windows_NT 10.0.26200 x64","AMD Ryzen 7 5800H with Radeon Graphics         ","151.0.7922.34"
"3","unmanaged","18","72","73","1","2026-08-21T23:00:09.801Z","ANGLE (Google, Vulkan 1.3.0 (SwiftShader Device (Subzero) (0x0000C0DE)), SwiftShader driver)","Mozilla/5.0 (Windows NT 10.0; Win64; x64) AppleWebKit/537.36 (KHTML, like Gecko) HeadlessChrome/151.0.7922.34 Safari/537.36","Windows_NT 10.0.26200 x64","AMD Ryzen 7 5800H with Radeon Graphics         ","151.0.7922.34"
"3","unmanaged","19","76","77","1","2026-08-21T23:00:09.801Z","ANGLE (Google, Vulkan 1.3.0 (SwiftShader Device (Subzero) (0x0000C0DE)), SwiftShader driver)","Mozilla/5.0 (Windows NT 10.0; Win64; x64) AppleWebKit/537.36 (KHTML, like Gecko) HeadlessChrome/151.0.7922.34 Safari/537.36","Windows_NT 10.0.26200 x64","AMD Ryzen 7 5800H with Radeon Graphics         ","151.0.7922.34"
"3","unmanaged","20","80","81","1","2026-08-21T23:00:09.801Z","ANGLE (Google, Vulkan 1.3.0 (SwiftShader Device (Subzero) (0x0000C0DE)), SwiftShader driver)","Mozilla/5.0 (Windows NT 10.0; Win64; x64) AppleWebKit/537.36 (KHTML, like Gecko) HeadlessChrome/151.0.7922.34 Safari/537.36","Windows_NT 10.0.26200 x64","AMD Ryzen 7 5800H with Radeon Graphics         ","151.0.7922.34"
"3","unmanaged","21","84","85","1","2026-08-21T23:00:09.801Z","ANGLE (Google, Vulkan 1.3.0 (SwiftShader Device (Subzero) (0x0000C0DE)), SwiftShader driver)","Mozilla/5.0 (Windows NT 10.0; Win64; x64) AppleWebKit/537.36 (KHTML, like Gecko) HeadlessChrome/151.0.7922.34 Safari/537.36","Windows_NT 10.0.26200 x64","AMD Ryzen 7 5800H with Radeon Graphics         ","151.0.7922.34"
"3","unmanaged","22","88","89","1","2026-08-21T23:00:09.801Z","ANGLE (Google, Vulkan 1.3.0 (SwiftShader Device (Subzero) (0x0000C0DE)), SwiftShader driver)","Mozilla/5.0 (Windows NT 10.0; Win64; x64) AppleWebKit/537.36 (KHTML, like Gecko) HeadlessChrome/151.0.7922.34 Safari/537.36","Windows_NT 10.0.26200 x64","AMD Ryzen 7 5800H with Radeon Graphics         ","151.0.7922.34"
"3","unmanaged","23","92","93","1","2026-08-21T23:00:09.801Z","ANGLE (Google, Vulkan 1.3.0 (SwiftShader Device (Subzero) (0x0000C0DE)), SwiftShader driver)","Mozilla/5.0 (Windows NT 10.0; Win64; x64) AppleWebKit/537.36 (KHTML, like Gecko) HeadlessChrome/151.0.7922.34 Safari/537.36","Windows_NT 10.0.26200 x64","AMD Ryzen 7 5800H with Radeon Graphics         ","151.0.7922.34"
"3","unmanaged","24","96","97","1","2026-08-21T23:00:09.801Z","ANGLE (Google, Vulkan 1.3.0 (SwiftShader Device (Subzero) (0x0000C0DE)), SwiftShader driver)","Mozilla/5.0 (Windows NT 10.0; Win64; x64) AppleWebKit/537.36 (KHTML, like Gecko) HeadlessChrome/151.0.7922.34 Safari/537.36","Windows_NT 10.0.26200 x64","AMD Ryzen 7 5800H with Radeon Graphics         ","151.0.7922.34"
"3","unmanaged","25","100","101","1","2026-08-21T23:00:09.801Z","ANGLE (Google, Vulkan 1.3.0 (SwiftShader Device (Subzero) (0x0000C0DE)), SwiftShader driver)","Mozilla/5.0 (Windows NT 10.0; Win64; x64) AppleWebKit/537.36 (KHTML, like Gecko) HeadlessChrome/151.0.7922.34 Safari/537.36","Windows_NT 10.0.26200 x64","AMD Ryzen 7 5800H with Radeon Graphics         ","151.0.7922.34"
"3","unmanaged","26","104","105","1","2026-08-21T23:00:09.801Z","ANGLE (Google, Vulkan 1.3.0 (SwiftShader Device (Subzero) (0x0000C0DE)), SwiftShader driver)","Mozilla/5.0 (Windows NT 10.0; Win64; x64) AppleWebKit/537.36 (KHTML, like Gecko) HeadlessChrome/151.0.7922.34 Safari/537.36","Windows_NT 10.0.26200 x64","AMD Ryzen 7 5800H with Radeon Graphics         ","151.0.7922.34"
"3","unmanaged","27","108","109","1","2026-08-21T23:00:09.801Z","ANGLE (Google, Vulkan 1.3.0 (SwiftShader Device (Subzero) (0x0000C0DE)), SwiftShader driver)","Mozilla/5.0 (Windows NT 10.0; Win64; x64) AppleWebKit/537.36 (KHTML, like Gecko) HeadlessChrome/151.0.7922.34 Safari/537.36","Windows_NT 10.0.26200 x64","AMD Ryzen 7 5800H with Radeon Graphics         ","151.0.7922.34"
"3","unmanaged","28","112","113","1","2026-08-21T23:00:09.801Z","ANGLE (Google, Vulkan 1.3.0 (SwiftShader Device (Subzero) (0x0000C0DE)), SwiftShader driver)","Mozilla/5.0 (Windows NT 10.0; Win64; x64) AppleWebKit/537.36 (KHTML, like Gecko) HeadlessChrome/151.0.7922.34 Safari/537.36","Windows_NT 10.0.26200 x64","AMD Ryzen 7 5800H with Radeon Graphics         ","151.0.7922.34"
"3","unmanaged","29","116","117","1","2026-08-21T23:00:09.801Z","ANGLE (Google, Vulkan 1.3.0 (SwiftShader Device (Subzero) (0x0000C0DE)), SwiftShader driver)","Mozilla/5.0 (Windows NT 10.0; Win64; x64) AppleWebKit/537.36 (KHTML, like Gecko) HeadlessChrome/151.0.7922.34 Safari/537.36","Windows_NT 10.0.26200 x64","AMD Ryzen 7 5800H with Radeon Graphics         ","151.0.7922.34"
"3","unmanaged","30","120","121","1","2026-08-21T23:00:09.801Z","ANGLE (Google, Vulkan 1.3.0 (SwiftShader Device (Subzero) (0x0000C0DE)), SwiftShader driver)","Mozilla/5.0 (Windows NT 10.0; Win64; x64) AppleWebKit/537.36 (KHTML, like Gecko) HeadlessChrome/151.0.7922.34 Safari/537.36","Windows_NT 10.0.26200 x64","AMD Ryzen 7 5800H with Radeon Graphics         ","151.0.7922.34"
"3","unmanaged","31","124","125","1","2026-08-21T23:00:09.801Z","ANGLE (Google, Vulkan 1.3.0 (SwiftShader Device (Subzero) (0x0000C0DE)), SwiftShader driver)","Mozilla/5.0 (Windows NT 10.0; Win64; x64) AppleWebKit/537.36 (KHTML, like Gecko) HeadlessChrome/151.0.7922.34 Safari/537.36","Windows_NT 10.0.26200 x64","AMD Ryzen 7 5800H with Radeon Graphics         ","151.0.7922.34"
"3","unmanaged","32","128","129","1","2026-08-21T23:00:09.801Z","ANGLE (Google, Vulkan 1.3.0 (SwiftShader Device (Subzero) (0x0000C0DE)), SwiftShader driver)","Mozilla/5.0 (Windows NT 10.0; Win64; x64) AppleWebKit/537.36 (KHTML, like Gecko) HeadlessChrome/151.0.7922.34 Safari/537.36","Windows_NT 10.0.26200 x64","AMD Ryzen 7 5800H with Radeon Graphics         ","151.0.7922.34"
"3","unmanaged","33","132","133","1","2026-08-21T23:00:09.801Z","ANGLE (Google, Vulkan 1.3.0 (SwiftShader Device (Subzero) (0x0000C0DE)), SwiftShader driver)","Mozilla/5.0 (Windows NT 10.0; Win64; x64) AppleWebKit/537.36 (KHTML, like Gecko) HeadlessChrome/151.0.7922.34 Safari/537.36","Windows_NT 10.0.26200 x64","AMD Ryzen 7 5800H with Radeon Graphics         ","151.0.7922.34"
"3","unmanaged","34","136","137","1","2026-08-21T23:00:09.801Z","ANGLE (Google, Vulkan 1.3.0 (SwiftShader Device (Subzero) (0x0000C0DE)), SwiftShader driver)","Mozilla/5.0 (Windows NT 10.0; Win64; x64) AppleWebKit/537.36 (KHTML, like Gecko) HeadlessChrome/151.0.7922.34 Safari/537.36","Windows_NT 10.0.26200 x64","AMD Ryzen 7 5800H with Radeon Graphics         ","151.0.7922.34"
"3","unmanaged","35","140","141","1","2026-08-21T23:00:09.801Z","ANGLE (Google, Vulkan 1.3.0 (SwiftShader Device (Subzero) (0x0000C0DE)), SwiftShader driver)","Mozilla/5.0 (Windows NT 10.0; Win64; x64) AppleWebKit/537.36 (KHTML, like Gecko) HeadlessChrome/151.0.7922.34 Safari/537.36","Windows_NT 10.0.26200 x64","AMD Ryzen 7 5800H with Radeon Graphics         ","151.0.7922.34"
"3","unmanaged","36","144","145","1","2026-08-21T23:00:09.801Z","ANGLE (Google, Vulkan 1.3.0 (SwiftShader Device (Subzero) (0x0000C0DE)), SwiftShader driver)","Mozilla/5.0 (Windows NT 10.0; Win64; x64) AppleWebKit/537.36 (KHTML, like Gecko) HeadlessChrome/151.0.7922.34 Safari/537.36","Windows_NT 10.0.26200 x64","AMD Ryzen 7 5800H with Radeon Graphics         ","151.0.7922.34"
"3","unmanaged","37","148","149","1","2026-08-21T23:00:09.801Z","ANGLE (Google, Vulkan 1.3.0 (SwiftShader Device (Subzero) (0x0000C0DE)), SwiftShader driver)","Mozilla/5.0 (Windows NT 10.0; Win64; x64) AppleWebKit/537.36 (KHTML, like Gecko) HeadlessChrome/151.0.7922.34 Safari/537.36","Windows_NT 10.0.26200 x64","AMD Ryzen 7 5800H with Radeon Graphics         ","151.0.7922.34"
"3","unmanaged","38","152","153","1","2026-08-21T23:00:09.801Z","ANGLE (Google, Vulkan 1.3.0 (SwiftShader Device (Subzero) (0x0000C0DE)), SwiftShader driver)","Mozilla/5.0 (Windows NT 10.0; Win64; x64) AppleWebKit/537.36 (KHTML, like Gecko) HeadlessChrome/151.0.7922.34 Safari/537.36","Windows_NT 10.0.26200 x64","AMD Ryzen 7 5800H with Radeon Graphics         ","151.0.7922.34"
"3","unmanaged","39","156","157","1","2026-08-21T23:00:09.801Z","ANGLE (Google, Vulkan 1.3.0 (SwiftShader Device (Subzero) (0x0000C0DE)), SwiftShader driver)","Mozilla/5.0 (Windows NT 10.0; Win64; x64) AppleWebKit/537.36 (KHTML, like Gecko) HeadlessChrome/151.0.7922.34 Safari/537.36","Windows_NT 10.0.26200 x64","AMD Ryzen 7 5800H with Radeon Graphics         ","151.0.7922.34"
"3","unmanaged","40","160","161","1","2026-08-21T23:00:09.801Z","ANGLE (Google, Vulkan 1.3.0 (SwiftShader Device (Subzero) (0x0000C0DE)), SwiftShader driver)","Mozilla/5.0 (Windows NT 10.0; Win64; x64) AppleWebKit/537.36 (KHTML, like Gecko) HeadlessChrome/151.0.7922.34 Safari/537.36","Windows_NT 10.0.26200 x64","AMD Ryzen 7 5800H with Radeon Graphics         ","151.0.7922.34"
"3","unmanaged","41","164","165","1","2026-08-21T23:00:09.801Z","ANGLE (Google, Vulkan 1.3.0 (SwiftShader Device (Subzero) (0x0000C0DE)), SwiftShader driver)","Mozilla/5.0 (Windows NT 10.0; Win64; x64) AppleWebKit/537.36 (KHTML, like Gecko) HeadlessChrome/151.0.7922.34 Safari/537.36","Windows_NT 10.0.26200 x64","AMD Ryzen 7 5800H with Radeon Graphics         ","151.0.7922.34"
"3","unmanaged","42","168","169","1","2026-08-21T23:00:09.801Z","ANGLE (Google, Vulkan 1.3.0 (SwiftShader Device (Subzero) (0x0000C0DE)), SwiftShader driver)","Mozilla/5.0 (Windows NT 10.0; Win64; x64) AppleWebKit/537.36 (KHTML, like Gecko) HeadlessChrome/151.0.7922.34 Safari/537.36","Windows_NT 10.0.26200 x64","AMD Ryzen 7 5800H with Radeon Graphics         ","151.0.7922.34"
"3","unmanaged","43","172","173","1","2026-08-21T23:00:09.801Z","ANGLE (Google, Vulkan 1.3.0 (SwiftShader Device (Subzero) (0x0000C0DE)), SwiftShader driver)","Mozilla/5.0 (Windows NT 10.0; Win64; x64) AppleWebKit/537.36 (KHTML, like Gecko) HeadlessChrome/151.0.7922.34 Safari/537.36","Windows_NT 10.0.26200 x64","AMD Ryzen 7 5800H with Radeon Graphics         ","151.0.7922.34"
"3","unmanaged","44","176","177","1","2026-08-21T23:00:09.801Z","ANGLE (Google, Vulkan 1.3.0 (SwiftShader Device (Subzero) (0x0000C0DE)), SwiftShader driver)","Mozilla/5.0 (Windows NT 10.0; Win64; x64) AppleWebKit/537.36 (KHTML, like Gecko) HeadlessChrome/151.0.7922.34 Safari/537.36","Windows_NT 10.0.26200 x64","AMD Ryzen 7 5800H with Radeon Graphics         ","151.0.7922.34"
"3","unmanaged","45","180","181","1","2026-08-21T23:00:09.801Z","ANGLE (Google, Vulkan 1.3.0 (SwiftShader Device (Subzero) (0x0000C0DE)), SwiftShader driver)","Mozilla/5.0 (Windows NT 10.0; Win64; x64) AppleWebKit/537.36 (KHTML, like Gecko) HeadlessChrome/151.0.7922.34 Safari/537.36","Windows_NT 10.0.26200 x64","AMD Ryzen 7 5800H with Radeon Graphics         ","151.0.7922.34"
"3","unmanaged","46","184","185","1","2026-08-21T23:00:09.801Z","ANGLE (Google, Vulkan 1.3.0 (SwiftShader Device (Subzero) (0x0000C0DE)), SwiftShader driver)","Mozilla/5.0 (Windows NT 10.0; Win64; x64) AppleWebKit/537.36 (KHTML, like Gecko) HeadlessChrome/151.0.7922.34 Safari/537.36","Windows_NT 10.0.26200 x64","AMD Ryzen 7 5800H with Radeon Graphics         ","151.0.7922.34"
"3","unmanaged","47","188","189","1","2026-08-21T23:00:09.801Z","ANGLE (Google, Vulkan 1.3.0 (SwiftShader Device (Subzero) (0x0000C0DE)), SwiftShader driver)","Mozilla/5.0 (Windows NT 10.0; Win64; x64) AppleWebKit/537.36 (KHTML, like Gecko) HeadlessChrome/151.0.7922.34 Safari/537.36","Windows_NT 10.0.26200 x64","AMD Ryzen 7 5800H with Radeon Graphics         ","151.0.7922.34"
"3","unmanaged","48","192","193","1","2026-08-21T23:00:09.801Z","ANGLE (Google, Vulkan 1.3.0 (SwiftShader Device (Subzero) (0x0000C0DE)), SwiftShader driver)","Mozilla/5.0 (Windows NT 10.0; Win64; x64) AppleWebKit/537.36 (KHTML, like Gecko) HeadlessChrome/151.0.7922.34 Safari/537.36","Windows_NT 10.0.26200 x64","AMD Ryzen 7 5800H with Radeon Graphics         ","151.0.7922.34"
"3","unmanaged","49","196","197","1","2026-08-21T23:00:09.801Z","ANGLE (Google, Vulkan 1.3.0 (SwiftShader Device (Subzero) (0x0000C0DE)), SwiftShader driver)","Mozilla/5.0 (Windows NT 10.0; Win64; x64) AppleWebKit/537.36 (KHTML, like Gecko) HeadlessChrome/151.0.7922.34 Safari/537.36","Windows_NT 10.0.26200 x64","AMD Ryzen 7 5800H with Radeon Graphics         ","151.0.7922.34"
"3","unmanaged","50","200","201","1","2026-08-21T23:00:09.801Z","ANGLE (Google, Vulkan 1.3.0 (SwiftShader Device (Subzero) (0x0000C0DE)), SwiftShader driver)","Mozilla/5.0 (Windows NT 10.0; Win64; x64) AppleWebKit/537.36 (KHTML, like Gecko) HeadlessChrome/151.0.7922.34 Safari/537.36","Windows_NT 10.0.26200 x64","AMD Ryzen 7 5800H with Radeon Graphics         ","151.0.7922.34"
"3","naive","1","0","1","0","2026-08-21T23:00:09.801Z","ANGLE (Google, Vulkan 1.3.0 (SwiftShader Device (Subzero) (0x0000C0DE)), SwiftShader driver)","Mozilla/5.0 (Windows NT 10.0; Win64; x64) AppleWebKit/537.36 (KHTML, like Gecko) HeadlessChrome/151.0.7922.34 Safari/537.36","Windows_NT 10.0.26200 x64","AMD Ryzen 7 5800H with Radeon Graphics         ","151.0.7922.34"
"3","naive","2","0","1","0","2026-08-21T23:00:09.801Z","ANGLE (Google, Vulkan 1.3.0 (SwiftShader Device (Subzero) (0x0000C0DE)), SwiftShader driver)","Mozilla/5.0 (Windows NT 10.0; Win64; x64) AppleWebKit/537.36 (KHTML, like Gecko) HeadlessChrome/151.0.7922.34 Safari/537.36","Windows_NT 10.0.26200 x64","AMD Ryzen 7 5800H with Radeon Graphics         ","151.0.7922.34"
"3","naive","3","0","1","0","2026-08-21T23:00:09.801Z","ANGLE (Google, Vulkan 1.3.0 (SwiftShader Device (Subzero) (0x0000C0DE)), SwiftShader driver)","Mozilla/5.0 (Windows NT 10.0; Win64; x64) AppleWebKit/537.36 (KHTML, like Gecko) HeadlessChrome/151.0.7922.34 Safari/537.36","Windows_NT 10.0.26200 x64","AMD Ryzen 7 5800H with Radeon Graphics         ","151.0.7922.34"
"3","naive","4","0","1","0","2026-08-21T23:00:09.801Z","ANGLE (Google, Vulkan 1.3.0 (SwiftShader Device (Subzero) (0x0000C0DE)), SwiftShader driver)","Mozilla/5.0 (Windows NT 10.0; Win64; x64) AppleWebKit/537.36 (KHTML, like Gecko) HeadlessChrome/151.0.7922.34 Safari/537.36","Windows_NT 10.0.26200 x64","AMD Ryzen 7 5800H with Radeon Graphics         ","151.0.7922.34"
"3","naive","5","0","1","0","2026-08-21T23:00:09.801Z","ANGLE (Google, Vulkan 1.3.0 (SwiftShader Device (Subzero) (0x0000C0DE)), SwiftShader driver)","Mozilla/5.0 (Windows NT 10.0; Win64; x64) AppleWebKit/537.36 (KHTML, like Gecko) HeadlessChrome/151.0.7922.34 Safari/537.36","Windows_NT 10.0.26200 x64","AMD Ryzen 7 5800H with Radeon Graphics         ","151.0.7922.34"
"3","naive","6","0","1","0","2026-08-21T23:00:09.801Z","ANGLE (Google, Vulkan 1.3.0 (SwiftShader Device (Subzero) (0x0000C0DE)), SwiftShader driver)","Mozilla/5.0 (Windows NT 10.0; Win64; x64) AppleWebKit/537.36 (KHTML, like Gecko) HeadlessChrome/151.0.7922.34 Safari/537.36","Windows_NT 10.0.26200 x64","AMD Ryzen 7 5800H with Radeon Graphics         ","151.0.7922.34"
"3","naive","7","0","1","0","2026-08-21T23:00:09.801Z","ANGLE (Google, Vulkan 1.3.0 (SwiftShader Device (Subzero) (0x0000C0DE)), SwiftShader driver)","Mozilla/5.0 (Windows NT 10.0; Win64; x64) AppleWebKit/537.36 (KHTML, like Gecko) HeadlessChrome/151.0.7922.34 Safari/537.36","Windows_NT 10.0.26200 x64","AMD Ryzen 7 5800H with Radeon Graphics         ","151.0.7922.34"
"3","naive","8","0","1","0","2026-08-21T23:00:09.801Z","ANGLE (Google, Vulkan 1.3.0 (SwiftShader Device (Subzero) (0x0000C0DE)), SwiftShader driver)","Mozilla/5.0 (Windows NT 10.0; Win64; x64) AppleWebKit/537.36 (KHTML, like Gecko) HeadlessChrome/151.0.7922.34 Safari/537.36","Windows_NT 10.0.26200 x64","AMD Ryzen 7 5800H with Radeon Graphics         ","151.0.7922.34"
"3","naive","9","0","1","0","2026-08-21T23:00:09.801Z","ANGLE (Google, Vulkan 1.3.0 (SwiftShader Device (Subzero) (0x0000C0DE)), SwiftShader driver)","Mozilla/5.0 (Windows NT 10.0; Win64; x64) AppleWebKit/537.36 (KHTML, like Gecko) HeadlessChrome/151.0.7922.34 Safari/537.36","Windows_NT 10.0.26200 x64","AMD Ryzen 7 5800H with Radeon Graphics         ","151.0.7922.34"
"3","naive","10","0","1","0","2026-08-21T23:00:09.801Z","ANGLE (Google, Vulkan 1.3.0 (SwiftShader Device (Subzero) (0x0000C0DE)), SwiftShader driver)","Mozilla/5.0 (Windows NT 10.0; Win64; x64) AppleWebKit/537.36 (KHTML, like Gecko) HeadlessChrome/151.0.7922.34 Safari/537.36","Windows_NT 10.0.26200 x64","AMD Ryzen 7 5800H with Radeon Graphics         ","151.0.7922.34"
"3","naive","11","0","1","0","2026-08-21T23:00:09.801Z","ANGLE (Google, Vulkan 1.3.0 (SwiftShader Device (Subzero) (0x0000C0DE)), SwiftShader driver)","Mozilla/5.0 (Windows NT 10.0; Win64; x64) AppleWebKit/537.36 (KHTML, like Gecko) HeadlessChrome/151.0.7922.34 Safari/537.36","Windows_NT 10.0.26200 x64","AMD Ryzen 7 5800H with Radeon Graphics         ","151.0.7922.34"
"3","naive","12","0","1","0","2026-08-21T23:00:09.801Z","ANGLE (Google, Vulkan 1.3.0 (SwiftShader Device (Subzero) (0x0000C0DE)), SwiftShader driver)","Mozilla/5.0 (Windows NT 10.0; Win64; x64) AppleWebKit/537.36 (KHTML, like Gecko) HeadlessChrome/151.0.7922.34 Safari/537.36","Windows_NT 10.0.26200 x64","AMD Ryzen 7 5800H with Radeon Graphics         ","151.0.7922.34"
"3","naive","13","0","1","0","2026-08-21T23:00:09.801Z","ANGLE (Google, Vulkan 1.3.0 (SwiftShader Device (Subzero) (0x0000C0DE)), SwiftShader driver)","Mozilla/5.0 (Windows NT 10.0; Win64; x64) AppleWebKit/537.36 (KHTML, like Gecko) HeadlessChrome/151.0.7922.34 Safari/537.36","Windows_NT 10.0.26200 x64","AMD Ryzen 7 5800H with Radeon Graphics         ","151.0.7922.34"
"3","naive","14","0","1","0","2026-08-21T23:00:09.801Z","ANGLE (Google, Vulkan 1.3.0 (SwiftShader Device (Subzero) (0x0000C0DE)), SwiftShader driver)","Mozilla/5.0 (Windows NT 10.0; Win64; x64) AppleWebKit/537.36 (KHTML, like Gecko) HeadlessChrome/151.0.7922.34 Safari/537.36","Windows_NT 10.0.26200 x64","AMD Ryzen 7 5800H with Radeon Graphics         ","151.0.7922.34"
"3","naive","15","0","1","0","2026-08-21T23:00:09.801Z","ANGLE (Google, Vulkan 1.3.0 (SwiftShader Device (Subzero) (0x0000C0DE)), SwiftShader driver)","Mozilla/5.0 (Windows NT 10.0; Win64; x64) AppleWebKit/537.36 (KHTML, like Gecko) HeadlessChrome/151.0.7922.34 Safari/537.36","Windows_NT 10.0.26200 x64","AMD Ryzen 7 5800H with Radeon Graphics         ","151.0.7922.34"
"3","naive","16","0","1","0","2026-08-21T23:00:09.801Z","ANGLE (Google, Vulkan 1.3.0 (SwiftShader Device (Subzero) (0x0000C0DE)), SwiftShader driver)","Mozilla/5.0 (Windows NT 10.0; Win64; x64) AppleWebKit/537.36 (KHTML, like Gecko) HeadlessChrome/151.0.7922.34 Safari/537.36","Windows_NT 10.0.26200 x64","AMD Ryzen 7 5800H with Radeon Graphics         ","151.0.7922.34"
"3","naive","17","0","1","0","2026-08-21T23:00:09.801Z","ANGLE (Google, Vulkan 1.3.0 (SwiftShader Device (Subzero) (0x0000C0DE)), SwiftShader driver)","Mozilla/5.0 (Windows NT 10.0; Win64; x64) AppleWebKit/537.36 (KHTML, like Gecko) HeadlessChrome/151.0.7922.34 Safari/537.36","Windows_NT 10.0.26200 x64","AMD Ryzen 7 5800H with Radeon Graphics         ","151.0.7922.34"
"3","naive","18","0","1","0","2026-08-21T23:00:09.801Z","ANGLE (Google, Vulkan 1.3.0 (SwiftShader Device (Subzero) (0x0000C0DE)), SwiftShader driver)","Mozilla/5.0 (Windows NT 10.0; Win64; x64) AppleWebKit/537.36 (KHTML, like Gecko) HeadlessChrome/151.0.7922.34 Safari/537.36","Windows_NT 10.0.26200 x64","AMD Ryzen 7 5800H with Radeon Graphics         ","151.0.7922.34"
"3","naive","19","0","1","0","2026-08-21T23:00:09.801Z","ANGLE (Google, Vulkan 1.3.0 (SwiftShader Device (Subzero) (0x0000C0DE)), SwiftShader driver)","Mozilla/5.0 (Windows NT 10.0; Win64; x64) AppleWebKit/537.36 (KHTML, like Gecko) HeadlessChrome/151.0.7922.34 Safari/537.36","Windows_NT 10.0.26200 x64","AMD Ryzen 7 5800H with Radeon Graphics         ","151.0.7922.34"
"3","naive","20","0","1","0","2026-08-21T23:00:09.801Z","ANGLE (Google, Vulkan 1.3.0 (SwiftShader Device (Subzero) (0x0000C0DE)), SwiftShader driver)","Mozilla/5.0 (Windows NT 10.0; Win64; x64) AppleWebKit/537.36 (KHTML, like Gecko) HeadlessChrome/151.0.7922.34 Safari/537.36","Windows_NT 10.0.26200 x64","AMD Ryzen 7 5800H with Radeon Graphics         ","151.0.7922.34"
"3","naive","21","0","1","0","2026-08-21T23:00:09.801Z","ANGLE (Google, Vulkan 1.3.0 (SwiftShader Device (Subzero) (0x0000C0DE)), SwiftShader driver)","Mozilla/5.0 (Windows NT 10.0; Win64; x64) AppleWebKit/537.36 (KHTML, like Gecko) HeadlessChrome/151.0.7922.34 Safari/537.36","Windows_NT 10.0.26200 x64","AMD Ryzen 7 5800H with Radeon Graphics         ","151.0.7922.34"
"3","naive","22","0","1","0","2026-08-21T23:00:09.801Z","ANGLE (Google, Vulkan 1.3.0 (SwiftShader Device (Subzero) (0x0000C0DE)), SwiftShader driver)","Mozilla/5.0 (Windows NT 10.0; Win64; x64) AppleWebKit/537.36 (KHTML, like Gecko) HeadlessChrome/151.0.7922.34 Safari/537.36","Windows_NT 10.0.26200 x64","AMD Ryzen 7 5800H with Radeon Graphics         ","151.0.7922.34"
"3","naive","23","0","1","0","2026-08-21T23:00:09.801Z","ANGLE (Google, Vulkan 1.3.0 (SwiftShader Device (Subzero) (0x0000C0DE)), SwiftShader driver)","Mozilla/5.0 (Windows NT 10.0; Win64; x64) AppleWebKit/537.36 (KHTML, like Gecko) HeadlessChrome/151.0.7922.34 Safari/537.36","Windows_NT 10.0.26200 x64","AMD Ryzen 7 5800H with Radeon Graphics         ","151.0.7922.34"
"3","naive","24","0","1","0","2026-08-21T23:00:09.801Z","ANGLE (Google, Vulkan 1.3.0 (SwiftShader Device (Subzero) (0x0000C0DE)), SwiftShader driver)","Mozilla/5.0 (Windows NT 10.0; Win64; x64) AppleWebKit/537.36 (KHTML, like Gecko) HeadlessChrome/151.0.7922.34 Safari/537.36","Windows_NT 10.0.26200 x64","AMD Ryzen 7 5800H with Radeon Graphics         ","151.0.7922.34"
"3","naive","25","0","1","0","2026-08-21T23:00:09.801Z","ANGLE (Google, Vulkan 1.3.0 (SwiftShader Device (Subzero) (0x0000C0DE)), SwiftShader driver)","Mozilla/5.0 (Windows NT 10.0; Win64; x64) AppleWebKit/537.36 (KHTML, like Gecko) HeadlessChrome/151.0.7922.34 Safari/537.36","Windows_NT 10.0.26200 x64","AMD Ryzen 7 5800H with Radeon Graphics         ","151.0.7922.34"
"3","naive","26","0","1","0","2026-08-21T23:00:09.801Z","ANGLE (Google, Vulkan 1.3.0 (SwiftShader Device (Subzero) (0x0000C0DE)), SwiftShader driver)","Mozilla/5.0 (Windows NT 10.0; Win64; x64) AppleWebKit/537.36 (KHTML, like Gecko) HeadlessChrome/151.0.7922.34 Safari/537.36","Windows_NT 10.0.26200 x64","AMD Ryzen 7 5800H with Radeon Graphics         ","151.0.7922.34"
"3","naive","27","0","1","0","2026-08-21T23:00:09.801Z","ANGLE (Google, Vulkan 1.3.0 (SwiftShader Device (Subzero) (0x0000C0DE)), SwiftShader driver)","Mozilla/5.0 (Windows NT 10.0; Win64; x64) AppleWebKit/537.36 (KHTML, like Gecko) HeadlessChrome/151.0.7922.34 Safari/537.36","Windows_NT 10.0.26200 x64","AMD Ryzen 7 5800H with Radeon Graphics         ","151.0.7922.34"
"3","naive","28","0","1","0","2026-08-21T23:00:09.801Z","ANGLE (Google, Vulkan 1.3.0 (SwiftShader Device (Subzero) (0x0000C0DE)), SwiftShader driver)","Mozilla/5.0 (Windows NT 10.0; Win64; x64) AppleWebKit/537.36 (KHTML, like Gecko) HeadlessChrome/151.0.7922.34 Safari/537.36","Windows_NT 10.0.26200 x64","AMD Ryzen 7 5800H with Radeon Graphics         ","151.0.7922.34"
"3","naive","29","0","1","0","2026-08-21T23:00:09.801Z","ANGLE (Google, Vulkan 1.3.0 (SwiftShader Device (Subzero) (0x0000C0DE)), SwiftShader driver)","Mozilla/5.0 (Windows NT 10.0; Win64; x64) AppleWebKit/537.36 (KHTML, like Gecko) HeadlessChrome/151.0.7922.34 Safari/537.36","Windows_NT 10.0.26200 x64","AMD Ryzen 7 5800H with Radeon Graphics         ","151.0.7922.34"
"3","naive","30","0","1","0","2026-08-21T23:00:09.801Z","ANGLE (Google, Vulkan 1.3.0 (SwiftShader Device (Subzero) (0x0000C0DE)), SwiftShader driver)","Mozilla/5.0 (Windows NT 10.0; Win64; x64) AppleWebKit/537.36 (KHTML, like Gecko) HeadlessChrome/151.0.7922.34 Safari/537.36","Windows_NT 10.0.26200 x64","AMD Ryzen 7 5800H with Radeon Graphics         ","151.0.7922.34"
"3","naive","31","0","1","0","2026-08-21T23:00:09.801Z","ANGLE (Google, Vulkan 1.3.0 (SwiftShader Device (Subzero) (0x0000C0DE)), SwiftShader driver)","Mozilla/5.0 (Windows NT 10.0; Win64; x64) AppleWebKit/537.36 (KHTML, like Gecko) HeadlessChrome/151.0.7922.34 Safari/537.36","Windows_NT 10.0.26200 x64","AMD Ryzen 7 5800H with Radeon Graphics         ","151.0.7922.34"
"3","naive","32","0","1","0","2026-08-21T23:00:09.801Z","ANGLE (Google, Vulkan 1.3.0 (SwiftShader Device (Subzero) (0x0000C0DE)), SwiftShader driver)","Mozilla/5.0 (Windows NT 10.0; Win64; x64) AppleWebKit/537.36 (KHTML, like Gecko) HeadlessChrome/151.0.7922.34 Safari/537.36","Windows_NT 10.0.26200 x64","AMD Ryzen 7 5800H with Radeon Graphics         ","151.0.7922.34"
"3","naive","33","0","1","0","2026-08-21T23:00:09.801Z","ANGLE (Google, Vulkan 1.3.0 (SwiftShader Device (Subzero) (0x0000C0DE)), SwiftShader driver)","Mozilla/5.0 (Windows NT 10.0; Win64; x64) AppleWebKit/537.36 (KHTML, like Gecko) HeadlessChrome/151.0.7922.34 Safari/537.36","Windows_NT 10.0.26200 x64","AMD Ryzen 7 5800H with Radeon Graphics         ","151.0.7922.34"
"3","naive","34","0","1","0","2026-08-21T23:00:09.801Z","ANGLE (Google, Vulkan 1.3.0 (SwiftShader Device (Subzero) (0x0000C0DE)), SwiftShader driver)","Mozilla/5.0 (Windows NT 10.0; Win64; x64) AppleWebKit/537.36 (KHTML, like Gecko) HeadlessChrome/151.0.7922.34 Safari/537.36","Windows_NT 10.0.26200 x64","AMD Ryzen 7 5800H with Radeon Graphics         ","151.0.7922.34"
"3","naive","35","0","1","0","2026-08-21T23:00:09.801Z","ANGLE (Google, Vulkan 1.3.0 (SwiftShader Device (Subzero) (0x0000C0DE)), SwiftShader driver)","Mozilla/5.0 (Windows NT 10.0; Win64; x64) AppleWebKit/537.36 (KHTML, like Gecko) HeadlessChrome/151.0.7922.34 Safari/537.36","Windows_NT 10.0.26200 x64","AMD Ryzen 7 5800H with Radeon Graphics         ","151.0.7922.34"
"3","naive","36","0","1","0","2026-08-21T23:00:09.801Z","ANGLE (Google, Vulkan 1.3.0 (SwiftShader Device (Subzero) (0x0000C0DE)), SwiftShader driver)","Mozilla/5.0 (Windows NT 10.0; Win64; x64) AppleWebKit/537.36 (KHTML, like Gecko) HeadlessChrome/151.0.7922.34 Safari/537.36","Windows_NT 10.0.26200 x64","AMD Ryzen 7 5800H with Radeon Graphics         ","151.0.7922.34"
"3","naive","37","0","1","0","2026-08-21T23:00:09.801Z","ANGLE (Google, Vulkan 1.3.0 (SwiftShader Device (Subzero) (0x0000C0DE)), SwiftShader driver)","Mozilla/5.0 (Windows NT 10.0; Win64; x64) AppleWebKit/537.36 (KHTML, like Gecko) HeadlessChrome/151.0.7922.34 Safari/537.36","Windows_NT 10.0.26200 x64","AMD Ryzen 7 5800H with Radeon Graphics         ","151.0.7922.34"
"3","naive","38","0","1","0","2026-08-21T23:00:09.801Z","ANGLE (Google, Vulkan 1.3.0 (SwiftShader Device (Subzero) (0x0000C0DE)), SwiftShader driver)","Mozilla/5.0 (Windows NT 10.0; Win64; x64) AppleWebKit/537.36 (KHTML, like Gecko) HeadlessChrome/151.0.7922.34 Safari/537.36","Windows_NT 10.0.26200 x64","AMD Ryzen 7 5800H with Radeon Graphics         ","151.0.7922.34"
"3","naive","39","0","1","0","2026-08-21T23:00:09.801Z","ANGLE (Google, Vulkan 1.3.0 (SwiftShader Device (Subzero) (0x0000C0DE)), SwiftShader driver)","Mozilla/5.0 (Windows NT 10.0; Win64; x64) AppleWebKit/537.36 (KHTML, like Gecko) HeadlessChrome/151.0.7922.34 Safari/537.36","Windows_NT 10.0.26200 x64","AMD Ryzen 7 5800H with Radeon Graphics         ","151.0.7922.34"
"3","naive","40","0","1","0","2026-08-21T23:00:09.801Z","ANGLE (Google, Vulkan 1.3.0 (SwiftShader Device (Subzero) (0x0000C0DE)), SwiftShader driver)","Mozilla/5.0 (Windows NT 10.0; Win64; x64) AppleWebKit/537.36 (KHTML, like Gecko) HeadlessChrome/151.0.7922.34 Safari/537.36","Windows_NT 10.0.26200 x64","AMD Ryzen 7 5800H with Radeon Graphics         ","151.0.7922.34"
"3","naive","41","0","1","0","2026-08-21T23:00:09.801Z","ANGLE (Google, Vulkan 1.3.0 (SwiftShader Device (Subzero) (0x0000C0DE)), SwiftShader driver)","Mozilla/5.0 (Windows NT 10.0; Win64; x64) AppleWebKit/537.36 (KHTML, like Gecko) HeadlessChrome/151.0.7922.34 Safari/537.36","Windows_NT 10.0.26200 x64","AMD Ryzen 7 5800H with Radeon Graphics         ","151.0.7922.34"
"3","naive","42","0","1","0","2026-08-21T23:00:09.801Z","ANGLE (Google, Vulkan 1.3.0 (SwiftShader Device (Subzero) (0x0000C0DE)), SwiftShader driver)","Mozilla/5.0 (Windows NT 10.0; Win64; x64) AppleWebKit/537.36 (KHTML, like Gecko) HeadlessChrome/151.0.7922.34 Safari/537.36","Windows_NT 10.0.26200 x64","AMD Ryzen 7 5800H with Radeon Graphics         ","151.0.7922.34"
"3","naive","43","0","1","0","2026-08-21T23:00:09.801Z","ANGLE (Google, Vulkan 1.3.0 (SwiftShader Device (Subzero) (0x0000C0DE)), SwiftShader driver)","Mozilla/5.0 (Windows NT 10.0; Win64; x64) AppleWebKit/537.36 (KHTML, like Gecko) HeadlessChrome/151.0.7922.34 Safari/537.36","Windows_NT 10.0.26200 x64","AMD Ryzen 7 5800H with Radeon Graphics         ","151.0.7922.34"
"3","naive","44","0","1","0","2026-08-21T23:00:09.801Z","ANGLE (Google, Vulkan 1.3.0 (SwiftShader Device (Subzero) (0x0000C0DE)), SwiftShader driver)","Mozilla/5.0 (Windows NT 10.0; Win64; x64) AppleWebKit/537.36 (KHTML, like Gecko) HeadlessChrome/151.0.7922.34 Safari/537.36","Windows_NT 10.0.26200 x64","AMD Ryzen 7 5800H with Radeon Graphics         ","151.0.7922.34"
"3","naive","45","0","1","0","2026-08-21T23:00:09.801Z","ANGLE (Google, Vulkan 1.3.0 (SwiftShader Device (Subzero) (0x0000C0DE)), SwiftShader driver)","Mozilla/5.0 (Windows NT 10.0; Win64; x64) AppleWebKit/537.36 (KHTML, like Gecko) HeadlessChrome/151.0.7922.34 Safari/537.36","Windows_NT 10.0.26200 x64","AMD Ryzen 7 5800H with Radeon Graphics         ","151.0.7922.34"
"3","naive","46","0","1","0","2026-08-21T23:00:09.801Z","ANGLE (Google, Vulkan 1.3.0 (SwiftShader Device (Subzero) (0x0000C0DE)), SwiftShader driver)","Mozilla/5.0 (Windows NT 10.0; Win64; x64) AppleWebKit/537.36 (KHTML, like Gecko) HeadlessChrome/151.0.7922.34 Safari/537.36","Windows_NT 10.0.26200 x64","AMD Ryzen 7 5800H with Radeon Graphics         ","151.0.7922.34"
"3","naive","47","0","1","0","2026-08-21T23:00:09.801Z","ANGLE (Google, Vulkan 1.3.0 (SwiftShader Device (Subzero) (0x0000C0DE)), SwiftShader driver)","Mozilla/5.0 (Windows NT 10.0; Win64; x64) AppleWebKit/537.36 (KHTML, like Gecko) HeadlessChrome/151.0.7922.34 Safari/537.36","Windows_NT 10.0.26200 x64","AMD Ryzen 7 5800H with Radeon Graphics         ","151.0.7922.34"
"3","naive","48","0","1","0","2026-08-21T23:00:09.801Z","ANGLE (Google, Vulkan 1.3.0 (SwiftShader Device (Subzero) (0x0000C0DE)), SwiftShader driver)","Mozilla/5.0 (Windows NT 10.0; Win64; x64) AppleWebKit/537.36 (KHTML, like Gecko) HeadlessChrome/151.0.7922.34 Safari/537.36","Windows_NT 10.0.26200 x64","AMD Ryzen 7 5800H with Radeon Graphics         ","151.0.7922.34"
"3","naive","49","0","1","0","2026-08-21T23:00:09.801Z","ANGLE (Google, Vulkan 1.3.0 (SwiftShader Device (Subzero) (0x0000C0DE)), SwiftShader driver)","Mozilla/5.0 (Windows NT 10.0; Win64; x64) AppleWebKit/537.36 (KHTML, like Gecko) HeadlessChrome/151.0.7922.34 Safari/537.36","Windows_NT 10.0.26200 x64","AMD Ryzen 7 5800H with Radeon Graphics         ","151.0.7922.34"
"3","naive","50","0","1","0","2026-08-21T23:00:09.801Z","ANGLE (Google, Vulkan 1.3.0 (SwiftShader Device (Subzero) (0x0000C0DE)), SwiftShader driver)","Mozilla/5.0 (Windows NT 10.0; Win64; x64) AppleWebKit/537.36 (KHTML, like Gecko) HeadlessChrome/151.0.7922.34 Safari/537.36","Windows_NT 10.0.26200 x64","AMD Ryzen 7 5800H with Radeon Graphics         ","151.0.7922.34"
"3","native","1","0","1","0","2026-08-21T23:00:09.801Z","ANGLE (Google, Vulkan 1.3.0 (SwiftShader Device (Subzero) (0x0000C0DE)), SwiftShader driver)","Mozilla/5.0 (Windows NT 10.0; Win64; x64) AppleWebKit/537.36 (KHTML, like Gecko) HeadlessChrome/151.0.7922.34 Safari/537.36","Windows_NT 10.0.26200 x64","AMD Ryzen 7 5800H with Radeon Graphics         ","151.0.7922.34"
"3","native","2","0","1","0","2026-08-21T23:00:09.801Z","ANGLE (Google, Vulkan 1.3.0 (SwiftShader Device (Subzero) (0x0000C0DE)), SwiftShader driver)","Mozilla/5.0 (Windows NT 10.0; Win64; x64) AppleWebKit/537.36 (KHTML, like Gecko) HeadlessChrome/151.0.7922.34 Safari/537.36","Windows_NT 10.0.26200 x64","AMD Ryzen 7 5800H with Radeon Graphics         ","151.0.7922.34"
"3","native","3","0","1","0","2026-08-21T23:00:09.801Z","ANGLE (Google, Vulkan 1.3.0 (SwiftShader Device (Subzero) (0x0000C0DE)), SwiftShader driver)","Mozilla/5.0 (Windows NT 10.0; Win64; x64) AppleWebKit/537.36 (KHTML, like Gecko) HeadlessChrome/151.0.7922.34 Safari/537.36","Windows_NT 10.0.26200 x64","AMD Ryzen 7 5800H with Radeon Graphics         ","151.0.7922.34"
"3","native","4","0","1","0","2026-08-21T23:00:09.801Z","ANGLE (Google, Vulkan 1.3.0 (SwiftShader Device (Subzero) (0x0000C0DE)), SwiftShader driver)","Mozilla/5.0 (Windows NT 10.0; Win64; x64) AppleWebKit/537.36 (KHTML, like Gecko) HeadlessChrome/151.0.7922.34 Safari/537.36","Windows_NT 10.0.26200 x64","AMD Ryzen 7 5800H with Radeon Graphics         ","151.0.7922.34"
"3","native","5","0","1","0","2026-08-21T23:00:09.801Z","ANGLE (Google, Vulkan 1.3.0 (SwiftShader Device (Subzero) (0x0000C0DE)), SwiftShader driver)","Mozilla/5.0 (Windows NT 10.0; Win64; x64) AppleWebKit/537.36 (KHTML, like Gecko) HeadlessChrome/151.0.7922.34 Safari/537.36","Windows_NT 10.0.26200 x64","AMD Ryzen 7 5800H with Radeon Graphics         ","151.0.7922.34"
"3","native","6","0","1","0","2026-08-21T23:00:09.801Z","ANGLE (Google, Vulkan 1.3.0 (SwiftShader Device (Subzero) (0x0000C0DE)), SwiftShader driver)","Mozilla/5.0 (Windows NT 10.0; Win64; x64) AppleWebKit/537.36 (KHTML, like Gecko) HeadlessChrome/151.0.7922.34 Safari/537.36","Windows_NT 10.0.26200 x64","AMD Ryzen 7 5800H with Radeon Graphics         ","151.0.7922.34"
"3","native","7","0","1","0","2026-08-21T23:00:09.801Z","ANGLE (Google, Vulkan 1.3.0 (SwiftShader Device (Subzero) (0x0000C0DE)), SwiftShader driver)","Mozilla/5.0 (Windows NT 10.0; Win64; x64) AppleWebKit/537.36 (KHTML, like Gecko) HeadlessChrome/151.0.7922.34 Safari/537.36","Windows_NT 10.0.26200 x64","AMD Ryzen 7 5800H with Radeon Graphics         ","151.0.7922.34"
"3","native","8","0","1","0","2026-08-21T23:00:09.801Z","ANGLE (Google, Vulkan 1.3.0 (SwiftShader Device (Subzero) (0x0000C0DE)), SwiftShader driver)","Mozilla/5.0 (Windows NT 10.0; Win64; x64) AppleWebKit/537.36 (KHTML, like Gecko) HeadlessChrome/151.0.7922.34 Safari/537.36","Windows_NT 10.0.26200 x64","AMD Ryzen 7 5800H with Radeon Graphics         ","151.0.7922.34"
"3","native","9","0","1","0","2026-08-21T23:00:09.801Z","ANGLE (Google, Vulkan 1.3.0 (SwiftShader Device (Subzero) (0x0000C0DE)), SwiftShader driver)","Mozilla/5.0 (Windows NT 10.0; Win64; x64) AppleWebKit/537.36 (KHTML, like Gecko) HeadlessChrome/151.0.7922.34 Safari/537.36","Windows_NT 10.0.26200 x64","AMD Ryzen 7 5800H with Radeon Graphics         ","151.0.7922.34"
"3","native","10","0","1","0","2026-08-21T23:00:09.801Z","ANGLE (Google, Vulkan 1.3.0 (SwiftShader Device (Subzero) (0x0000C0DE)), SwiftShader driver)","Mozilla/5.0 (Windows NT 10.0; Win64; x64) AppleWebKit/537.36 (KHTML, like Gecko) HeadlessChrome/151.0.7922.34 Safari/537.36","Windows_NT 10.0.26200 x64","AMD Ryzen 7 5800H with Radeon Graphics         ","151.0.7922.34"
"3","native","11","0","1","0","2026-08-21T23:00:09.801Z","ANGLE (Google, Vulkan 1.3.0 (SwiftShader Device (Subzero) (0x0000C0DE)), SwiftShader driver)","Mozilla/5.0 (Windows NT 10.0; Win64; x64) AppleWebKit/537.36 (KHTML, like Gecko) HeadlessChrome/151.0.7922.34 Safari/537.36","Windows_NT 10.0.26200 x64","AMD Ryzen 7 5800H with Radeon Graphics         ","151.0.7922.34"
"3","native","12","0","1","0","2026-08-21T23:00:09.801Z","ANGLE (Google, Vulkan 1.3.0 (SwiftShader Device (Subzero) (0x0000C0DE)), SwiftShader driver)","Mozilla/5.0 (Windows NT 10.0; Win64; x64) AppleWebKit/537.36 (KHTML, like Gecko) HeadlessChrome/151.0.7922.34 Safari/537.36","Windows_NT 10.0.26200 x64","AMD Ryzen 7 5800H with Radeon Graphics         ","151.0.7922.34"
"3","native","13","0","1","0","2026-08-21T23:00:09.801Z","ANGLE (Google, Vulkan 1.3.0 (SwiftShader Device (Subzero) (0x0000C0DE)), SwiftShader driver)","Mozilla/5.0 (Windows NT 10.0; Win64; x64) AppleWebKit/537.36 (KHTML, like Gecko) HeadlessChrome/151.0.7922.34 Safari/537.36","Windows_NT 10.0.26200 x64","AMD Ryzen 7 5800H with Radeon Graphics         ","151.0.7922.34"
"3","native","14","0","1","0","2026-08-21T23:00:09.801Z","ANGLE (Google, Vulkan 1.3.0 (SwiftShader Device (Subzero) (0x0000C0DE)), SwiftShader driver)","Mozilla/5.0 (Windows NT 10.0; Win64; x64) AppleWebKit/537.36 (KHTML, like Gecko) HeadlessChrome/151.0.7922.34 Safari/537.36","Windows_NT 10.0.26200 x64","AMD Ryzen 7 5800H with Radeon Graphics         ","151.0.7922.34"
"3","native","15","0","1","0","2026-08-21T23:00:09.801Z","ANGLE (Google, Vulkan 1.3.0 (SwiftShader Device (Subzero) (0x0000C0DE)), SwiftShader driver)","Mozilla/5.0 (Windows NT 10.0; Win64; x64) AppleWebKit/537.36 (KHTML, like Gecko) HeadlessChrome/151.0.7922.34 Safari/537.36","Windows_NT 10.0.26200 x64","AMD Ryzen 7 5800H with Radeon Graphics         ","151.0.7922.34"
"3","native","16","0","1","0","2026-08-21T23:00:09.801Z","ANGLE (Google, Vulkan 1.3.0 (SwiftShader Device (Subzero) (0x0000C0DE)), SwiftShader driver)","Mozilla/5.0 (Windows NT 10.0; Win64; x64) AppleWebKit/537.36 (KHTML, like Gecko) HeadlessChrome/151.0.7922.34 Safari/537.36","Windows_NT 10.0.26200 x64","AMD Ryzen 7 5800H with Radeon Graphics         ","151.0.7922.34"
"3","native","17","0","1","0","2026-08-21T23:00:09.801Z","ANGLE (Google, Vulkan 1.3.0 (SwiftShader Device (Subzero) (0x0000C0DE)), SwiftShader driver)","Mozilla/5.0 (Windows NT 10.0; Win64; x64) AppleWebKit/537.36 (KHTML, like Gecko) HeadlessChrome/151.0.7922.34 Safari/537.36","Windows_NT 10.0.26200 x64","AMD Ryzen 7 5800H with Radeon Graphics         ","151.0.7922.34"
"3","native","18","0","1","0","2026-08-21T23:00:09.801Z","ANGLE (Google, Vulkan 1.3.0 (SwiftShader Device (Subzero) (0x0000C0DE)), SwiftShader driver)","Mozilla/5.0 (Windows NT 10.0; Win64; x64) AppleWebKit/537.36 (KHTML, like Gecko) HeadlessChrome/151.0.7922.34 Safari/537.36","Windows_NT 10.0.26200 x64","AMD Ryzen 7 5800H with Radeon Graphics         ","151.0.7922.34"
"3","native","19","0","1","0","2026-08-21T23:00:09.801Z","ANGLE (Google, Vulkan 1.3.0 (SwiftShader Device (Subzero) (0x0000C0DE)), SwiftShader driver)","Mozilla/5.0 (Windows NT 10.0; Win64; x64) AppleWebKit/537.36 (KHTML, like Gecko) HeadlessChrome/151.0.7922.34 Safari/537.36","Windows_NT 10.0.26200 x64","AMD Ryzen 7 5800H with Radeon Graphics         ","151.0.7922.34"
"3","native","20","0","1","0","2026-08-21T23:00:09.801Z","ANGLE (Google, Vulkan 1.3.0 (SwiftShader Device (Subzero) (0x0000C0DE)), SwiftShader driver)","Mozilla/5.0 (Windows NT 10.0; Win64; x64) AppleWebKit/537.36 (KHTML, like Gecko) HeadlessChrome/151.0.7922.34 Safari/537.36","Windows_NT 10.0.26200 x64","AMD Ryzen 7 5800H with Radeon Graphics         ","151.0.7922.34"
"3","native","21","0","1","0","2026-08-21T23:00:09.801Z","ANGLE (Google, Vulkan 1.3.0 (SwiftShader Device (Subzero) (0x0000C0DE)), SwiftShader driver)","Mozilla/5.0 (Windows NT 10.0; Win64; x64) AppleWebKit/537.36 (KHTML, like Gecko) HeadlessChrome/151.0.7922.34 Safari/537.36","Windows_NT 10.0.26200 x64","AMD Ryzen 7 5800H with Radeon Graphics         ","151.0.7922.34"
"3","native","22","0","1","0","2026-08-21T23:00:09.801Z","ANGLE (Google, Vulkan 1.3.0 (SwiftShader Device (Subzero) (0x0000C0DE)), SwiftShader driver)","Mozilla/5.0 (Windows NT 10.0; Win64; x64) AppleWebKit/537.36 (KHTML, like Gecko) HeadlessChrome/151.0.7922.34 Safari/537.36","Windows_NT 10.0.26200 x64","AMD Ryzen 7 5800H with Radeon Graphics         ","151.0.7922.34"
"3","native","23","0","1","0","2026-08-21T23:00:09.801Z","ANGLE (Google, Vulkan 1.3.0 (SwiftShader Device (Subzero) (0x0000C0DE)), SwiftShader driver)","Mozilla/5.0 (Windows NT 10.0; Win64; x64) AppleWebKit/537.36 (KHTML, like Gecko) HeadlessChrome/151.0.7922.34 Safari/537.36","Windows_NT 10.0.26200 x64","AMD Ryzen 7 5800H with Radeon Graphics         ","151.0.7922.34"
"3","native","24","0","1","0","2026-08-21T23:00:09.801Z","ANGLE (Google, Vulkan 1.3.0 (SwiftShader Device (Subzero) (0x0000C0DE)), SwiftShader driver)","Mozilla/5.0 (Windows NT 10.0; Win64; x64) AppleWebKit/537.36 (KHTML, like Gecko) HeadlessChrome/151.0.7922.34 Safari/537.36","Windows_NT 10.0.26200 x64","AMD Ryzen 7 5800H with Radeon Graphics         ","151.0.7922.34"
"3","native","25","0","1","0","2026-08-21T23:00:09.801Z","ANGLE (Google, Vulkan 1.3.0 (SwiftShader Device (Subzero) (0x0000C0DE)), SwiftShader driver)","Mozilla/5.0 (Windows NT 10.0; Win64; x64) AppleWebKit/537.36 (KHTML, like Gecko) HeadlessChrome/151.0.7922.34 Safari/537.36","Windows_NT 10.0.26200 x64","AMD Ryzen 7 5800H with Radeon Graphics         ","151.0.7922.34"
"3","native","26","0","1","0","2026-08-21T23:00:09.801Z","ANGLE (Google, Vulkan 1.3.0 (SwiftShader Device (Subzero) (0x0000C0DE)), SwiftShader driver)","Mozilla/5.0 (Windows NT 10.0; Win64; x64) AppleWebKit/537.36 (KHTML, like Gecko) HeadlessChrome/151.0.7922.34 Safari/537.36","Windows_NT 10.0.26200 x64","AMD Ryzen 7 5800H with Radeon Graphics         ","151.0.7922.34"
"3","native","27","0","1","0","2026-08-21T23:00:09.801Z","ANGLE (Google, Vulkan 1.3.0 (SwiftShader Device (Subzero) (0x0000C0DE)), SwiftShader driver)","Mozilla/5.0 (Windows NT 10.0; Win64; x64) AppleWebKit/537.36 (KHTML, like Gecko) HeadlessChrome/151.0.7922.34 Safari/537.36","Windows_NT 10.0.26200 x64","AMD Ryzen 7 5800H with Radeon Graphics         ","151.0.7922.34"
"3","native","28","0","1","0","2026-08-21T23:00:09.801Z","ANGLE (Google, Vulkan 1.3.0 (SwiftShader Device (Subzero) (0x0000C0DE)), SwiftShader driver)","Mozilla/5.0 (Windows NT 10.0; Win64; x64) AppleWebKit/537.36 (KHTML, like Gecko) HeadlessChrome/151.0.7922.34 Safari/537.36","Windows_NT 10.0.26200 x64","AMD Ryzen 7 5800H with Radeon Graphics         ","151.0.7922.34"
"3","native","29","0","1","0","2026-08-21T23:00:09.801Z","ANGLE (Google, Vulkan 1.3.0 (SwiftShader Device (Subzero) (0x0000C0DE)), SwiftShader driver)","Mozilla/5.0 (Windows NT 10.0; Win64; x64) AppleWebKit/537.36 (KHTML, like Gecko) HeadlessChrome/151.0.7922.34 Safari/537.36","Windows_NT 10.0.26200 x64","AMD Ryzen 7 5800H with Radeon Graphics         ","151.0.7922.34"
"3","native","30","0","1","0","2026-08-21T23:00:09.801Z","ANGLE (Google, Vulkan 1.3.0 (SwiftShader Device (Subzero) (0x0000C0DE)), SwiftShader driver)","Mozilla/5.0 (Windows NT 10.0; Win64; x64) AppleWebKit/537.36 (KHTML, like Gecko) HeadlessChrome/151.0.7922.34 Safari/537.36","Windows_NT 10.0.26200 x64","AMD Ryzen 7 5800H with Radeon Graphics         ","151.0.7922.34"
"3","native","31","0","1","0","2026-08-21T23:00:09.801Z","ANGLE (Google, Vulkan 1.3.0 (SwiftShader Device (Subzero) (0x0000C0DE)), SwiftShader driver)","Mozilla/5.0 (Windows NT 10.0; Win64; x64) AppleWebKit/537.36 (KHTML, like Gecko) HeadlessChrome/151.0.7922.34 Safari/537.36","Windows_NT 10.0.26200 x64","AMD Ryzen 7 5800H with Radeon Graphics         ","151.0.7922.34"
"3","native","32","0","1","0","2026-08-21T23:00:09.801Z","ANGLE (Google, Vulkan 1.3.0 (SwiftShader Device (Subzero) (0x0000C0DE)), SwiftShader driver)","Mozilla/5.0 (Windows NT 10.0; Win64; x64) AppleWebKit/537.36 (KHTML, like Gecko) HeadlessChrome/151.0.7922.34 Safari/537.36","Windows_NT 10.0.26200 x64","AMD Ryzen 7 5800H with Radeon Graphics         ","151.0.7922.34"
"3","native","33","0","1","0","2026-08-21T23:00:09.801Z","ANGLE (Google, Vulkan 1.3.0 (SwiftShader Device (Subzero) (0x0000C0DE)), SwiftShader driver)","Mozilla/5.0 (Windows NT 10.0; Win64; x64) AppleWebKit/537.36 (KHTML, like Gecko) HeadlessChrome/151.0.7922.34 Safari/537.36","Windows_NT 10.0.26200 x64","AMD Ryzen 7 5800H with Radeon Graphics         ","151.0.7922.34"
"3","native","34","0","1","0","2026-08-21T23:00:09.801Z","ANGLE (Google, Vulkan 1.3.0 (SwiftShader Device (Subzero) (0x0000C0DE)), SwiftShader driver)","Mozilla/5.0 (Windows NT 10.0; Win64; x64) AppleWebKit/537.36 (KHTML, like Gecko) HeadlessChrome/151.0.7922.34 Safari/537.36","Windows_NT 10.0.26200 x64","AMD Ryzen 7 5800H with Radeon Graphics         ","151.0.7922.34"
"3","native","35","0","1","0","2026-08-21T23:00:09.801Z","ANGLE (Google, Vulkan 1.3.0 (SwiftShader Device (Subzero) (0x0000C0DE)), SwiftShader driver)","Mozilla/5.0 (Windows NT 10.0; Win64; x64) AppleWebKit/537.36 (KHTML, like Gecko) HeadlessChrome/151.0.7922.34 Safari/537.36","Windows_NT 10.0.26200 x64","AMD Ryzen 7 5800H with Radeon Graphics         ","151.0.7922.34"
"3","native","36","0","1","0","2026-08-21T23:00:09.801Z","ANGLE (Google, Vulkan 1.3.0 (SwiftShader Device (Subzero) (0x0000C0DE)), SwiftShader driver)","Mozilla/5.0 (Windows NT 10.0; Win64; x64) AppleWebKit/537.36 (KHTML, like Gecko) HeadlessChrome/151.0.7922.34 Safari/537.36","Windows_NT 10.0.26200 x64","AMD Ryzen 7 5800H with Radeon Graphics         ","151.0.7922.34"
"3","native","37","0","1","0","2026-08-21T23:00:09.801Z","ANGLE (Google, Vulkan 1.3.0 (SwiftShader Device (Subzero) (0x0000C0DE)), SwiftShader driver)","Mozilla/5.0 (Windows NT 10.0; Win64; x64) AppleWebKit/537.36 (KHTML, like Gecko) HeadlessChrome/151.0.7922.34 Safari/537.36","Windows_NT 10.0.26200 x64","AMD Ryzen 7 5800H with Radeon Graphics         ","151.0.7922.34"
"3","native","38","0","1","0","2026-08-21T23:00:09.801Z","ANGLE (Google, Vulkan 1.3.0 (SwiftShader Device (Subzero) (0x0000C0DE)), SwiftShader driver)","Mozilla/5.0 (Windows NT 10.0; Win64; x64) AppleWebKit/537.36 (KHTML, like Gecko) HeadlessChrome/151.0.7922.34 Safari/537.36","Windows_NT 10.0.26200 x64","AMD Ryzen 7 5800H with Radeon Graphics         ","151.0.7922.34"
"3","native","39","0","1","0","2026-08-21T23:00:09.801Z","ANGLE (Google, Vulkan 1.3.0 (SwiftShader Device (Subzero) (0x0000C0DE)), SwiftShader driver)","Mozilla/5.0 (Windows NT 10.0; Win64; x64) AppleWebKit/537.36 (KHTML, like Gecko) HeadlessChrome/151.0.7922.34 Safari/537.36","Windows_NT 10.0.26200 x64","AMD Ryzen 7 5800H with Radeon Graphics         ","151.0.7922.34"
"3","native","40","0","1","0","2026-08-21T23:00:09.801Z","ANGLE (Google, Vulkan 1.3.0 (SwiftShader Device (Subzero) (0x0000C0DE)), SwiftShader driver)","Mozilla/5.0 (Windows NT 10.0; Win64; x64) AppleWebKit/537.36 (KHTML, like Gecko) HeadlessChrome/151.0.7922.34 Safari/537.36","Windows_NT 10.0.26200 x64","AMD Ryzen 7 5800H with Radeon Graphics         ","151.0.7922.34"
"3","native","41","0","1","0","2026-08-21T23:00:09.801Z","ANGLE (Google, Vulkan 1.3.0 (SwiftShader Device (Subzero) (0x0000C0DE)), SwiftShader driver)","Mozilla/5.0 (Windows NT 10.0; Win64; x64) AppleWebKit/537.36 (KHTML, like Gecko) HeadlessChrome/151.0.7922.34 Safari/537.36","Windows_NT 10.0.26200 x64","AMD Ryzen 7 5800H with Radeon Graphics         ","151.0.7922.34"
"3","native","42","0","1","0","2026-08-21T23:00:09.801Z","ANGLE (Google, Vulkan 1.3.0 (SwiftShader Device (Subzero) (0x0000C0DE)), SwiftShader driver)","Mozilla/5.0 (Windows NT 10.0; Win64; x64) AppleWebKit/537.36 (KHTML, like Gecko) HeadlessChrome/151.0.7922.34 Safari/537.36","Windows_NT 10.0.26200 x64","AMD Ryzen 7 5800H with Radeon Graphics         ","151.0.7922.34"
"3","native","43","0","1","0","2026-08-21T23:00:09.801Z","ANGLE (Google, Vulkan 1.3.0 (SwiftShader Device (Subzero) (0x0000C0DE)), SwiftShader driver)","Mozilla/5.0 (Windows NT 10.0; Win64; x64) AppleWebKit/537.36 (KHTML, like Gecko) HeadlessChrome/151.0.7922.34 Safari/537.36","Windows_NT 10.0.26200 x64","AMD Ryzen 7 5800H with Radeon Graphics         ","151.0.7922.34"
"3","native","44","0","1","0","2026-08-21T23:00:09.801Z","ANGLE (Google, Vulkan 1.3.0 (SwiftShader Device (Subzero) (0x0000C0DE)), SwiftShader driver)","Mozilla/5.0 (Windows NT 10.0; Win64; x64) AppleWebKit/537.36 (KHTML, like Gecko) HeadlessChrome/151.0.7922.34 Safari/537.36","Windows_NT 10.0.26200 x64","AMD Ryzen 7 5800H with Radeon Graphics         ","151.0.7922.34"
"3","native","45","0","1","0","2026-08-21T23:00:09.801Z","ANGLE (Google, Vulkan 1.3.0 (SwiftShader Device (Subzero) (0x0000C0DE)), SwiftShader driver)","Mozilla/5.0 (Windows NT 10.0; Win64; x64) AppleWebKit/537.36 (KHTML, like Gecko) HeadlessChrome/151.0.7922.34 Safari/537.36","Windows_NT 10.0.26200 x64","AMD Ryzen 7 5800H with Radeon Graphics         ","151.0.7922.34"
"3","native","46","0","1","0","2026-08-21T23:00:09.801Z","ANGLE (Google, Vulkan 1.3.0 (SwiftShader Device (Subzero) (0x0000C0DE)), SwiftShader driver)","Mozilla/5.0 (Windows NT 10.0; Win64; x64) AppleWebKit/537.36 (KHTML, like Gecko) HeadlessChrome/151.0.7922.34 Safari/537.36","Windows_NT 10.0.26200 x64","AMD Ryzen 7 5800H with Radeon Graphics         ","151.0.7922.34"
"3","native","47","0","1","0","2026-08-21T23:00:09.801Z","ANGLE (Google, Vulkan 1.3.0 (SwiftShader Device (Subzero) (0x0000C0DE)), SwiftShader driver)","Mozilla/5.0 (Windows NT 10.0; Win64; x64) AppleWebKit/537.36 (KHTML, like Gecko) HeadlessChrome/151.0.7922.34 Safari/537.36","Windows_NT 10.0.26200 x64","AMD Ryzen 7 5800H with Radeon Graphics         ","151.0.7922.34"
"3","native","48","0","1","0","2026-08-21T23:00:09.801Z","ANGLE (Google, Vulkan 1.3.0 (SwiftShader Device (Subzero) (0x0000C0DE)), SwiftShader driver)","Mozilla/5.0 (Windows NT 10.0; Win64; x64) AppleWebKit/537.36 (KHTML, like Gecko) HeadlessChrome/151.0.7922.34 Safari/537.36","Windows_NT 10.0.26200 x64","AMD Ryzen 7 5800H with Radeon Graphics         ","151.0.7922.34"
"3","native","49","0","1","0","2026-08-21T23:00:09.801Z","ANGLE (Google, Vulkan 1.3.0 (SwiftShader Device (Subzero) (0x0000C0DE)), SwiftShader driver)","Mozilla/5.0 (Windows NT 10.0; Win64; x64) AppleWebKit/537.36 (KHTML, like Gecko) HeadlessChrome/151.0.7922.34 Safari/537.36","Windows_NT 10.0.26200 x64","AMD Ryzen 7 5800H with Radeon Graphics         ","151.0.7922.34"
"3","native","50","0","1","0","2026-08-21T23:00:09.801Z","ANGLE (Google, Vulkan 1.3.0 (SwiftShader Device (Subzero) (0x0000C0DE)), SwiftShader driver)","Mozilla/5.0 (Windows NT 10.0; Win64; x64) AppleWebKit/537.36 (KHTML, like Gecko) HeadlessChrome/151.0.7922.34 Safari/537.36","Windows_NT 10.0.26200 x64","AMD Ryzen 7 5800H with Radeon Graphics         ","151.0.7922.34"
"3","guarded","1","0","1","0","2026-08-21T23:00:09.801Z","ANGLE (Google, Vulkan 1.3.0 (SwiftShader Device (Subzero) (0x0000C0DE)), SwiftShader driver)","Mozilla/5.0 (Windows NT 10.0; Win64; x64) AppleWebKit/537.36 (KHTML, like Gecko) HeadlessChrome/151.0.7922.34 Safari/537.36","Windows_NT 10.0.26200 x64","AMD Ryzen 7 5800H with Radeon Graphics         ","151.0.7922.34"
"3","guarded","2","0","1","0","2026-08-21T23:00:09.801Z","ANGLE (Google, Vulkan 1.3.0 (SwiftShader Device (Subzero) (0x0000C0DE)), SwiftShader driver)","Mozilla/5.0 (Windows NT 10.0; Win64; x64) AppleWebKit/537.36 (KHTML, like Gecko) HeadlessChrome/151.0.7922.34 Safari/537.36","Windows_NT 10.0.26200 x64","AMD Ryzen 7 5800H with Radeon Graphics         ","151.0.7922.34"
"3","guarded","3","0","1","0","2026-08-21T23:00:09.801Z","ANGLE (Google, Vulkan 1.3.0 (SwiftShader Device (Subzero) (0x0000C0DE)), SwiftShader driver)","Mozilla/5.0 (Windows NT 10.0; Win64; x64) AppleWebKit/537.36 (KHTML, like Gecko) HeadlessChrome/151.0.7922.34 Safari/537.36","Windows_NT 10.0.26200 x64","AMD Ryzen 7 5800H with Radeon Graphics         ","151.0.7922.34"
"3","guarded","4","0","1","0","2026-08-21T23:00:09.801Z","ANGLE (Google, Vulkan 1.3.0 (SwiftShader Device (Subzero) (0x0000C0DE)), SwiftShader driver)","Mozilla/5.0 (Windows NT 10.0; Win64; x64) AppleWebKit/537.36 (KHTML, like Gecko) HeadlessChrome/151.0.7922.34 Safari/537.36","Windows_NT 10.0.26200 x64","AMD Ryzen 7 5800H with Radeon Graphics         ","151.0.7922.34"
"3","guarded","5","0","1","0","2026-08-21T23:00:09.801Z","ANGLE (Google, Vulkan 1.3.0 (SwiftShader Device (Subzero) (0x0000C0DE)), SwiftShader driver)","Mozilla/5.0 (Windows NT 10.0; Win64; x64) AppleWebKit/537.36 (KHTML, like Gecko) HeadlessChrome/151.0.7922.34 Safari/537.36","Windows_NT 10.0.26200 x64","AMD Ryzen 7 5800H with Radeon Graphics         ","151.0.7922.34"
"3","guarded","6","0","1","0","2026-08-21T23:00:09.801Z","ANGLE (Google, Vulkan 1.3.0 (SwiftShader Device (Subzero) (0x0000C0DE)), SwiftShader driver)","Mozilla/5.0 (Windows NT 10.0; Win64; x64) AppleWebKit/537.36 (KHTML, like Gecko) HeadlessChrome/151.0.7922.34 Safari/537.36","Windows_NT 10.0.26200 x64","AMD Ryzen 7 5800H with Radeon Graphics         ","151.0.7922.34"
"3","guarded","7","0","1","0","2026-08-21T23:00:09.801Z","ANGLE (Google, Vulkan 1.3.0 (SwiftShader Device (Subzero) (0x0000C0DE)), SwiftShader driver)","Mozilla/5.0 (Windows NT 10.0; Win64; x64) AppleWebKit/537.36 (KHTML, like Gecko) HeadlessChrome/151.0.7922.34 Safari/537.36","Windows_NT 10.0.26200 x64","AMD Ryzen 7 5800H with Radeon Graphics         ","151.0.7922.34"
"3","guarded","8","0","1","0","2026-08-21T23:00:09.801Z","ANGLE (Google, Vulkan 1.3.0 (SwiftShader Device (Subzero) (0x0000C0DE)), SwiftShader driver)","Mozilla/5.0 (Windows NT 10.0; Win64; x64) AppleWebKit/537.36 (KHTML, like Gecko) HeadlessChrome/151.0.7922.34 Safari/537.36","Windows_NT 10.0.26200 x64","AMD Ryzen 7 5800H with Radeon Graphics         ","151.0.7922.34"
"3","guarded","9","0","1","0","2026-08-21T23:00:09.801Z","ANGLE (Google, Vulkan 1.3.0 (SwiftShader Device (Subzero) (0x0000C0DE)), SwiftShader driver)","Mozilla/5.0 (Windows NT 10.0; Win64; x64) AppleWebKit/537.36 (KHTML, like Gecko) HeadlessChrome/151.0.7922.34 Safari/537.36","Windows_NT 10.0.26200 x64","AMD Ryzen 7 5800H with Radeon Graphics         ","151.0.7922.34"
"3","guarded","10","0","1","0","2026-08-21T23:00:09.801Z","ANGLE (Google, Vulkan 1.3.0 (SwiftShader Device (Subzero) (0x0000C0DE)), SwiftShader driver)","Mozilla/5.0 (Windows NT 10.0; Win64; x64) AppleWebKit/537.36 (KHTML, like Gecko) HeadlessChrome/151.0.7922.34 Safari/537.36","Windows_NT 10.0.26200 x64","AMD Ryzen 7 5800H with Radeon Graphics         ","151.0.7922.34"
"3","guarded","11","0","1","0","2026-08-21T23:00:09.801Z","ANGLE (Google, Vulkan 1.3.0 (SwiftShader Device (Subzero) (0x0000C0DE)), SwiftShader driver)","Mozilla/5.0 (Windows NT 10.0; Win64; x64) AppleWebKit/537.36 (KHTML, like Gecko) HeadlessChrome/151.0.7922.34 Safari/537.36","Windows_NT 10.0.26200 x64","AMD Ryzen 7 5800H with Radeon Graphics         ","151.0.7922.34"
"3","guarded","12","0","1","0","2026-08-21T23:00:09.801Z","ANGLE (Google, Vulkan 1.3.0 (SwiftShader Device (Subzero) (0x0000C0DE)), SwiftShader driver)","Mozilla/5.0 (Windows NT 10.0; Win64; x64) AppleWebKit/537.36 (KHTML, like Gecko) HeadlessChrome/151.0.7922.34 Safari/537.36","Windows_NT 10.0.26200 x64","AMD Ryzen 7 5800H with Radeon Graphics         ","151.0.7922.34"
"3","guarded","13","0","1","0","2026-08-21T23:00:09.801Z","ANGLE (Google, Vulkan 1.3.0 (SwiftShader Device (Subzero) (0x0000C0DE)), SwiftShader driver)","Mozilla/5.0 (Windows NT 10.0; Win64; x64) AppleWebKit/537.36 (KHTML, like Gecko) HeadlessChrome/151.0.7922.34 Safari/537.36","Windows_NT 10.0.26200 x64","AMD Ryzen 7 5800H with Radeon Graphics         ","151.0.7922.34"
"3","guarded","14","0","1","0","2026-08-21T23:00:09.801Z","ANGLE (Google, Vulkan 1.3.0 (SwiftShader Device (Subzero) (0x0000C0DE)), SwiftShader driver)","Mozilla/5.0 (Windows NT 10.0; Win64; x64) AppleWebKit/537.36 (KHTML, like Gecko) HeadlessChrome/151.0.7922.34 Safari/537.36","Windows_NT 10.0.26200 x64","AMD Ryzen 7 5800H with Radeon Graphics         ","151.0.7922.34"
"3","guarded","15","0","1","0","2026-08-21T23:00:09.801Z","ANGLE (Google, Vulkan 1.3.0 (SwiftShader Device (Subzero) (0x0000C0DE)), SwiftShader driver)","Mozilla/5.0 (Windows NT 10.0; Win64; x64) AppleWebKit/537.36 (KHTML, like Gecko) HeadlessChrome/151.0.7922.34 Safari/537.36","Windows_NT 10.0.26200 x64","AMD Ryzen 7 5800H with Radeon Graphics         ","151.0.7922.34"
"3","guarded","16","0","1","0","2026-08-21T23:00:09.801Z","ANGLE (Google, Vulkan 1.3.0 (SwiftShader Device (Subzero) (0x0000C0DE)), SwiftShader driver)","Mozilla/5.0 (Windows NT 10.0; Win64; x64) AppleWebKit/537.36 (KHTML, like Gecko) HeadlessChrome/151.0.7922.34 Safari/537.36","Windows_NT 10.0.26200 x64","AMD Ryzen 7 5800H with Radeon Graphics         ","151.0.7922.34"
"3","guarded","17","0","1","0","2026-08-21T23:00:09.801Z","ANGLE (Google, Vulkan 1.3.0 (SwiftShader Device (Subzero) (0x0000C0DE)), SwiftShader driver)","Mozilla/5.0 (Windows NT 10.0; Win64; x64) AppleWebKit/537.36 (KHTML, like Gecko) HeadlessChrome/151.0.7922.34 Safari/537.36","Windows_NT 10.0.26200 x64","AMD Ryzen 7 5800H with Radeon Graphics         ","151.0.7922.34"
"3","guarded","18","0","1","0","2026-08-21T23:00:09.801Z","ANGLE (Google, Vulkan 1.3.0 (SwiftShader Device (Subzero) (0x0000C0DE)), SwiftShader driver)","Mozilla/5.0 (Windows NT 10.0; Win64; x64) AppleWebKit/537.36 (KHTML, like Gecko) HeadlessChrome/151.0.7922.34 Safari/537.36","Windows_NT 10.0.26200 x64","AMD Ryzen 7 5800H with Radeon Graphics         ","151.0.7922.34"
"3","guarded","19","0","1","0","2026-08-21T23:00:09.801Z","ANGLE (Google, Vulkan 1.3.0 (SwiftShader Device (Subzero) (0x0000C0DE)), SwiftShader driver)","Mozilla/5.0 (Windows NT 10.0; Win64; x64) AppleWebKit/537.36 (KHTML, like Gecko) HeadlessChrome/151.0.7922.34 Safari/537.36","Windows_NT 10.0.26200 x64","AMD Ryzen 7 5800H with Radeon Graphics         ","151.0.7922.34"
"3","guarded","20","0","1","0","2026-08-21T23:00:09.801Z","ANGLE (Google, Vulkan 1.3.0 (SwiftShader Device (Subzero) (0x0000C0DE)), SwiftShader driver)","Mozilla/5.0 (Windows NT 10.0; Win64; x64) AppleWebKit/537.36 (KHTML, like Gecko) HeadlessChrome/151.0.7922.34 Safari/537.36","Windows_NT 10.0.26200 x64","AMD Ryzen 7 5800H with Radeon Graphics         ","151.0.7922.34"
"3","guarded","21","0","1","0","2026-08-21T23:00:09.801Z","ANGLE (Google, Vulkan 1.3.0 (SwiftShader Device (Subzero) (0x0000C0DE)), SwiftShader driver)","Mozilla/5.0 (Windows NT 10.0; Win64; x64) AppleWebKit/537.36 (KHTML, like Gecko) HeadlessChrome/151.0.7922.34 Safari/537.36","Windows_NT 10.0.26200 x64","AMD Ryzen 7 5800H with Radeon Graphics         ","151.0.7922.34"
"3","guarded","22","0","1","0","2026-08-21T23:00:09.801Z","ANGLE (Google, Vulkan 1.3.0 (SwiftShader Device (Subzero) (0x0000C0DE)), SwiftShader driver)","Mozilla/5.0 (Windows NT 10.0; Win64; x64) AppleWebKit/537.36 (KHTML, like Gecko) HeadlessChrome/151.0.7922.34 Safari/537.36","Windows_NT 10.0.26200 x64","AMD Ryzen 7 5800H with Radeon Graphics         ","151.0.7922.34"
"3","guarded","23","0","1","0","2026-08-21T23:00:09.801Z","ANGLE (Google, Vulkan 1.3.0 (SwiftShader Device (Subzero) (0x0000C0DE)), SwiftShader driver)","Mozilla/5.0 (Windows NT 10.0; Win64; x64) AppleWebKit/537.36 (KHTML, like Gecko) HeadlessChrome/151.0.7922.34 Safari/537.36","Windows_NT 10.0.26200 x64","AMD Ryzen 7 5800H with Radeon Graphics         ","151.0.7922.34"
"3","guarded","24","0","1","0","2026-08-21T23:00:09.801Z","ANGLE (Google, Vulkan 1.3.0 (SwiftShader Device (Subzero) (0x0000C0DE)), SwiftShader driver)","Mozilla/5.0 (Windows NT 10.0; Win64; x64) AppleWebKit/537.36 (KHTML, like Gecko) HeadlessChrome/151.0.7922.34 Safari/537.36","Windows_NT 10.0.26200 x64","AMD Ryzen 7 5800H with Radeon Graphics         ","151.0.7922.34"
"3","guarded","25","0","1","0","2026-08-21T23:00:09.801Z","ANGLE (Google, Vulkan 1.3.0 (SwiftShader Device (Subzero) (0x0000C0DE)), SwiftShader driver)","Mozilla/5.0 (Windows NT 10.0; Win64; x64) AppleWebKit/537.36 (KHTML, like Gecko) HeadlessChrome/151.0.7922.34 Safari/537.36","Windows_NT 10.0.26200 x64","AMD Ryzen 7 5800H with Radeon Graphics         ","151.0.7922.34"
"3","guarded","26","0","1","0","2026-08-21T23:00:09.801Z","ANGLE (Google, Vulkan 1.3.0 (SwiftShader Device (Subzero) (0x0000C0DE)), SwiftShader driver)","Mozilla/5.0 (Windows NT 10.0; Win64; x64) AppleWebKit/537.36 (KHTML, like Gecko) HeadlessChrome/151.0.7922.34 Safari/537.36","Windows_NT 10.0.26200 x64","AMD Ryzen 7 5800H with Radeon Graphics         ","151.0.7922.34"
"3","guarded","27","0","1","0","2026-08-21T23:00:09.801Z","ANGLE (Google, Vulkan 1.3.0 (SwiftShader Device (Subzero) (0x0000C0DE)), SwiftShader driver)","Mozilla/5.0 (Windows NT 10.0; Win64; x64) AppleWebKit/537.36 (KHTML, like Gecko) HeadlessChrome/151.0.7922.34 Safari/537.36","Windows_NT 10.0.26200 x64","AMD Ryzen 7 5800H with Radeon Graphics         ","151.0.7922.34"
"3","guarded","28","0","1","0","2026-08-21T23:00:09.801Z","ANGLE (Google, Vulkan 1.3.0 (SwiftShader Device (Subzero) (0x0000C0DE)), SwiftShader driver)","Mozilla/5.0 (Windows NT 10.0; Win64; x64) AppleWebKit/537.36 (KHTML, like Gecko) HeadlessChrome/151.0.7922.34 Safari/537.36","Windows_NT 10.0.26200 x64","AMD Ryzen 7 5800H with Radeon Graphics         ","151.0.7922.34"
"3","guarded","29","0","1","0","2026-08-21T23:00:09.801Z","ANGLE (Google, Vulkan 1.3.0 (SwiftShader Device (Subzero) (0x0000C0DE)), SwiftShader driver)","Mozilla/5.0 (Windows NT 10.0; Win64; x64) AppleWebKit/537.36 (KHTML, like Gecko) HeadlessChrome/151.0.7922.34 Safari/537.36","Windows_NT 10.0.26200 x64","AMD Ryzen 7 5800H with Radeon Graphics         ","151.0.7922.34"
"3","guarded","30","0","1","0","2026-08-21T23:00:09.801Z","ANGLE (Google, Vulkan 1.3.0 (SwiftShader Device (Subzero) (0x0000C0DE)), SwiftShader driver)","Mozilla/5.0 (Windows NT 10.0; Win64; x64) AppleWebKit/537.36 (KHTML, like Gecko) HeadlessChrome/151.0.7922.34 Safari/537.36","Windows_NT 10.0.26200 x64","AMD Ryzen 7 5800H with Radeon Graphics         ","151.0.7922.34"
"3","guarded","31","0","1","0","2026-08-21T23:00:09.801Z","ANGLE (Google, Vulkan 1.3.0 (SwiftShader Device (Subzero) (0x0000C0DE)), SwiftShader driver)","Mozilla/5.0 (Windows NT 10.0; Win64; x64) AppleWebKit/537.36 (KHTML, like Gecko) HeadlessChrome/151.0.7922.34 Safari/537.36","Windows_NT 10.0.26200 x64","AMD Ryzen 7 5800H with Radeon Graphics         ","151.0.7922.34"
"3","guarded","32","0","1","0","2026-08-21T23:00:09.801Z","ANGLE (Google, Vulkan 1.3.0 (SwiftShader Device (Subzero) (0x0000C0DE)), SwiftShader driver)","Mozilla/5.0 (Windows NT 10.0; Win64; x64) AppleWebKit/537.36 (KHTML, like Gecko) HeadlessChrome/151.0.7922.34 Safari/537.36","Windows_NT 10.0.26200 x64","AMD Ryzen 7 5800H with Radeon Graphics         ","151.0.7922.34"
"3","guarded","33","0","1","0","2026-08-21T23:00:09.801Z","ANGLE (Google, Vulkan 1.3.0 (SwiftShader Device (Subzero) (0x0000C0DE)), SwiftShader driver)","Mozilla/5.0 (Windows NT 10.0; Win64; x64) AppleWebKit/537.36 (KHTML, like Gecko) HeadlessChrome/151.0.7922.34 Safari/537.36","Windows_NT 10.0.26200 x64","AMD Ryzen 7 5800H with Radeon Graphics         ","151.0.7922.34"
"3","guarded","34","0","1","0","2026-08-21T23:00:09.801Z","ANGLE (Google, Vulkan 1.3.0 (SwiftShader Device (Subzero) (0x0000C0DE)), SwiftShader driver)","Mozilla/5.0 (Windows NT 10.0; Win64; x64) AppleWebKit/537.36 (KHTML, like Gecko) HeadlessChrome/151.0.7922.34 Safari/537.36","Windows_NT 10.0.26200 x64","AMD Ryzen 7 5800H with Radeon Graphics         ","151.0.7922.34"
"3","guarded","35","0","1","0","2026-08-21T23:00:09.801Z","ANGLE (Google, Vulkan 1.3.0 (SwiftShader Device (Subzero) (0x0000C0DE)), SwiftShader driver)","Mozilla/5.0 (Windows NT 10.0; Win64; x64) AppleWebKit/537.36 (KHTML, like Gecko) HeadlessChrome/151.0.7922.34 Safari/537.36","Windows_NT 10.0.26200 x64","AMD Ryzen 7 5800H with Radeon Graphics         ","151.0.7922.34"
"3","guarded","36","0","1","0","2026-08-21T23:00:09.801Z","ANGLE (Google, Vulkan 1.3.0 (SwiftShader Device (Subzero) (0x0000C0DE)), SwiftShader driver)","Mozilla/5.0 (Windows NT 10.0; Win64; x64) AppleWebKit/537.36 (KHTML, like Gecko) HeadlessChrome/151.0.7922.34 Safari/537.36","Windows_NT 10.0.26200 x64","AMD Ryzen 7 5800H with Radeon Graphics         ","151.0.7922.34"
"3","guarded","37","0","1","0","2026-08-21T23:00:09.801Z","ANGLE (Google, Vulkan 1.3.0 (SwiftShader Device (Subzero) (0x0000C0DE)), SwiftShader driver)","Mozilla/5.0 (Windows NT 10.0; Win64; x64) AppleWebKit/537.36 (KHTML, like Gecko) HeadlessChrome/151.0.7922.34 Safari/537.36","Windows_NT 10.0.26200 x64","AMD Ryzen 7 5800H with Radeon Graphics         ","151.0.7922.34"
"3","guarded","38","0","1","0","2026-08-21T23:00:09.801Z","ANGLE (Google, Vulkan 1.3.0 (SwiftShader Device (Subzero) (0x0000C0DE)), SwiftShader driver)","Mozilla/5.0 (Windows NT 10.0; Win64; x64) AppleWebKit/537.36 (KHTML, like Gecko) HeadlessChrome/151.0.7922.34 Safari/537.36","Windows_NT 10.0.26200 x64","AMD Ryzen 7 5800H with Radeon Graphics         ","151.0.7922.34"
"3","guarded","39","0","1","0","2026-08-21T23:00:09.801Z","ANGLE (Google, Vulkan 1.3.0 (SwiftShader Device (Subzero) (0x0000C0DE)), SwiftShader driver)","Mozilla/5.0 (Windows NT 10.0; Win64; x64) AppleWebKit/537.36 (KHTML, like Gecko) HeadlessChrome/151.0.7922.34 Safari/537.36","Windows_NT 10.0.26200 x64","AMD Ryzen 7 5800H with Radeon Graphics         ","151.0.7922.34"
"3","guarded","40","0","1","0","2026-08-21T23:00:09.801Z","ANGLE (Google, Vulkan 1.3.0 (SwiftShader Device (Subzero) (0x0000C0DE)), SwiftShader driver)","Mozilla/5.0 (Windows NT 10.0; Win64; x64) AppleWebKit/537.36 (KHTML, like Gecko) HeadlessChrome/151.0.7922.34 Safari/537.36","Windows_NT 10.0.26200 x64","AMD Ryzen 7 5800H with Radeon Graphics         ","151.0.7922.34"
"3","guarded","41","0","1","0","2026-08-21T23:00:09.801Z","ANGLE (Google, Vulkan 1.3.0 (SwiftShader Device (Subzero) (0x0000C0DE)), SwiftShader driver)","Mozilla/5.0 (Windows NT 10.0; Win64; x64) AppleWebKit/537.36 (KHTML, like Gecko) HeadlessChrome/151.0.7922.34 Safari/537.36","Windows_NT 10.0.26200 x64","AMD Ryzen 7 5800H with Radeon Graphics         ","151.0.7922.34"
"3","guarded","42","0","1","0","2026-08-21T23:00:09.801Z","ANGLE (Google, Vulkan 1.3.0 (SwiftShader Device (Subzero) (0x0000C0DE)), SwiftShader driver)","Mozilla/5.0 (Windows NT 10.0; Win64; x64) AppleWebKit/537.36 (KHTML, like Gecko) HeadlessChrome/151.0.7922.34 Safari/537.36","Windows_NT 10.0.26200 x64","AMD Ryzen 7 5800H with Radeon Graphics         ","151.0.7922.34"
"3","guarded","43","0","1","0","2026-08-21T23:00:09.801Z","ANGLE (Google, Vulkan 1.3.0 (SwiftShader Device (Subzero) (0x0000C0DE)), SwiftShader driver)","Mozilla/5.0 (Windows NT 10.0; Win64; x64) AppleWebKit/537.36 (KHTML, like Gecko) HeadlessChrome/151.0.7922.34 Safari/537.36","Windows_NT 10.0.26200 x64","AMD Ryzen 7 5800H with Radeon Graphics         ","151.0.7922.34"
"3","guarded","44","0","1","0","2026-08-21T23:00:09.801Z","ANGLE (Google, Vulkan 1.3.0 (SwiftShader Device (Subzero) (0x0000C0DE)), SwiftShader driver)","Mozilla/5.0 (Windows NT 10.0; Win64; x64) AppleWebKit/537.36 (KHTML, like Gecko) HeadlessChrome/151.0.7922.34 Safari/537.36","Windows_NT 10.0.26200 x64","AMD Ryzen 7 5800H with Radeon Graphics         ","151.0.7922.34"
"3","guarded","45","0","1","0","2026-08-21T23:00:09.801Z","ANGLE (Google, Vulkan 1.3.0 (SwiftShader Device (Subzero) (0x0000C0DE)), SwiftShader driver)","Mozilla/5.0 (Windows NT 10.0; Win64; x64) AppleWebKit/537.36 (KHTML, like Gecko) HeadlessChrome/151.0.7922.34 Safari/537.36","Windows_NT 10.0.26200 x64","AMD Ryzen 7 5800H with Radeon Graphics         ","151.0.7922.34"
"3","guarded","46","0","1","0","2026-08-21T23:00:09.801Z","ANGLE (Google, Vulkan 1.3.0 (SwiftShader Device (Subzero) (0x0000C0DE)), SwiftShader driver)","Mozilla/5.0 (Windows NT 10.0; Win64; x64) AppleWebKit/537.36 (KHTML, like Gecko) HeadlessChrome/151.0.7922.34 Safari/537.36","Windows_NT 10.0.26200 x64","AMD Ryzen 7 5800H with Radeon Graphics         ","151.0.7922.34"
"3","guarded","47","0","1","0","2026-08-21T23:00:09.801Z","ANGLE (Google, Vulkan 1.3.0 (SwiftShader Device (Subzero) (0x0000C0DE)), SwiftShader driver)","Mozilla/5.0 (Windows NT 10.0; Win64; x64) AppleWebKit/537.36 (KHTML, like Gecko) HeadlessChrome/151.0.7922.34 Safari/537.36","Windows_NT 10.0.26200 x64","AMD Ryzen 7 5800H with Radeon Graphics         ","151.0.7922.34"
"3","guarded","48","0","1","0","2026-08-21T23:00:09.801Z","ANGLE (Google, Vulkan 1.3.0 (SwiftShader Device (Subzero) (0x0000C0DE)), SwiftShader driver)","Mozilla/5.0 (Windows NT 10.0; Win64; x64) AppleWebKit/537.36 (KHTML, like Gecko) HeadlessChrome/151.0.7922.34 Safari/537.36","Windows_NT 10.0.26200 x64","AMD Ryzen 7 5800H with Radeon Graphics         ","151.0.7922.34"
"3","guarded","49","0","1","0","2026-08-21T23:00:09.801Z","ANGLE (Google, Vulkan 1.3.0 (SwiftShader Device (Subzero) (0x0000C0DE)), SwiftShader driver)","Mozilla/5.0 (Windows NT 10.0; Win64; x64) AppleWebKit/537.36 (KHTML, like Gecko) HeadlessChrome/151.0.7922.34 Safari/537.36","Windows_NT 10.0.26200 x64","AMD Ryzen 7 5800H with Radeon Graphics         ","151.0.7922.34"
"3","guarded","50","0","1","0","2026-08-21T23:00:09.801Z","ANGLE (Google, Vulkan 1.3.0 (SwiftShader Device (Subzero) (0x0000C0DE)), SwiftShader driver)","Mozilla/5.0 (Windows NT 10.0; Win64; x64) AppleWebKit/537.36 (KHTML, like Gecko) HeadlessChrome/151.0.7922.34 Safari/537.36","Windows_NT 10.0.26200 x64","AMD Ryzen 7 5800H with Radeon Graphics         ","151.0.7922.34"
"4","unmanaged","1","4","5","1","2026-08-21T23:00:15.307Z","ANGLE (Google, Vulkan 1.3.0 (SwiftShader Device (Subzero) (0x0000C0DE)), SwiftShader driver)","Mozilla/5.0 (Windows NT 10.0; Win64; x64) AppleWebKit/537.36 (KHTML, like Gecko) HeadlessChrome/151.0.7922.34 Safari/537.36","Windows_NT 10.0.26200 x64","AMD Ryzen 7 5800H with Radeon Graphics         ","151.0.7922.34"
"4","unmanaged","2","8","9","1","2026-08-21T23:00:15.307Z","ANGLE (Google, Vulkan 1.3.0 (SwiftShader Device (Subzero) (0x0000C0DE)), SwiftShader driver)","Mozilla/5.0 (Windows NT 10.0; Win64; x64) AppleWebKit/537.36 (KHTML, like Gecko) HeadlessChrome/151.0.7922.34 Safari/537.36","Windows_NT 10.0.26200 x64","AMD Ryzen 7 5800H with Radeon Graphics         ","151.0.7922.34"
"4","unmanaged","3","12","13","1","2026-08-21T23:00:15.307Z","ANGLE (Google, Vulkan 1.3.0 (SwiftShader Device (Subzero) (0x0000C0DE)), SwiftShader driver)","Mozilla/5.0 (Windows NT 10.0; Win64; x64) AppleWebKit/537.36 (KHTML, like Gecko) HeadlessChrome/151.0.7922.34 Safari/537.36","Windows_NT 10.0.26200 x64","AMD Ryzen 7 5800H with Radeon Graphics         ","151.0.7922.34"
"4","unmanaged","4","16","17","1","2026-08-21T23:00:15.307Z","ANGLE (Google, Vulkan 1.3.0 (SwiftShader Device (Subzero) (0x0000C0DE)), SwiftShader driver)","Mozilla/5.0 (Windows NT 10.0; Win64; x64) AppleWebKit/537.36 (KHTML, like Gecko) HeadlessChrome/151.0.7922.34 Safari/537.36","Windows_NT 10.0.26200 x64","AMD Ryzen 7 5800H with Radeon Graphics         ","151.0.7922.34"
"4","unmanaged","5","20","21","1","2026-08-21T23:00:15.307Z","ANGLE (Google, Vulkan 1.3.0 (SwiftShader Device (Subzero) (0x0000C0DE)), SwiftShader driver)","Mozilla/5.0 (Windows NT 10.0; Win64; x64) AppleWebKit/537.36 (KHTML, like Gecko) HeadlessChrome/151.0.7922.34 Safari/537.36","Windows_NT 10.0.26200 x64","AMD Ryzen 7 5800H with Radeon Graphics         ","151.0.7922.34"
"4","unmanaged","6","24","25","1","2026-08-21T23:00:15.307Z","ANGLE (Google, Vulkan 1.3.0 (SwiftShader Device (Subzero) (0x0000C0DE)), SwiftShader driver)","Mozilla/5.0 (Windows NT 10.0; Win64; x64) AppleWebKit/537.36 (KHTML, like Gecko) HeadlessChrome/151.0.7922.34 Safari/537.36","Windows_NT 10.0.26200 x64","AMD Ryzen 7 5800H with Radeon Graphics         ","151.0.7922.34"
"4","unmanaged","7","28","29","1","2026-08-21T23:00:15.307Z","ANGLE (Google, Vulkan 1.3.0 (SwiftShader Device (Subzero) (0x0000C0DE)), SwiftShader driver)","Mozilla/5.0 (Windows NT 10.0; Win64; x64) AppleWebKit/537.36 (KHTML, like Gecko) HeadlessChrome/151.0.7922.34 Safari/537.36","Windows_NT 10.0.26200 x64","AMD Ryzen 7 5800H with Radeon Graphics         ","151.0.7922.34"
"4","unmanaged","8","32","33","1","2026-08-21T23:00:15.307Z","ANGLE (Google, Vulkan 1.3.0 (SwiftShader Device (Subzero) (0x0000C0DE)), SwiftShader driver)","Mozilla/5.0 (Windows NT 10.0; Win64; x64) AppleWebKit/537.36 (KHTML, like Gecko) HeadlessChrome/151.0.7922.34 Safari/537.36","Windows_NT 10.0.26200 x64","AMD Ryzen 7 5800H with Radeon Graphics         ","151.0.7922.34"
"4","unmanaged","9","36","37","1","2026-08-21T23:00:15.307Z","ANGLE (Google, Vulkan 1.3.0 (SwiftShader Device (Subzero) (0x0000C0DE)), SwiftShader driver)","Mozilla/5.0 (Windows NT 10.0; Win64; x64) AppleWebKit/537.36 (KHTML, like Gecko) HeadlessChrome/151.0.7922.34 Safari/537.36","Windows_NT 10.0.26200 x64","AMD Ryzen 7 5800H with Radeon Graphics         ","151.0.7922.34"
"4","unmanaged","10","40","41","1","2026-08-21T23:00:15.307Z","ANGLE (Google, Vulkan 1.3.0 (SwiftShader Device (Subzero) (0x0000C0DE)), SwiftShader driver)","Mozilla/5.0 (Windows NT 10.0; Win64; x64) AppleWebKit/537.36 (KHTML, like Gecko) HeadlessChrome/151.0.7922.34 Safari/537.36","Windows_NT 10.0.26200 x64","AMD Ryzen 7 5800H with Radeon Graphics         ","151.0.7922.34"
"4","unmanaged","11","44","45","1","2026-08-21T23:00:15.307Z","ANGLE (Google, Vulkan 1.3.0 (SwiftShader Device (Subzero) (0x0000C0DE)), SwiftShader driver)","Mozilla/5.0 (Windows NT 10.0; Win64; x64) AppleWebKit/537.36 (KHTML, like Gecko) HeadlessChrome/151.0.7922.34 Safari/537.36","Windows_NT 10.0.26200 x64","AMD Ryzen 7 5800H with Radeon Graphics         ","151.0.7922.34"
"4","unmanaged","12","48","49","1","2026-08-21T23:00:15.307Z","ANGLE (Google, Vulkan 1.3.0 (SwiftShader Device (Subzero) (0x0000C0DE)), SwiftShader driver)","Mozilla/5.0 (Windows NT 10.0; Win64; x64) AppleWebKit/537.36 (KHTML, like Gecko) HeadlessChrome/151.0.7922.34 Safari/537.36","Windows_NT 10.0.26200 x64","AMD Ryzen 7 5800H with Radeon Graphics         ","151.0.7922.34"
"4","unmanaged","13","52","53","1","2026-08-21T23:00:15.307Z","ANGLE (Google, Vulkan 1.3.0 (SwiftShader Device (Subzero) (0x0000C0DE)), SwiftShader driver)","Mozilla/5.0 (Windows NT 10.0; Win64; x64) AppleWebKit/537.36 (KHTML, like Gecko) HeadlessChrome/151.0.7922.34 Safari/537.36","Windows_NT 10.0.26200 x64","AMD Ryzen 7 5800H with Radeon Graphics         ","151.0.7922.34"
"4","unmanaged","14","56","57","1","2026-08-21T23:00:15.307Z","ANGLE (Google, Vulkan 1.3.0 (SwiftShader Device (Subzero) (0x0000C0DE)), SwiftShader driver)","Mozilla/5.0 (Windows NT 10.0; Win64; x64) AppleWebKit/537.36 (KHTML, like Gecko) HeadlessChrome/151.0.7922.34 Safari/537.36","Windows_NT 10.0.26200 x64","AMD Ryzen 7 5800H with Radeon Graphics         ","151.0.7922.34"
"4","unmanaged","15","60","61","1","2026-08-21T23:00:15.307Z","ANGLE (Google, Vulkan 1.3.0 (SwiftShader Device (Subzero) (0x0000C0DE)), SwiftShader driver)","Mozilla/5.0 (Windows NT 10.0; Win64; x64) AppleWebKit/537.36 (KHTML, like Gecko) HeadlessChrome/151.0.7922.34 Safari/537.36","Windows_NT 10.0.26200 x64","AMD Ryzen 7 5800H with Radeon Graphics         ","151.0.7922.34"
"4","unmanaged","16","64","65","1","2026-08-21T23:00:15.307Z","ANGLE (Google, Vulkan 1.3.0 (SwiftShader Device (Subzero) (0x0000C0DE)), SwiftShader driver)","Mozilla/5.0 (Windows NT 10.0; Win64; x64) AppleWebKit/537.36 (KHTML, like Gecko) HeadlessChrome/151.0.7922.34 Safari/537.36","Windows_NT 10.0.26200 x64","AMD Ryzen 7 5800H with Radeon Graphics         ","151.0.7922.34"
"4","unmanaged","17","68","69","1","2026-08-21T23:00:15.307Z","ANGLE (Google, Vulkan 1.3.0 (SwiftShader Device (Subzero) (0x0000C0DE)), SwiftShader driver)","Mozilla/5.0 (Windows NT 10.0; Win64; x64) AppleWebKit/537.36 (KHTML, like Gecko) HeadlessChrome/151.0.7922.34 Safari/537.36","Windows_NT 10.0.26200 x64","AMD Ryzen 7 5800H with Radeon Graphics         ","151.0.7922.34"
"4","unmanaged","18","72","73","1","2026-08-21T23:00:15.307Z","ANGLE (Google, Vulkan 1.3.0 (SwiftShader Device (Subzero) (0x0000C0DE)), SwiftShader driver)","Mozilla/5.0 (Windows NT 10.0; Win64; x64) AppleWebKit/537.36 (KHTML, like Gecko) HeadlessChrome/151.0.7922.34 Safari/537.36","Windows_NT 10.0.26200 x64","AMD Ryzen 7 5800H with Radeon Graphics         ","151.0.7922.34"
"4","unmanaged","19","76","77","1","2026-08-21T23:00:15.307Z","ANGLE (Google, Vulkan 1.3.0 (SwiftShader Device (Subzero) (0x0000C0DE)), SwiftShader driver)","Mozilla/5.0 (Windows NT 10.0; Win64; x64) AppleWebKit/537.36 (KHTML, like Gecko) HeadlessChrome/151.0.7922.34 Safari/537.36","Windows_NT 10.0.26200 x64","AMD Ryzen 7 5800H with Radeon Graphics         ","151.0.7922.34"
"4","unmanaged","20","80","81","1","2026-08-21T23:00:15.307Z","ANGLE (Google, Vulkan 1.3.0 (SwiftShader Device (Subzero) (0x0000C0DE)), SwiftShader driver)","Mozilla/5.0 (Windows NT 10.0; Win64; x64) AppleWebKit/537.36 (KHTML, like Gecko) HeadlessChrome/151.0.7922.34 Safari/537.36","Windows_NT 10.0.26200 x64","AMD Ryzen 7 5800H with Radeon Graphics         ","151.0.7922.34"
"4","unmanaged","21","84","85","1","2026-08-21T23:00:15.307Z","ANGLE (Google, Vulkan 1.3.0 (SwiftShader Device (Subzero) (0x0000C0DE)), SwiftShader driver)","Mozilla/5.0 (Windows NT 10.0; Win64; x64) AppleWebKit/537.36 (KHTML, like Gecko) HeadlessChrome/151.0.7922.34 Safari/537.36","Windows_NT 10.0.26200 x64","AMD Ryzen 7 5800H with Radeon Graphics         ","151.0.7922.34"
"4","unmanaged","22","88","89","1","2026-08-21T23:00:15.307Z","ANGLE (Google, Vulkan 1.3.0 (SwiftShader Device (Subzero) (0x0000C0DE)), SwiftShader driver)","Mozilla/5.0 (Windows NT 10.0; Win64; x64) AppleWebKit/537.36 (KHTML, like Gecko) HeadlessChrome/151.0.7922.34 Safari/537.36","Windows_NT 10.0.26200 x64","AMD Ryzen 7 5800H with Radeon Graphics         ","151.0.7922.34"
"4","unmanaged","23","92","93","1","2026-08-21T23:00:15.307Z","ANGLE (Google, Vulkan 1.3.0 (SwiftShader Device (Subzero) (0x0000C0DE)), SwiftShader driver)","Mozilla/5.0 (Windows NT 10.0; Win64; x64) AppleWebKit/537.36 (KHTML, like Gecko) HeadlessChrome/151.0.7922.34 Safari/537.36","Windows_NT 10.0.26200 x64","AMD Ryzen 7 5800H with Radeon Graphics         ","151.0.7922.34"
"4","unmanaged","24","96","97","1","2026-08-21T23:00:15.307Z","ANGLE (Google, Vulkan 1.3.0 (SwiftShader Device (Subzero) (0x0000C0DE)), SwiftShader driver)","Mozilla/5.0 (Windows NT 10.0; Win64; x64) AppleWebKit/537.36 (KHTML, like Gecko) HeadlessChrome/151.0.7922.34 Safari/537.36","Windows_NT 10.0.26200 x64","AMD Ryzen 7 5800H with Radeon Graphics         ","151.0.7922.34"
"4","unmanaged","25","100","101","1","2026-08-21T23:00:15.307Z","ANGLE (Google, Vulkan 1.3.0 (SwiftShader Device (Subzero) (0x0000C0DE)), SwiftShader driver)","Mozilla/5.0 (Windows NT 10.0; Win64; x64) AppleWebKit/537.36 (KHTML, like Gecko) HeadlessChrome/151.0.7922.34 Safari/537.36","Windows_NT 10.0.26200 x64","AMD Ryzen 7 5800H with Radeon Graphics         ","151.0.7922.34"
"4","unmanaged","26","104","105","1","2026-08-21T23:00:15.307Z","ANGLE (Google, Vulkan 1.3.0 (SwiftShader Device (Subzero) (0x0000C0DE)), SwiftShader driver)","Mozilla/5.0 (Windows NT 10.0; Win64; x64) AppleWebKit/537.36 (KHTML, like Gecko) HeadlessChrome/151.0.7922.34 Safari/537.36","Windows_NT 10.0.26200 x64","AMD Ryzen 7 5800H with Radeon Graphics         ","151.0.7922.34"
"4","unmanaged","27","108","109","1","2026-08-21T23:00:15.307Z","ANGLE (Google, Vulkan 1.3.0 (SwiftShader Device (Subzero) (0x0000C0DE)), SwiftShader driver)","Mozilla/5.0 (Windows NT 10.0; Win64; x64) AppleWebKit/537.36 (KHTML, like Gecko) HeadlessChrome/151.0.7922.34 Safari/537.36","Windows_NT 10.0.26200 x64","AMD Ryzen 7 5800H with Radeon Graphics         ","151.0.7922.34"
"4","unmanaged","28","112","113","1","2026-08-21T23:00:15.307Z","ANGLE (Google, Vulkan 1.3.0 (SwiftShader Device (Subzero) (0x0000C0DE)), SwiftShader driver)","Mozilla/5.0 (Windows NT 10.0; Win64; x64) AppleWebKit/537.36 (KHTML, like Gecko) HeadlessChrome/151.0.7922.34 Safari/537.36","Windows_NT 10.0.26200 x64","AMD Ryzen 7 5800H with Radeon Graphics         ","151.0.7922.34"
"4","unmanaged","29","116","117","1","2026-08-21T23:00:15.307Z","ANGLE (Google, Vulkan 1.3.0 (SwiftShader Device (Subzero) (0x0000C0DE)), SwiftShader driver)","Mozilla/5.0 (Windows NT 10.0; Win64; x64) AppleWebKit/537.36 (KHTML, like Gecko) HeadlessChrome/151.0.7922.34 Safari/537.36","Windows_NT 10.0.26200 x64","AMD Ryzen 7 5800H with Radeon Graphics         ","151.0.7922.34"
"4","unmanaged","30","120","121","1","2026-08-21T23:00:15.307Z","ANGLE (Google, Vulkan 1.3.0 (SwiftShader Device (Subzero) (0x0000C0DE)), SwiftShader driver)","Mozilla/5.0 (Windows NT 10.0; Win64; x64) AppleWebKit/537.36 (KHTML, like Gecko) HeadlessChrome/151.0.7922.34 Safari/537.36","Windows_NT 10.0.26200 x64","AMD Ryzen 7 5800H with Radeon Graphics         ","151.0.7922.34"
"4","unmanaged","31","124","125","1","2026-08-21T23:00:15.307Z","ANGLE (Google, Vulkan 1.3.0 (SwiftShader Device (Subzero) (0x0000C0DE)), SwiftShader driver)","Mozilla/5.0 (Windows NT 10.0; Win64; x64) AppleWebKit/537.36 (KHTML, like Gecko) HeadlessChrome/151.0.7922.34 Safari/537.36","Windows_NT 10.0.26200 x64","AMD Ryzen 7 5800H with Radeon Graphics         ","151.0.7922.34"
"4","unmanaged","32","128","129","1","2026-08-21T23:00:15.307Z","ANGLE (Google, Vulkan 1.3.0 (SwiftShader Device (Subzero) (0x0000C0DE)), SwiftShader driver)","Mozilla/5.0 (Windows NT 10.0; Win64; x64) AppleWebKit/537.36 (KHTML, like Gecko) HeadlessChrome/151.0.7922.34 Safari/537.36","Windows_NT 10.0.26200 x64","AMD Ryzen 7 5800H with Radeon Graphics         ","151.0.7922.34"
"4","unmanaged","33","132","133","1","2026-08-21T23:00:15.307Z","ANGLE (Google, Vulkan 1.3.0 (SwiftShader Device (Subzero) (0x0000C0DE)), SwiftShader driver)","Mozilla/5.0 (Windows NT 10.0; Win64; x64) AppleWebKit/537.36 (KHTML, like Gecko) HeadlessChrome/151.0.7922.34 Safari/537.36","Windows_NT 10.0.26200 x64","AMD Ryzen 7 5800H with Radeon Graphics         ","151.0.7922.34"
"4","unmanaged","34","136","137","1","2026-08-21T23:00:15.307Z","ANGLE (Google, Vulkan 1.3.0 (SwiftShader Device (Subzero) (0x0000C0DE)), SwiftShader driver)","Mozilla/5.0 (Windows NT 10.0; Win64; x64) AppleWebKit/537.36 (KHTML, like Gecko) HeadlessChrome/151.0.7922.34 Safari/537.36","Windows_NT 10.0.26200 x64","AMD Ryzen 7 5800H with Radeon Graphics         ","151.0.7922.34"
"4","unmanaged","35","140","141","1","2026-08-21T23:00:15.307Z","ANGLE (Google, Vulkan 1.3.0 (SwiftShader Device (Subzero) (0x0000C0DE)), SwiftShader driver)","Mozilla/5.0 (Windows NT 10.0; Win64; x64) AppleWebKit/537.36 (KHTML, like Gecko) HeadlessChrome/151.0.7922.34 Safari/537.36","Windows_NT 10.0.26200 x64","AMD Ryzen 7 5800H with Radeon Graphics         ","151.0.7922.34"
"4","unmanaged","36","144","145","1","2026-08-21T23:00:15.307Z","ANGLE (Google, Vulkan 1.3.0 (SwiftShader Device (Subzero) (0x0000C0DE)), SwiftShader driver)","Mozilla/5.0 (Windows NT 10.0; Win64; x64) AppleWebKit/537.36 (KHTML, like Gecko) HeadlessChrome/151.0.7922.34 Safari/537.36","Windows_NT 10.0.26200 x64","AMD Ryzen 7 5800H with Radeon Graphics         ","151.0.7922.34"
"4","unmanaged","37","148","149","1","2026-08-21T23:00:15.307Z","ANGLE (Google, Vulkan 1.3.0 (SwiftShader Device (Subzero) (0x0000C0DE)), SwiftShader driver)","Mozilla/5.0 (Windows NT 10.0; Win64; x64) AppleWebKit/537.36 (KHTML, like Gecko) HeadlessChrome/151.0.7922.34 Safari/537.36","Windows_NT 10.0.26200 x64","AMD Ryzen 7 5800H with Radeon Graphics         ","151.0.7922.34"
"4","unmanaged","38","152","153","1","2026-08-21T23:00:15.307Z","ANGLE (Google, Vulkan 1.3.0 (SwiftShader Device (Subzero) (0x0000C0DE)), SwiftShader driver)","Mozilla/5.0 (Windows NT 10.0; Win64; x64) AppleWebKit/537.36 (KHTML, like Gecko) HeadlessChrome/151.0.7922.34 Safari/537.36","Windows_NT 10.0.26200 x64","AMD Ryzen 7 5800H with Radeon Graphics         ","151.0.7922.34"
"4","unmanaged","39","156","157","1","2026-08-21T23:00:15.307Z","ANGLE (Google, Vulkan 1.3.0 (SwiftShader Device (Subzero) (0x0000C0DE)), SwiftShader driver)","Mozilla/5.0 (Windows NT 10.0; Win64; x64) AppleWebKit/537.36 (KHTML, like Gecko) HeadlessChrome/151.0.7922.34 Safari/537.36","Windows_NT 10.0.26200 x64","AMD Ryzen 7 5800H with Radeon Graphics         ","151.0.7922.34"
"4","unmanaged","40","160","161","1","2026-08-21T23:00:15.307Z","ANGLE (Google, Vulkan 1.3.0 (SwiftShader Device (Subzero) (0x0000C0DE)), SwiftShader driver)","Mozilla/5.0 (Windows NT 10.0; Win64; x64) AppleWebKit/537.36 (KHTML, like Gecko) HeadlessChrome/151.0.7922.34 Safari/537.36","Windows_NT 10.0.26200 x64","AMD Ryzen 7 5800H with Radeon Graphics         ","151.0.7922.34"
"4","unmanaged","41","164","165","1","2026-08-21T23:00:15.307Z","ANGLE (Google, Vulkan 1.3.0 (SwiftShader Device (Subzero) (0x0000C0DE)), SwiftShader driver)","Mozilla/5.0 (Windows NT 10.0; Win64; x64) AppleWebKit/537.36 (KHTML, like Gecko) HeadlessChrome/151.0.7922.34 Safari/537.36","Windows_NT 10.0.26200 x64","AMD Ryzen 7 5800H with Radeon Graphics         ","151.0.7922.34"
"4","unmanaged","42","168","169","1","2026-08-21T23:00:15.307Z","ANGLE (Google, Vulkan 1.3.0 (SwiftShader Device (Subzero) (0x0000C0DE)), SwiftShader driver)","Mozilla/5.0 (Windows NT 10.0; Win64; x64) AppleWebKit/537.36 (KHTML, like Gecko) HeadlessChrome/151.0.7922.34 Safari/537.36","Windows_NT 10.0.26200 x64","AMD Ryzen 7 5800H with Radeon Graphics         ","151.0.7922.34"
"4","unmanaged","43","172","173","1","2026-08-21T23:00:15.307Z","ANGLE (Google, Vulkan 1.3.0 (SwiftShader Device (Subzero) (0x0000C0DE)), SwiftShader driver)","Mozilla/5.0 (Windows NT 10.0; Win64; x64) AppleWebKit/537.36 (KHTML, like Gecko) HeadlessChrome/151.0.7922.34 Safari/537.36","Windows_NT 10.0.26200 x64","AMD Ryzen 7 5800H with Radeon Graphics         ","151.0.7922.34"
"4","unmanaged","44","176","177","1","2026-08-21T23:00:15.307Z","ANGLE (Google, Vulkan 1.3.0 (SwiftShader Device (Subzero) (0x0000C0DE)), SwiftShader driver)","Mozilla/5.0 (Windows NT 10.0; Win64; x64) AppleWebKit/537.36 (KHTML, like Gecko) HeadlessChrome/151.0.7922.34 Safari/537.36","Windows_NT 10.0.26200 x64","AMD Ryzen 7 5800H with Radeon Graphics         ","151.0.7922.34"
"4","unmanaged","45","180","181","1","2026-08-21T23:00:15.307Z","ANGLE (Google, Vulkan 1.3.0 (SwiftShader Device (Subzero) (0x0000C0DE)), SwiftShader driver)","Mozilla/5.0 (Windows NT 10.0; Win64; x64) AppleWebKit/537.36 (KHTML, like Gecko) HeadlessChrome/151.0.7922.34 Safari/537.36","Windows_NT 10.0.26200 x64","AMD Ryzen 7 5800H with Radeon Graphics         ","151.0.7922.34"
"4","unmanaged","46","184","185","1","2026-08-21T23:00:15.307Z","ANGLE (Google, Vulkan 1.3.0 (SwiftShader Device (Subzero) (0x0000C0DE)), SwiftShader driver)","Mozilla/5.0 (Windows NT 10.0; Win64; x64) AppleWebKit/537.36 (KHTML, like Gecko) HeadlessChrome/151.0.7922.34 Safari/537.36","Windows_NT 10.0.26200 x64","AMD Ryzen 7 5800H with Radeon Graphics         ","151.0.7922.34"
"4","unmanaged","47","188","189","1","2026-08-21T23:00:15.307Z","ANGLE (Google, Vulkan 1.3.0 (SwiftShader Device (Subzero) (0x0000C0DE)), SwiftShader driver)","Mozilla/5.0 (Windows NT 10.0; Win64; x64) AppleWebKit/537.36 (KHTML, like Gecko) HeadlessChrome/151.0.7922.34 Safari/537.36","Windows_NT 10.0.26200 x64","AMD Ryzen 7 5800H with Radeon Graphics         ","151.0.7922.34"
"4","unmanaged","48","192","193","1","2026-08-21T23:00:15.307Z","ANGLE (Google, Vulkan 1.3.0 (SwiftShader Device (Subzero) (0x0000C0DE)), SwiftShader driver)","Mozilla/5.0 (Windows NT 10.0; Win64; x64) AppleWebKit/537.36 (KHTML, like Gecko) HeadlessChrome/151.0.7922.34 Safari/537.36","Windows_NT 10.0.26200 x64","AMD Ryzen 7 5800H with Radeon Graphics         ","151.0.7922.34"
"4","unmanaged","49","196","197","1","2026-08-21T23:00:15.307Z","ANGLE (Google, Vulkan 1.3.0 (SwiftShader Device (Subzero) (0x0000C0DE)), SwiftShader driver)","Mozilla/5.0 (Windows NT 10.0; Win64; x64) AppleWebKit/537.36 (KHTML, like Gecko) HeadlessChrome/151.0.7922.34 Safari/537.36","Windows_NT 10.0.26200 x64","AMD Ryzen 7 5800H with Radeon Graphics         ","151.0.7922.34"
"4","unmanaged","50","200","201","1","2026-08-21T23:00:15.307Z","ANGLE (Google, Vulkan 1.3.0 (SwiftShader Device (Subzero) (0x0000C0DE)), SwiftShader driver)","Mozilla/5.0 (Windows NT 10.0; Win64; x64) AppleWebKit/537.36 (KHTML, like Gecko) HeadlessChrome/151.0.7922.34 Safari/537.36","Windows_NT 10.0.26200 x64","AMD Ryzen 7 5800H with Radeon Graphics         ","151.0.7922.34"
"4","naive","1","0","1","0","2026-08-21T23:00:15.307Z","ANGLE (Google, Vulkan 1.3.0 (SwiftShader Device (Subzero) (0x0000C0DE)), SwiftShader driver)","Mozilla/5.0 (Windows NT 10.0; Win64; x64) AppleWebKit/537.36 (KHTML, like Gecko) HeadlessChrome/151.0.7922.34 Safari/537.36","Windows_NT 10.0.26200 x64","AMD Ryzen 7 5800H with Radeon Graphics         ","151.0.7922.34"
"4","naive","2","0","1","0","2026-08-21T23:00:15.307Z","ANGLE (Google, Vulkan 1.3.0 (SwiftShader Device (Subzero) (0x0000C0DE)), SwiftShader driver)","Mozilla/5.0 (Windows NT 10.0; Win64; x64) AppleWebKit/537.36 (KHTML, like Gecko) HeadlessChrome/151.0.7922.34 Safari/537.36","Windows_NT 10.0.26200 x64","AMD Ryzen 7 5800H with Radeon Graphics         ","151.0.7922.34"
"4","naive","3","0","1","0","2026-08-21T23:00:15.307Z","ANGLE (Google, Vulkan 1.3.0 (SwiftShader Device (Subzero) (0x0000C0DE)), SwiftShader driver)","Mozilla/5.0 (Windows NT 10.0; Win64; x64) AppleWebKit/537.36 (KHTML, like Gecko) HeadlessChrome/151.0.7922.34 Safari/537.36","Windows_NT 10.0.26200 x64","AMD Ryzen 7 5800H with Radeon Graphics         ","151.0.7922.34"
"4","naive","4","0","1","0","2026-08-21T23:00:15.307Z","ANGLE (Google, Vulkan 1.3.0 (SwiftShader Device (Subzero) (0x0000C0DE)), SwiftShader driver)","Mozilla/5.0 (Windows NT 10.0; Win64; x64) AppleWebKit/537.36 (KHTML, like Gecko) HeadlessChrome/151.0.7922.34 Safari/537.36","Windows_NT 10.0.26200 x64","AMD Ryzen 7 5800H with Radeon Graphics         ","151.0.7922.34"
"4","naive","5","0","1","0","2026-08-21T23:00:15.307Z","ANGLE (Google, Vulkan 1.3.0 (SwiftShader Device (Subzero) (0x0000C0DE)), SwiftShader driver)","Mozilla/5.0 (Windows NT 10.0; Win64; x64) AppleWebKit/537.36 (KHTML, like Gecko) HeadlessChrome/151.0.7922.34 Safari/537.36","Windows_NT 10.0.26200 x64","AMD Ryzen 7 5800H with Radeon Graphics         ","151.0.7922.34"
"4","naive","6","0","1","0","2026-08-21T23:00:15.307Z","ANGLE (Google, Vulkan 1.3.0 (SwiftShader Device (Subzero) (0x0000C0DE)), SwiftShader driver)","Mozilla/5.0 (Windows NT 10.0; Win64; x64) AppleWebKit/537.36 (KHTML, like Gecko) HeadlessChrome/151.0.7922.34 Safari/537.36","Windows_NT 10.0.26200 x64","AMD Ryzen 7 5800H with Radeon Graphics         ","151.0.7922.34"
"4","naive","7","0","1","0","2026-08-21T23:00:15.307Z","ANGLE (Google, Vulkan 1.3.0 (SwiftShader Device (Subzero) (0x0000C0DE)), SwiftShader driver)","Mozilla/5.0 (Windows NT 10.0; Win64; x64) AppleWebKit/537.36 (KHTML, like Gecko) HeadlessChrome/151.0.7922.34 Safari/537.36","Windows_NT 10.0.26200 x64","AMD Ryzen 7 5800H with Radeon Graphics         ","151.0.7922.34"
"4","naive","8","0","1","0","2026-08-21T23:00:15.307Z","ANGLE (Google, Vulkan 1.3.0 (SwiftShader Device (Subzero) (0x0000C0DE)), SwiftShader driver)","Mozilla/5.0 (Windows NT 10.0; Win64; x64) AppleWebKit/537.36 (KHTML, like Gecko) HeadlessChrome/151.0.7922.34 Safari/537.36","Windows_NT 10.0.26200 x64","AMD Ryzen 7 5800H with Radeon Graphics         ","151.0.7922.34"
"4","naive","9","0","1","0","2026-08-21T23:00:15.307Z","ANGLE (Google, Vulkan 1.3.0 (SwiftShader Device (Subzero) (0x0000C0DE)), SwiftShader driver)","Mozilla/5.0 (Windows NT 10.0; Win64; x64) AppleWebKit/537.36 (KHTML, like Gecko) HeadlessChrome/151.0.7922.34 Safari/537.36","Windows_NT 10.0.26200 x64","AMD Ryzen 7 5800H with Radeon Graphics         ","151.0.7922.34"
"4","naive","10","0","1","0","2026-08-21T23:00:15.307Z","ANGLE (Google, Vulkan 1.3.0 (SwiftShader Device (Subzero) (0x0000C0DE)), SwiftShader driver)","Mozilla/5.0 (Windows NT 10.0; Win64; x64) AppleWebKit/537.36 (KHTML, like Gecko) HeadlessChrome/151.0.7922.34 Safari/537.36","Windows_NT 10.0.26200 x64","AMD Ryzen 7 5800H with Radeon Graphics         ","151.0.7922.34"
"4","naive","11","0","1","0","2026-08-21T23:00:15.307Z","ANGLE (Google, Vulkan 1.3.0 (SwiftShader Device (Subzero) (0x0000C0DE)), SwiftShader driver)","Mozilla/5.0 (Windows NT 10.0; Win64; x64) AppleWebKit/537.36 (KHTML, like Gecko) HeadlessChrome/151.0.7922.34 Safari/537.36","Windows_NT 10.0.26200 x64","AMD Ryzen 7 5800H with Radeon Graphics         ","151.0.7922.34"
"4","naive","12","0","1","0","2026-08-21T23:00:15.307Z","ANGLE (Google, Vulkan 1.3.0 (SwiftShader Device (Subzero) (0x0000C0DE)), SwiftShader driver)","Mozilla/5.0 (Windows NT 10.0; Win64; x64) AppleWebKit/537.36 (KHTML, like Gecko) HeadlessChrome/151.0.7922.34 Safari/537.36","Windows_NT 10.0.26200 x64","AMD Ryzen 7 5800H with Radeon Graphics         ","151.0.7922.34"
"4","naive","13","0","1","0","2026-08-21T23:00:15.307Z","ANGLE (Google, Vulkan 1.3.0 (SwiftShader Device (Subzero) (0x0000C0DE)), SwiftShader driver)","Mozilla/5.0 (Windows NT 10.0; Win64; x64) AppleWebKit/537.36 (KHTML, like Gecko) HeadlessChrome/151.0.7922.34 Safari/537.36","Windows_NT 10.0.26200 x64","AMD Ryzen 7 5800H with Radeon Graphics         ","151.0.7922.34"
"4","naive","14","0","1","0","2026-08-21T23:00:15.307Z","ANGLE (Google, Vulkan 1.3.0 (SwiftShader Device (Subzero) (0x0000C0DE)), SwiftShader driver)","Mozilla/5.0 (Windows NT 10.0; Win64; x64) AppleWebKit/537.36 (KHTML, like Gecko) HeadlessChrome/151.0.7922.34 Safari/537.36","Windows_NT 10.0.26200 x64","AMD Ryzen 7 5800H with Radeon Graphics         ","151.0.7922.34"
"4","naive","15","0","1","0","2026-08-21T23:00:15.307Z","ANGLE (Google, Vulkan 1.3.0 (SwiftShader Device (Subzero) (0x0000C0DE)), SwiftShader driver)","Mozilla/5.0 (Windows NT 10.0; Win64; x64) AppleWebKit/537.36 (KHTML, like Gecko) HeadlessChrome/151.0.7922.34 Safari/537.36","Windows_NT 10.0.26200 x64","AMD Ryzen 7 5800H with Radeon Graphics         ","151.0.7922.34"
"4","naive","16","0","1","0","2026-08-21T23:00:15.307Z","ANGLE (Google, Vulkan 1.3.0 (SwiftShader Device (Subzero) (0x0000C0DE)), SwiftShader driver)","Mozilla/5.0 (Windows NT 10.0; Win64; x64) AppleWebKit/537.36 (KHTML, like Gecko) HeadlessChrome/151.0.7922.34 Safari/537.36","Windows_NT 10.0.26200 x64","AMD Ryzen 7 5800H with Radeon Graphics         ","151.0.7922.34"
"4","naive","17","0","1","0","2026-08-21T23:00:15.307Z","ANGLE (Google, Vulkan 1.3.0 (SwiftShader Device (Subzero) (0x0000C0DE)), SwiftShader driver)","Mozilla/5.0 (Windows NT 10.0; Win64; x64) AppleWebKit/537.36 (KHTML, like Gecko) HeadlessChrome/151.0.7922.34 Safari/537.36","Windows_NT 10.0.26200 x64","AMD Ryzen 7 5800H with Radeon Graphics         ","151.0.7922.34"
"4","naive","18","0","1","0","2026-08-21T23:00:15.307Z","ANGLE (Google, Vulkan 1.3.0 (SwiftShader Device (Subzero) (0x0000C0DE)), SwiftShader driver)","Mozilla/5.0 (Windows NT 10.0; Win64; x64) AppleWebKit/537.36 (KHTML, like Gecko) HeadlessChrome/151.0.7922.34 Safari/537.36","Windows_NT 10.0.26200 x64","AMD Ryzen 7 5800H with Radeon Graphics         ","151.0.7922.34"
"4","naive","19","0","1","0","2026-08-21T23:00:15.307Z","ANGLE (Google, Vulkan 1.3.0 (SwiftShader Device (Subzero) (0x0000C0DE)), SwiftShader driver)","Mozilla/5.0 (Windows NT 10.0; Win64; x64) AppleWebKit/537.36 (KHTML, like Gecko) HeadlessChrome/151.0.7922.34 Safari/537.36","Windows_NT 10.0.26200 x64","AMD Ryzen 7 5800H with Radeon Graphics         ","151.0.7922.34"
"4","naive","20","0","1","0","2026-08-21T23:00:15.307Z","ANGLE (Google, Vulkan 1.3.0 (SwiftShader Device (Subzero) (0x0000C0DE)), SwiftShader driver)","Mozilla/5.0 (Windows NT 10.0; Win64; x64) AppleWebKit/537.36 (KHTML, like Gecko) HeadlessChrome/151.0.7922.34 Safari/537.36","Windows_NT 10.0.26200 x64","AMD Ryzen 7 5800H with Radeon Graphics         ","151.0.7922.34"
"4","naive","21","0","1","0","2026-08-21T23:00:15.307Z","ANGLE (Google, Vulkan 1.3.0 (SwiftShader Device (Subzero) (0x0000C0DE)), SwiftShader driver)","Mozilla/5.0 (Windows NT 10.0; Win64; x64) AppleWebKit/537.36 (KHTML, like Gecko) HeadlessChrome/151.0.7922.34 Safari/537.36","Windows_NT 10.0.26200 x64","AMD Ryzen 7 5800H with Radeon Graphics         ","151.0.7922.34"
"4","naive","22","0","1","0","2026-08-21T23:00:15.307Z","ANGLE (Google, Vulkan 1.3.0 (SwiftShader Device (Subzero) (0x0000C0DE)), SwiftShader driver)","Mozilla/5.0 (Windows NT 10.0; Win64; x64) AppleWebKit/537.36 (KHTML, like Gecko) HeadlessChrome/151.0.7922.34 Safari/537.36","Windows_NT 10.0.26200 x64","AMD Ryzen 7 5800H with Radeon Graphics         ","151.0.7922.34"
"4","naive","23","0","1","0","2026-08-21T23:00:15.307Z","ANGLE (Google, Vulkan 1.3.0 (SwiftShader Device (Subzero) (0x0000C0DE)), SwiftShader driver)","Mozilla/5.0 (Windows NT 10.0; Win64; x64) AppleWebKit/537.36 (KHTML, like Gecko) HeadlessChrome/151.0.7922.34 Safari/537.36","Windows_NT 10.0.26200 x64","AMD Ryzen 7 5800H with Radeon Graphics         ","151.0.7922.34"
"4","naive","24","0","1","0","2026-08-21T23:00:15.307Z","ANGLE (Google, Vulkan 1.3.0 (SwiftShader Device (Subzero) (0x0000C0DE)), SwiftShader driver)","Mozilla/5.0 (Windows NT 10.0; Win64; x64) AppleWebKit/537.36 (KHTML, like Gecko) HeadlessChrome/151.0.7922.34 Safari/537.36","Windows_NT 10.0.26200 x64","AMD Ryzen 7 5800H with Radeon Graphics         ","151.0.7922.34"
"4","naive","25","0","1","0","2026-08-21T23:00:15.307Z","ANGLE (Google, Vulkan 1.3.0 (SwiftShader Device (Subzero) (0x0000C0DE)), SwiftShader driver)","Mozilla/5.0 (Windows NT 10.0; Win64; x64) AppleWebKit/537.36 (KHTML, like Gecko) HeadlessChrome/151.0.7922.34 Safari/537.36","Windows_NT 10.0.26200 x64","AMD Ryzen 7 5800H with Radeon Graphics         ","151.0.7922.34"
"4","naive","26","0","1","0","2026-08-21T23:00:15.307Z","ANGLE (Google, Vulkan 1.3.0 (SwiftShader Device (Subzero) (0x0000C0DE)), SwiftShader driver)","Mozilla/5.0 (Windows NT 10.0; Win64; x64) AppleWebKit/537.36 (KHTML, like Gecko) HeadlessChrome/151.0.7922.34 Safari/537.36","Windows_NT 10.0.26200 x64","AMD Ryzen 7 5800H with Radeon Graphics         ","151.0.7922.34"
"4","naive","27","0","1","0","2026-08-21T23:00:15.307Z","ANGLE (Google, Vulkan 1.3.0 (SwiftShader Device (Subzero) (0x0000C0DE)), SwiftShader driver)","Mozilla/5.0 (Windows NT 10.0; Win64; x64) AppleWebKit/537.36 (KHTML, like Gecko) HeadlessChrome/151.0.7922.34 Safari/537.36","Windows_NT 10.0.26200 x64","AMD Ryzen 7 5800H with Radeon Graphics         ","151.0.7922.34"
"4","naive","28","0","1","0","2026-08-21T23:00:15.307Z","ANGLE (Google, Vulkan 1.3.0 (SwiftShader Device (Subzero) (0x0000C0DE)), SwiftShader driver)","Mozilla/5.0 (Windows NT 10.0; Win64; x64) AppleWebKit/537.36 (KHTML, like Gecko) HeadlessChrome/151.0.7922.34 Safari/537.36","Windows_NT 10.0.26200 x64","AMD Ryzen 7 5800H with Radeon Graphics         ","151.0.7922.34"
"4","naive","29","0","1","0","2026-08-21T23:00:15.307Z","ANGLE (Google, Vulkan 1.3.0 (SwiftShader Device (Subzero) (0x0000C0DE)), SwiftShader driver)","Mozilla/5.0 (Windows NT 10.0; Win64; x64) AppleWebKit/537.36 (KHTML, like Gecko) HeadlessChrome/151.0.7922.34 Safari/537.36","Windows_NT 10.0.26200 x64","AMD Ryzen 7 5800H with Radeon Graphics         ","151.0.7922.34"
"4","naive","30","0","1","0","2026-08-21T23:00:15.307Z","ANGLE (Google, Vulkan 1.3.0 (SwiftShader Device (Subzero) (0x0000C0DE)), SwiftShader driver)","Mozilla/5.0 (Windows NT 10.0; Win64; x64) AppleWebKit/537.36 (KHTML, like Gecko) HeadlessChrome/151.0.7922.34 Safari/537.36","Windows_NT 10.0.26200 x64","AMD Ryzen 7 5800H with Radeon Graphics         ","151.0.7922.34"
"4","naive","31","0","1","0","2026-08-21T23:00:15.307Z","ANGLE (Google, Vulkan 1.3.0 (SwiftShader Device (Subzero) (0x0000C0DE)), SwiftShader driver)","Mozilla/5.0 (Windows NT 10.0; Win64; x64) AppleWebKit/537.36 (KHTML, like Gecko) HeadlessChrome/151.0.7922.34 Safari/537.36","Windows_NT 10.0.26200 x64","AMD Ryzen 7 5800H with Radeon Graphics         ","151.0.7922.34"
"4","naive","32","0","1","0","2026-08-21T23:00:15.307Z","ANGLE (Google, Vulkan 1.3.0 (SwiftShader Device (Subzero) (0x0000C0DE)), SwiftShader driver)","Mozilla/5.0 (Windows NT 10.0; Win64; x64) AppleWebKit/537.36 (KHTML, like Gecko) HeadlessChrome/151.0.7922.34 Safari/537.36","Windows_NT 10.0.26200 x64","AMD Ryzen 7 5800H with Radeon Graphics         ","151.0.7922.34"
"4","naive","33","0","1","0","2026-08-21T23:00:15.307Z","ANGLE (Google, Vulkan 1.3.0 (SwiftShader Device (Subzero) (0x0000C0DE)), SwiftShader driver)","Mozilla/5.0 (Windows NT 10.0; Win64; x64) AppleWebKit/537.36 (KHTML, like Gecko) HeadlessChrome/151.0.7922.34 Safari/537.36","Windows_NT 10.0.26200 x64","AMD Ryzen 7 5800H with Radeon Graphics         ","151.0.7922.34"
"4","naive","34","0","1","0","2026-08-21T23:00:15.307Z","ANGLE (Google, Vulkan 1.3.0 (SwiftShader Device (Subzero) (0x0000C0DE)), SwiftShader driver)","Mozilla/5.0 (Windows NT 10.0; Win64; x64) AppleWebKit/537.36 (KHTML, like Gecko) HeadlessChrome/151.0.7922.34 Safari/537.36","Windows_NT 10.0.26200 x64","AMD Ryzen 7 5800H with Radeon Graphics         ","151.0.7922.34"
"4","naive","35","0","1","0","2026-08-21T23:00:15.307Z","ANGLE (Google, Vulkan 1.3.0 (SwiftShader Device (Subzero) (0x0000C0DE)), SwiftShader driver)","Mozilla/5.0 (Windows NT 10.0; Win64; x64) AppleWebKit/537.36 (KHTML, like Gecko) HeadlessChrome/151.0.7922.34 Safari/537.36","Windows_NT 10.0.26200 x64","AMD Ryzen 7 5800H with Radeon Graphics         ","151.0.7922.34"
"4","naive","36","0","1","0","2026-08-21T23:00:15.307Z","ANGLE (Google, Vulkan 1.3.0 (SwiftShader Device (Subzero) (0x0000C0DE)), SwiftShader driver)","Mozilla/5.0 (Windows NT 10.0; Win64; x64) AppleWebKit/537.36 (KHTML, like Gecko) HeadlessChrome/151.0.7922.34 Safari/537.36","Windows_NT 10.0.26200 x64","AMD Ryzen 7 5800H with Radeon Graphics         ","151.0.7922.34"
"4","naive","37","0","1","0","2026-08-21T23:00:15.307Z","ANGLE (Google, Vulkan 1.3.0 (SwiftShader Device (Subzero) (0x0000C0DE)), SwiftShader driver)","Mozilla/5.0 (Windows NT 10.0; Win64; x64) AppleWebKit/537.36 (KHTML, like Gecko) HeadlessChrome/151.0.7922.34 Safari/537.36","Windows_NT 10.0.26200 x64","AMD Ryzen 7 5800H with Radeon Graphics         ","151.0.7922.34"
"4","naive","38","0","1","0","2026-08-21T23:00:15.307Z","ANGLE (Google, Vulkan 1.3.0 (SwiftShader Device (Subzero) (0x0000C0DE)), SwiftShader driver)","Mozilla/5.0 (Windows NT 10.0; Win64; x64) AppleWebKit/537.36 (KHTML, like Gecko) HeadlessChrome/151.0.7922.34 Safari/537.36","Windows_NT 10.0.26200 x64","AMD Ryzen 7 5800H with Radeon Graphics         ","151.0.7922.34"
"4","naive","39","0","1","0","2026-08-21T23:00:15.307Z","ANGLE (Google, Vulkan 1.3.0 (SwiftShader Device (Subzero) (0x0000C0DE)), SwiftShader driver)","Mozilla/5.0 (Windows NT 10.0; Win64; x64) AppleWebKit/537.36 (KHTML, like Gecko) HeadlessChrome/151.0.7922.34 Safari/537.36","Windows_NT 10.0.26200 x64","AMD Ryzen 7 5800H with Radeon Graphics         ","151.0.7922.34"
"4","naive","40","0","1","0","2026-08-21T23:00:15.307Z","ANGLE (Google, Vulkan 1.3.0 (SwiftShader Device (Subzero) (0x0000C0DE)), SwiftShader driver)","Mozilla/5.0 (Windows NT 10.0; Win64; x64) AppleWebKit/537.36 (KHTML, like Gecko) HeadlessChrome/151.0.7922.34 Safari/537.36","Windows_NT 10.0.26200 x64","AMD Ryzen 7 5800H with Radeon Graphics         ","151.0.7922.34"
"4","naive","41","0","1","0","2026-08-21T23:00:15.307Z","ANGLE (Google, Vulkan 1.3.0 (SwiftShader Device (Subzero) (0x0000C0DE)), SwiftShader driver)","Mozilla/5.0 (Windows NT 10.0; Win64; x64) AppleWebKit/537.36 (KHTML, like Gecko) HeadlessChrome/151.0.7922.34 Safari/537.36","Windows_NT 10.0.26200 x64","AMD Ryzen 7 5800H with Radeon Graphics         ","151.0.7922.34"
"4","naive","42","0","1","0","2026-08-21T23:00:15.307Z","ANGLE (Google, Vulkan 1.3.0 (SwiftShader Device (Subzero) (0x0000C0DE)), SwiftShader driver)","Mozilla/5.0 (Windows NT 10.0; Win64; x64) AppleWebKit/537.36 (KHTML, like Gecko) HeadlessChrome/151.0.7922.34 Safari/537.36","Windows_NT 10.0.26200 x64","AMD Ryzen 7 5800H with Radeon Graphics         ","151.0.7922.34"
"4","naive","43","0","1","0","2026-08-21T23:00:15.307Z","ANGLE (Google, Vulkan 1.3.0 (SwiftShader Device (Subzero) (0x0000C0DE)), SwiftShader driver)","Mozilla/5.0 (Windows NT 10.0; Win64; x64) AppleWebKit/537.36 (KHTML, like Gecko) HeadlessChrome/151.0.7922.34 Safari/537.36","Windows_NT 10.0.26200 x64","AMD Ryzen 7 5800H with Radeon Graphics         ","151.0.7922.34"
"4","naive","44","0","1","0","2026-08-21T23:00:15.307Z","ANGLE (Google, Vulkan 1.3.0 (SwiftShader Device (Subzero) (0x0000C0DE)), SwiftShader driver)","Mozilla/5.0 (Windows NT 10.0; Win64; x64) AppleWebKit/537.36 (KHTML, like Gecko) HeadlessChrome/151.0.7922.34 Safari/537.36","Windows_NT 10.0.26200 x64","AMD Ryzen 7 5800H with Radeon Graphics         ","151.0.7922.34"
"4","naive","45","0","1","0","2026-08-21T23:00:15.307Z","ANGLE (Google, Vulkan 1.3.0 (SwiftShader Device (Subzero) (0x0000C0DE)), SwiftShader driver)","Mozilla/5.0 (Windows NT 10.0; Win64; x64) AppleWebKit/537.36 (KHTML, like Gecko) HeadlessChrome/151.0.7922.34 Safari/537.36","Windows_NT 10.0.26200 x64","AMD Ryzen 7 5800H with Radeon Graphics         ","151.0.7922.34"
"4","naive","46","0","1","0","2026-08-21T23:00:15.307Z","ANGLE (Google, Vulkan 1.3.0 (SwiftShader Device (Subzero) (0x0000C0DE)), SwiftShader driver)","Mozilla/5.0 (Windows NT 10.0; Win64; x64) AppleWebKit/537.36 (KHTML, like Gecko) HeadlessChrome/151.0.7922.34 Safari/537.36","Windows_NT 10.0.26200 x64","AMD Ryzen 7 5800H with Radeon Graphics         ","151.0.7922.34"
"4","naive","47","0","1","0","2026-08-21T23:00:15.307Z","ANGLE (Google, Vulkan 1.3.0 (SwiftShader Device (Subzero) (0x0000C0DE)), SwiftShader driver)","Mozilla/5.0 (Windows NT 10.0; Win64; x64) AppleWebKit/537.36 (KHTML, like Gecko) HeadlessChrome/151.0.7922.34 Safari/537.36","Windows_NT 10.0.26200 x64","AMD Ryzen 7 5800H with Radeon Graphics         ","151.0.7922.34"
"4","naive","48","0","1","0","2026-08-21T23:00:15.307Z","ANGLE (Google, Vulkan 1.3.0 (SwiftShader Device (Subzero) (0x0000C0DE)), SwiftShader driver)","Mozilla/5.0 (Windows NT 10.0; Win64; x64) AppleWebKit/537.36 (KHTML, like Gecko) HeadlessChrome/151.0.7922.34 Safari/537.36","Windows_NT 10.0.26200 x64","AMD Ryzen 7 5800H with Radeon Graphics         ","151.0.7922.34"
"4","naive","49","0","1","0","2026-08-21T23:00:15.307Z","ANGLE (Google, Vulkan 1.3.0 (SwiftShader Device (Subzero) (0x0000C0DE)), SwiftShader driver)","Mozilla/5.0 (Windows NT 10.0; Win64; x64) AppleWebKit/537.36 (KHTML, like Gecko) HeadlessChrome/151.0.7922.34 Safari/537.36","Windows_NT 10.0.26200 x64","AMD Ryzen 7 5800H with Radeon Graphics         ","151.0.7922.34"
"4","naive","50","0","1","0","2026-08-21T23:00:15.307Z","ANGLE (Google, Vulkan 1.3.0 (SwiftShader Device (Subzero) (0x0000C0DE)), SwiftShader driver)","Mozilla/5.0 (Windows NT 10.0; Win64; x64) AppleWebKit/537.36 (KHTML, like Gecko) HeadlessChrome/151.0.7922.34 Safari/537.36","Windows_NT 10.0.26200 x64","AMD Ryzen 7 5800H with Radeon Graphics         ","151.0.7922.34"
"4","native","1","0","1","0","2026-08-21T23:00:15.307Z","ANGLE (Google, Vulkan 1.3.0 (SwiftShader Device (Subzero) (0x0000C0DE)), SwiftShader driver)","Mozilla/5.0 (Windows NT 10.0; Win64; x64) AppleWebKit/537.36 (KHTML, like Gecko) HeadlessChrome/151.0.7922.34 Safari/537.36","Windows_NT 10.0.26200 x64","AMD Ryzen 7 5800H with Radeon Graphics         ","151.0.7922.34"
"4","native","2","0","1","0","2026-08-21T23:00:15.307Z","ANGLE (Google, Vulkan 1.3.0 (SwiftShader Device (Subzero) (0x0000C0DE)), SwiftShader driver)","Mozilla/5.0 (Windows NT 10.0; Win64; x64) AppleWebKit/537.36 (KHTML, like Gecko) HeadlessChrome/151.0.7922.34 Safari/537.36","Windows_NT 10.0.26200 x64","AMD Ryzen 7 5800H with Radeon Graphics         ","151.0.7922.34"
"4","native","3","0","1","0","2026-08-21T23:00:15.307Z","ANGLE (Google, Vulkan 1.3.0 (SwiftShader Device (Subzero) (0x0000C0DE)), SwiftShader driver)","Mozilla/5.0 (Windows NT 10.0; Win64; x64) AppleWebKit/537.36 (KHTML, like Gecko) HeadlessChrome/151.0.7922.34 Safari/537.36","Windows_NT 10.0.26200 x64","AMD Ryzen 7 5800H with Radeon Graphics         ","151.0.7922.34"
"4","native","4","0","1","0","2026-08-21T23:00:15.307Z","ANGLE (Google, Vulkan 1.3.0 (SwiftShader Device (Subzero) (0x0000C0DE)), SwiftShader driver)","Mozilla/5.0 (Windows NT 10.0; Win64; x64) AppleWebKit/537.36 (KHTML, like Gecko) HeadlessChrome/151.0.7922.34 Safari/537.36","Windows_NT 10.0.26200 x64","AMD Ryzen 7 5800H with Radeon Graphics         ","151.0.7922.34"
"4","native","5","0","1","0","2026-08-21T23:00:15.307Z","ANGLE (Google, Vulkan 1.3.0 (SwiftShader Device (Subzero) (0x0000C0DE)), SwiftShader driver)","Mozilla/5.0 (Windows NT 10.0; Win64; x64) AppleWebKit/537.36 (KHTML, like Gecko) HeadlessChrome/151.0.7922.34 Safari/537.36","Windows_NT 10.0.26200 x64","AMD Ryzen 7 5800H with Radeon Graphics         ","151.0.7922.34"
"4","native","6","0","1","0","2026-08-21T23:00:15.307Z","ANGLE (Google, Vulkan 1.3.0 (SwiftShader Device (Subzero) (0x0000C0DE)), SwiftShader driver)","Mozilla/5.0 (Windows NT 10.0; Win64; x64) AppleWebKit/537.36 (KHTML, like Gecko) HeadlessChrome/151.0.7922.34 Safari/537.36","Windows_NT 10.0.26200 x64","AMD Ryzen 7 5800H with Radeon Graphics         ","151.0.7922.34"
"4","native","7","0","1","0","2026-08-21T23:00:15.307Z","ANGLE (Google, Vulkan 1.3.0 (SwiftShader Device (Subzero) (0x0000C0DE)), SwiftShader driver)","Mozilla/5.0 (Windows NT 10.0; Win64; x64) AppleWebKit/537.36 (KHTML, like Gecko) HeadlessChrome/151.0.7922.34 Safari/537.36","Windows_NT 10.0.26200 x64","AMD Ryzen 7 5800H with Radeon Graphics         ","151.0.7922.34"
"4","native","8","0","1","0","2026-08-21T23:00:15.307Z","ANGLE (Google, Vulkan 1.3.0 (SwiftShader Device (Subzero) (0x0000C0DE)), SwiftShader driver)","Mozilla/5.0 (Windows NT 10.0; Win64; x64) AppleWebKit/537.36 (KHTML, like Gecko) HeadlessChrome/151.0.7922.34 Safari/537.36","Windows_NT 10.0.26200 x64","AMD Ryzen 7 5800H with Radeon Graphics         ","151.0.7922.34"
"4","native","9","0","1","0","2026-08-21T23:00:15.307Z","ANGLE (Google, Vulkan 1.3.0 (SwiftShader Device (Subzero) (0x0000C0DE)), SwiftShader driver)","Mozilla/5.0 (Windows NT 10.0; Win64; x64) AppleWebKit/537.36 (KHTML, like Gecko) HeadlessChrome/151.0.7922.34 Safari/537.36","Windows_NT 10.0.26200 x64","AMD Ryzen 7 5800H with Radeon Graphics         ","151.0.7922.34"
"4","native","10","0","1","0","2026-08-21T23:00:15.307Z","ANGLE (Google, Vulkan 1.3.0 (SwiftShader Device (Subzero) (0x0000C0DE)), SwiftShader driver)","Mozilla/5.0 (Windows NT 10.0; Win64; x64) AppleWebKit/537.36 (KHTML, like Gecko) HeadlessChrome/151.0.7922.34 Safari/537.36","Windows_NT 10.0.26200 x64","AMD Ryzen 7 5800H with Radeon Graphics         ","151.0.7922.34"
"4","native","11","0","1","0","2026-08-21T23:00:15.307Z","ANGLE (Google, Vulkan 1.3.0 (SwiftShader Device (Subzero) (0x0000C0DE)), SwiftShader driver)","Mozilla/5.0 (Windows NT 10.0; Win64; x64) AppleWebKit/537.36 (KHTML, like Gecko) HeadlessChrome/151.0.7922.34 Safari/537.36","Windows_NT 10.0.26200 x64","AMD Ryzen 7 5800H with Radeon Graphics         ","151.0.7922.34"
"4","native","12","0","1","0","2026-08-21T23:00:15.307Z","ANGLE (Google, Vulkan 1.3.0 (SwiftShader Device (Subzero) (0x0000C0DE)), SwiftShader driver)","Mozilla/5.0 (Windows NT 10.0; Win64; x64) AppleWebKit/537.36 (KHTML, like Gecko) HeadlessChrome/151.0.7922.34 Safari/537.36","Windows_NT 10.0.26200 x64","AMD Ryzen 7 5800H with Radeon Graphics         ","151.0.7922.34"
"4","native","13","0","1","0","2026-08-21T23:00:15.307Z","ANGLE (Google, Vulkan 1.3.0 (SwiftShader Device (Subzero) (0x0000C0DE)), SwiftShader driver)","Mozilla/5.0 (Windows NT 10.0; Win64; x64) AppleWebKit/537.36 (KHTML, like Gecko) HeadlessChrome/151.0.7922.34 Safari/537.36","Windows_NT 10.0.26200 x64","AMD Ryzen 7 5800H with Radeon Graphics         ","151.0.7922.34"
"4","native","14","0","1","0","2026-08-21T23:00:15.307Z","ANGLE (Google, Vulkan 1.3.0 (SwiftShader Device (Subzero) (0x0000C0DE)), SwiftShader driver)","Mozilla/5.0 (Windows NT 10.0; Win64; x64) AppleWebKit/537.36 (KHTML, like Gecko) HeadlessChrome/151.0.7922.34 Safari/537.36","Windows_NT 10.0.26200 x64","AMD Ryzen 7 5800H with Radeon Graphics         ","151.0.7922.34"
"4","native","15","0","1","0","2026-08-21T23:00:15.307Z","ANGLE (Google, Vulkan 1.3.0 (SwiftShader Device (Subzero) (0x0000C0DE)), SwiftShader driver)","Mozilla/5.0 (Windows NT 10.0; Win64; x64) AppleWebKit/537.36 (KHTML, like Gecko) HeadlessChrome/151.0.7922.34 Safari/537.36","Windows_NT 10.0.26200 x64","AMD Ryzen 7 5800H with Radeon Graphics         ","151.0.7922.34"
"4","native","16","0","1","0","2026-08-21T23:00:15.307Z","ANGLE (Google, Vulkan 1.3.0 (SwiftShader Device (Subzero) (0x0000C0DE)), SwiftShader driver)","Mozilla/5.0 (Windows NT 10.0; Win64; x64) AppleWebKit/537.36 (KHTML, like Gecko) HeadlessChrome/151.0.7922.34 Safari/537.36","Windows_NT 10.0.26200 x64","AMD Ryzen 7 5800H with Radeon Graphics         ","151.0.7922.34"
"4","native","17","0","1","0","2026-08-21T23:00:15.307Z","ANGLE (Google, Vulkan 1.3.0 (SwiftShader Device (Subzero) (0x0000C0DE)), SwiftShader driver)","Mozilla/5.0 (Windows NT 10.0; Win64; x64) AppleWebKit/537.36 (KHTML, like Gecko) HeadlessChrome/151.0.7922.34 Safari/537.36","Windows_NT 10.0.26200 x64","AMD Ryzen 7 5800H with Radeon Graphics         ","151.0.7922.34"
"4","native","18","0","1","0","2026-08-21T23:00:15.307Z","ANGLE (Google, Vulkan 1.3.0 (SwiftShader Device (Subzero) (0x0000C0DE)), SwiftShader driver)","Mozilla/5.0 (Windows NT 10.0; Win64; x64) AppleWebKit/537.36 (KHTML, like Gecko) HeadlessChrome/151.0.7922.34 Safari/537.36","Windows_NT 10.0.26200 x64","AMD Ryzen 7 5800H with Radeon Graphics         ","151.0.7922.34"
"4","native","19","0","1","0","2026-08-21T23:00:15.307Z","ANGLE (Google, Vulkan 1.3.0 (SwiftShader Device (Subzero) (0x0000C0DE)), SwiftShader driver)","Mozilla/5.0 (Windows NT 10.0; Win64; x64) AppleWebKit/537.36 (KHTML, like Gecko) HeadlessChrome/151.0.7922.34 Safari/537.36","Windows_NT 10.0.26200 x64","AMD Ryzen 7 5800H with Radeon Graphics         ","151.0.7922.34"
"4","native","20","0","1","0","2026-08-21T23:00:15.307Z","ANGLE (Google, Vulkan 1.3.0 (SwiftShader Device (Subzero) (0x0000C0DE)), SwiftShader driver)","Mozilla/5.0 (Windows NT 10.0; Win64; x64) AppleWebKit/537.36 (KHTML, like Gecko) HeadlessChrome/151.0.7922.34 Safari/537.36","Windows_NT 10.0.26200 x64","AMD Ryzen 7 5800H with Radeon Graphics         ","151.0.7922.34"
"4","native","21","0","1","0","2026-08-21T23:00:15.307Z","ANGLE (Google, Vulkan 1.3.0 (SwiftShader Device (Subzero) (0x0000C0DE)), SwiftShader driver)","Mozilla/5.0 (Windows NT 10.0; Win64; x64) AppleWebKit/537.36 (KHTML, like Gecko) HeadlessChrome/151.0.7922.34 Safari/537.36","Windows_NT 10.0.26200 x64","AMD Ryzen 7 5800H with Radeon Graphics         ","151.0.7922.34"
"4","native","22","0","1","0","2026-08-21T23:00:15.307Z","ANGLE (Google, Vulkan 1.3.0 (SwiftShader Device (Subzero) (0x0000C0DE)), SwiftShader driver)","Mozilla/5.0 (Windows NT 10.0; Win64; x64) AppleWebKit/537.36 (KHTML, like Gecko) HeadlessChrome/151.0.7922.34 Safari/537.36","Windows_NT 10.0.26200 x64","AMD Ryzen 7 5800H with Radeon Graphics         ","151.0.7922.34"
"4","native","23","0","1","0","2026-08-21T23:00:15.307Z","ANGLE (Google, Vulkan 1.3.0 (SwiftShader Device (Subzero) (0x0000C0DE)), SwiftShader driver)","Mozilla/5.0 (Windows NT 10.0; Win64; x64) AppleWebKit/537.36 (KHTML, like Gecko) HeadlessChrome/151.0.7922.34 Safari/537.36","Windows_NT 10.0.26200 x64","AMD Ryzen 7 5800H with Radeon Graphics         ","151.0.7922.34"
"4","native","24","0","1","0","2026-08-21T23:00:15.307Z","ANGLE (Google, Vulkan 1.3.0 (SwiftShader Device (Subzero) (0x0000C0DE)), SwiftShader driver)","Mozilla/5.0 (Windows NT 10.0; Win64; x64) AppleWebKit/537.36 (KHTML, like Gecko) HeadlessChrome/151.0.7922.34 Safari/537.36","Windows_NT 10.0.26200 x64","AMD Ryzen 7 5800H with Radeon Graphics         ","151.0.7922.34"
"4","native","25","0","1","0","2026-08-21T23:00:15.307Z","ANGLE (Google, Vulkan 1.3.0 (SwiftShader Device (Subzero) (0x0000C0DE)), SwiftShader driver)","Mozilla/5.0 (Windows NT 10.0; Win64; x64) AppleWebKit/537.36 (KHTML, like Gecko) HeadlessChrome/151.0.7922.34 Safari/537.36","Windows_NT 10.0.26200 x64","AMD Ryzen 7 5800H with Radeon Graphics         ","151.0.7922.34"
"4","native","26","0","1","0","2026-08-21T23:00:15.307Z","ANGLE (Google, Vulkan 1.3.0 (SwiftShader Device (Subzero) (0x0000C0DE)), SwiftShader driver)","Mozilla/5.0 (Windows NT 10.0; Win64; x64) AppleWebKit/537.36 (KHTML, like Gecko) HeadlessChrome/151.0.7922.34 Safari/537.36","Windows_NT 10.0.26200 x64","AMD Ryzen 7 5800H with Radeon Graphics         ","151.0.7922.34"
"4","native","27","0","1","0","2026-08-21T23:00:15.307Z","ANGLE (Google, Vulkan 1.3.0 (SwiftShader Device (Subzero) (0x0000C0DE)), SwiftShader driver)","Mozilla/5.0 (Windows NT 10.0; Win64; x64) AppleWebKit/537.36 (KHTML, like Gecko) HeadlessChrome/151.0.7922.34 Safari/537.36","Windows_NT 10.0.26200 x64","AMD Ryzen 7 5800H with Radeon Graphics         ","151.0.7922.34"
"4","native","28","0","1","0","2026-08-21T23:00:15.307Z","ANGLE (Google, Vulkan 1.3.0 (SwiftShader Device (Subzero) (0x0000C0DE)), SwiftShader driver)","Mozilla/5.0 (Windows NT 10.0; Win64; x64) AppleWebKit/537.36 (KHTML, like Gecko) HeadlessChrome/151.0.7922.34 Safari/537.36","Windows_NT 10.0.26200 x64","AMD Ryzen 7 5800H with Radeon Graphics         ","151.0.7922.34"
"4","native","29","0","1","0","2026-08-21T23:00:15.307Z","ANGLE (Google, Vulkan 1.3.0 (SwiftShader Device (Subzero) (0x0000C0DE)), SwiftShader driver)","Mozilla/5.0 (Windows NT 10.0; Win64; x64) AppleWebKit/537.36 (KHTML, like Gecko) HeadlessChrome/151.0.7922.34 Safari/537.36","Windows_NT 10.0.26200 x64","AMD Ryzen 7 5800H with Radeon Graphics         ","151.0.7922.34"
"4","native","30","0","1","0","2026-08-21T23:00:15.307Z","ANGLE (Google, Vulkan 1.3.0 (SwiftShader Device (Subzero) (0x0000C0DE)), SwiftShader driver)","Mozilla/5.0 (Windows NT 10.0; Win64; x64) AppleWebKit/537.36 (KHTML, like Gecko) HeadlessChrome/151.0.7922.34 Safari/537.36","Windows_NT 10.0.26200 x64","AMD Ryzen 7 5800H with Radeon Graphics         ","151.0.7922.34"
"4","native","31","0","1","0","2026-08-21T23:00:15.307Z","ANGLE (Google, Vulkan 1.3.0 (SwiftShader Device (Subzero) (0x0000C0DE)), SwiftShader driver)","Mozilla/5.0 (Windows NT 10.0; Win64; x64) AppleWebKit/537.36 (KHTML, like Gecko) HeadlessChrome/151.0.7922.34 Safari/537.36","Windows_NT 10.0.26200 x64","AMD Ryzen 7 5800H with Radeon Graphics         ","151.0.7922.34"
"4","native","32","0","1","0","2026-08-21T23:00:15.307Z","ANGLE (Google, Vulkan 1.3.0 (SwiftShader Device (Subzero) (0x0000C0DE)), SwiftShader driver)","Mozilla/5.0 (Windows NT 10.0; Win64; x64) AppleWebKit/537.36 (KHTML, like Gecko) HeadlessChrome/151.0.7922.34 Safari/537.36","Windows_NT 10.0.26200 x64","AMD Ryzen 7 5800H with Radeon Graphics         ","151.0.7922.34"
"4","native","33","0","1","0","2026-08-21T23:00:15.307Z","ANGLE (Google, Vulkan 1.3.0 (SwiftShader Device (Subzero) (0x0000C0DE)), SwiftShader driver)","Mozilla/5.0 (Windows NT 10.0; Win64; x64) AppleWebKit/537.36 (KHTML, like Gecko) HeadlessChrome/151.0.7922.34 Safari/537.36","Windows_NT 10.0.26200 x64","AMD Ryzen 7 5800H with Radeon Graphics         ","151.0.7922.34"
"4","native","34","0","1","0","2026-08-21T23:00:15.307Z","ANGLE (Google, Vulkan 1.3.0 (SwiftShader Device (Subzero) (0x0000C0DE)), SwiftShader driver)","Mozilla/5.0 (Windows NT 10.0; Win64; x64) AppleWebKit/537.36 (KHTML, like Gecko) HeadlessChrome/151.0.7922.34 Safari/537.36","Windows_NT 10.0.26200 x64","AMD Ryzen 7 5800H with Radeon Graphics         ","151.0.7922.34"
"4","native","35","0","1","0","2026-08-21T23:00:15.307Z","ANGLE (Google, Vulkan 1.3.0 (SwiftShader Device (Subzero) (0x0000C0DE)), SwiftShader driver)","Mozilla/5.0 (Windows NT 10.0; Win64; x64) AppleWebKit/537.36 (KHTML, like Gecko) HeadlessChrome/151.0.7922.34 Safari/537.36","Windows_NT 10.0.26200 x64","AMD Ryzen 7 5800H with Radeon Graphics         ","151.0.7922.34"
"4","native","36","0","1","0","2026-08-21T23:00:15.307Z","ANGLE (Google, Vulkan 1.3.0 (SwiftShader Device (Subzero) (0x0000C0DE)), SwiftShader driver)","Mozilla/5.0 (Windows NT 10.0; Win64; x64) AppleWebKit/537.36 (KHTML, like Gecko) HeadlessChrome/151.0.7922.34 Safari/537.36","Windows_NT 10.0.26200 x64","AMD Ryzen 7 5800H with Radeon Graphics         ","151.0.7922.34"
"4","native","37","0","1","0","2026-08-21T23:00:15.307Z","ANGLE (Google, Vulkan 1.3.0 (SwiftShader Device (Subzero) (0x0000C0DE)), SwiftShader driver)","Mozilla/5.0 (Windows NT 10.0; Win64; x64) AppleWebKit/537.36 (KHTML, like Gecko) HeadlessChrome/151.0.7922.34 Safari/537.36","Windows_NT 10.0.26200 x64","AMD Ryzen 7 5800H with Radeon Graphics         ","151.0.7922.34"
"4","native","38","0","1","0","2026-08-21T23:00:15.307Z","ANGLE (Google, Vulkan 1.3.0 (SwiftShader Device (Subzero) (0x0000C0DE)), SwiftShader driver)","Mozilla/5.0 (Windows NT 10.0; Win64; x64) AppleWebKit/537.36 (KHTML, like Gecko) HeadlessChrome/151.0.7922.34 Safari/537.36","Windows_NT 10.0.26200 x64","AMD Ryzen 7 5800H with Radeon Graphics         ","151.0.7922.34"
"4","native","39","0","1","0","2026-08-21T23:00:15.307Z","ANGLE (Google, Vulkan 1.3.0 (SwiftShader Device (Subzero) (0x0000C0DE)), SwiftShader driver)","Mozilla/5.0 (Windows NT 10.0; Win64; x64) AppleWebKit/537.36 (KHTML, like Gecko) HeadlessChrome/151.0.7922.34 Safari/537.36","Windows_NT 10.0.26200 x64","AMD Ryzen 7 5800H with Radeon Graphics         ","151.0.7922.34"
"4","native","40","0","1","0","2026-08-21T23:00:15.307Z","ANGLE (Google, Vulkan 1.3.0 (SwiftShader Device (Subzero) (0x0000C0DE)), SwiftShader driver)","Mozilla/5.0 (Windows NT 10.0; Win64; x64) AppleWebKit/537.36 (KHTML, like Gecko) HeadlessChrome/151.0.7922.34 Safari/537.36","Windows_NT 10.0.26200 x64","AMD Ryzen 7 5800H with Radeon Graphics         ","151.0.7922.34"
"4","native","41","0","1","0","2026-08-21T23:00:15.307Z","ANGLE (Google, Vulkan 1.3.0 (SwiftShader Device (Subzero) (0x0000C0DE)), SwiftShader driver)","Mozilla/5.0 (Windows NT 10.0; Win64; x64) AppleWebKit/537.36 (KHTML, like Gecko) HeadlessChrome/151.0.7922.34 Safari/537.36","Windows_NT 10.0.26200 x64","AMD Ryzen 7 5800H with Radeon Graphics         ","151.0.7922.34"
"4","native","42","0","1","0","2026-08-21T23:00:15.307Z","ANGLE (Google, Vulkan 1.3.0 (SwiftShader Device (Subzero) (0x0000C0DE)), SwiftShader driver)","Mozilla/5.0 (Windows NT 10.0; Win64; x64) AppleWebKit/537.36 (KHTML, like Gecko) HeadlessChrome/151.0.7922.34 Safari/537.36","Windows_NT 10.0.26200 x64","AMD Ryzen 7 5800H with Radeon Graphics         ","151.0.7922.34"
"4","native","43","0","1","0","2026-08-21T23:00:15.307Z","ANGLE (Google, Vulkan 1.3.0 (SwiftShader Device (Subzero) (0x0000C0DE)), SwiftShader driver)","Mozilla/5.0 (Windows NT 10.0; Win64; x64) AppleWebKit/537.36 (KHTML, like Gecko) HeadlessChrome/151.0.7922.34 Safari/537.36","Windows_NT 10.0.26200 x64","AMD Ryzen 7 5800H with Radeon Graphics         ","151.0.7922.34"
"4","native","44","0","1","0","2026-08-21T23:00:15.307Z","ANGLE (Google, Vulkan 1.3.0 (SwiftShader Device (Subzero) (0x0000C0DE)), SwiftShader driver)","Mozilla/5.0 (Windows NT 10.0; Win64; x64) AppleWebKit/537.36 (KHTML, like Gecko) HeadlessChrome/151.0.7922.34 Safari/537.36","Windows_NT 10.0.26200 x64","AMD Ryzen 7 5800H with Radeon Graphics         ","151.0.7922.34"
"4","native","45","0","1","0","2026-08-21T23:00:15.307Z","ANGLE (Google, Vulkan 1.3.0 (SwiftShader Device (Subzero) (0x0000C0DE)), SwiftShader driver)","Mozilla/5.0 (Windows NT 10.0; Win64; x64) AppleWebKit/537.36 (KHTML, like Gecko) HeadlessChrome/151.0.7922.34 Safari/537.36","Windows_NT 10.0.26200 x64","AMD Ryzen 7 5800H with Radeon Graphics         ","151.0.7922.34"
"4","native","46","0","1","0","2026-08-21T23:00:15.307Z","ANGLE (Google, Vulkan 1.3.0 (SwiftShader Device (Subzero) (0x0000C0DE)), SwiftShader driver)","Mozilla/5.0 (Windows NT 10.0; Win64; x64) AppleWebKit/537.36 (KHTML, like Gecko) HeadlessChrome/151.0.7922.34 Safari/537.36","Windows_NT 10.0.26200 x64","AMD Ryzen 7 5800H with Radeon Graphics         ","151.0.7922.34"
"4","native","47","0","1","0","2026-08-21T23:00:15.307Z","ANGLE (Google, Vulkan 1.3.0 (SwiftShader Device (Subzero) (0x0000C0DE)), SwiftShader driver)","Mozilla/5.0 (Windows NT 10.0; Win64; x64) AppleWebKit/537.36 (KHTML, like Gecko) HeadlessChrome/151.0.7922.34 Safari/537.36","Windows_NT 10.0.26200 x64","AMD Ryzen 7 5800H with Radeon Graphics         ","151.0.7922.34"
"4","native","48","0","1","0","2026-08-21T23:00:15.307Z","ANGLE (Google, Vulkan 1.3.0 (SwiftShader Device (Subzero) (0x0000C0DE)), SwiftShader driver)","Mozilla/5.0 (Windows NT 10.0; Win64; x64) AppleWebKit/537.36 (KHTML, like Gecko) HeadlessChrome/151.0.7922.34 Safari/537.36","Windows_NT 10.0.26200 x64","AMD Ryzen 7 5800H with Radeon Graphics         ","151.0.7922.34"
"4","native","49","0","1","0","2026-08-21T23:00:15.307Z","ANGLE (Google, Vulkan 1.3.0 (SwiftShader Device (Subzero) (0x0000C0DE)), SwiftShader driver)","Mozilla/5.0 (Windows NT 10.0; Win64; x64) AppleWebKit/537.36 (KHTML, like Gecko) HeadlessChrome/151.0.7922.34 Safari/537.36","Windows_NT 10.0.26200 x64","AMD Ryzen 7 5800H with Radeon Graphics         ","151.0.7922.34"
"4","native","50","0","1","0","2026-08-21T23:00:15.307Z","ANGLE (Google, Vulkan 1.3.0 (SwiftShader Device (Subzero) (0x0000C0DE)), SwiftShader driver)","Mozilla/5.0 (Windows NT 10.0; Win64; x64) AppleWebKit/537.36 (KHTML, like Gecko) HeadlessChrome/151.0.7922.34 Safari/537.36","Windows_NT 10.0.26200 x64","AMD Ryzen 7 5800H with Radeon Graphics         ","151.0.7922.34"
"4","guarded","1","0","1","0","2026-08-21T23:00:15.307Z","ANGLE (Google, Vulkan 1.3.0 (SwiftShader Device (Subzero) (0x0000C0DE)), SwiftShader driver)","Mozilla/5.0 (Windows NT 10.0; Win64; x64) AppleWebKit/537.36 (KHTML, like Gecko) HeadlessChrome/151.0.7922.34 Safari/537.36","Windows_NT 10.0.26200 x64","AMD Ryzen 7 5800H with Radeon Graphics         ","151.0.7922.34"
"4","guarded","2","0","1","0","2026-08-21T23:00:15.307Z","ANGLE (Google, Vulkan 1.3.0 (SwiftShader Device (Subzero) (0x0000C0DE)), SwiftShader driver)","Mozilla/5.0 (Windows NT 10.0; Win64; x64) AppleWebKit/537.36 (KHTML, like Gecko) HeadlessChrome/151.0.7922.34 Safari/537.36","Windows_NT 10.0.26200 x64","AMD Ryzen 7 5800H with Radeon Graphics         ","151.0.7922.34"
"4","guarded","3","0","1","0","2026-08-21T23:00:15.307Z","ANGLE (Google, Vulkan 1.3.0 (SwiftShader Device (Subzero) (0x0000C0DE)), SwiftShader driver)","Mozilla/5.0 (Windows NT 10.0; Win64; x64) AppleWebKit/537.36 (KHTML, like Gecko) HeadlessChrome/151.0.7922.34 Safari/537.36","Windows_NT 10.0.26200 x64","AMD Ryzen 7 5800H with Radeon Graphics         ","151.0.7922.34"
"4","guarded","4","0","1","0","2026-08-21T23:00:15.307Z","ANGLE (Google, Vulkan 1.3.0 (SwiftShader Device (Subzero) (0x0000C0DE)), SwiftShader driver)","Mozilla/5.0 (Windows NT 10.0; Win64; x64) AppleWebKit/537.36 (KHTML, like Gecko) HeadlessChrome/151.0.7922.34 Safari/537.36","Windows_NT 10.0.26200 x64","AMD Ryzen 7 5800H with Radeon Graphics         ","151.0.7922.34"
"4","guarded","5","0","1","0","2026-08-21T23:00:15.307Z","ANGLE (Google, Vulkan 1.3.0 (SwiftShader Device (Subzero) (0x0000C0DE)), SwiftShader driver)","Mozilla/5.0 (Windows NT 10.0; Win64; x64) AppleWebKit/537.36 (KHTML, like Gecko) HeadlessChrome/151.0.7922.34 Safari/537.36","Windows_NT 10.0.26200 x64","AMD Ryzen 7 5800H with Radeon Graphics         ","151.0.7922.34"
"4","guarded","6","0","1","0","2026-08-21T23:00:15.307Z","ANGLE (Google, Vulkan 1.3.0 (SwiftShader Device (Subzero) (0x0000C0DE)), SwiftShader driver)","Mozilla/5.0 (Windows NT 10.0; Win64; x64) AppleWebKit/537.36 (KHTML, like Gecko) HeadlessChrome/151.0.7922.34 Safari/537.36","Windows_NT 10.0.26200 x64","AMD Ryzen 7 5800H with Radeon Graphics         ","151.0.7922.34"
"4","guarded","7","0","1","0","2026-08-21T23:00:15.307Z","ANGLE (Google, Vulkan 1.3.0 (SwiftShader Device (Subzero) (0x0000C0DE)), SwiftShader driver)","Mozilla/5.0 (Windows NT 10.0; Win64; x64) AppleWebKit/537.36 (KHTML, like Gecko) HeadlessChrome/151.0.7922.34 Safari/537.36","Windows_NT 10.0.26200 x64","AMD Ryzen 7 5800H with Radeon Graphics         ","151.0.7922.34"
"4","guarded","8","0","1","0","2026-08-21T23:00:15.307Z","ANGLE (Google, Vulkan 1.3.0 (SwiftShader Device (Subzero) (0x0000C0DE)), SwiftShader driver)","Mozilla/5.0 (Windows NT 10.0; Win64; x64) AppleWebKit/537.36 (KHTML, like Gecko) HeadlessChrome/151.0.7922.34 Safari/537.36","Windows_NT 10.0.26200 x64","AMD Ryzen 7 5800H with Radeon Graphics         ","151.0.7922.34"
"4","guarded","9","0","1","0","2026-08-21T23:00:15.307Z","ANGLE (Google, Vulkan 1.3.0 (SwiftShader Device (Subzero) (0x0000C0DE)), SwiftShader driver)","Mozilla/5.0 (Windows NT 10.0; Win64; x64) AppleWebKit/537.36 (KHTML, like Gecko) HeadlessChrome/151.0.7922.34 Safari/537.36","Windows_NT 10.0.26200 x64","AMD Ryzen 7 5800H with Radeon Graphics         ","151.0.7922.34"
"4","guarded","10","0","1","0","2026-08-21T23:00:15.307Z","ANGLE (Google, Vulkan 1.3.0 (SwiftShader Device (Subzero) (0x0000C0DE)), SwiftShader driver)","Mozilla/5.0 (Windows NT 10.0; Win64; x64) AppleWebKit/537.36 (KHTML, like Gecko) HeadlessChrome/151.0.7922.34 Safari/537.36","Windows_NT 10.0.26200 x64","AMD Ryzen 7 5800H with Radeon Graphics         ","151.0.7922.34"
"4","guarded","11","0","1","0","2026-08-21T23:00:15.307Z","ANGLE (Google, Vulkan 1.3.0 (SwiftShader Device (Subzero) (0x0000C0DE)), SwiftShader driver)","Mozilla/5.0 (Windows NT 10.0; Win64; x64) AppleWebKit/537.36 (KHTML, like Gecko) HeadlessChrome/151.0.7922.34 Safari/537.36","Windows_NT 10.0.26200 x64","AMD Ryzen 7 5800H with Radeon Graphics         ","151.0.7922.34"
"4","guarded","12","0","1","0","2026-08-21T23:00:15.307Z","ANGLE (Google, Vulkan 1.3.0 (SwiftShader Device (Subzero) (0x0000C0DE)), SwiftShader driver)","Mozilla/5.0 (Windows NT 10.0; Win64; x64) AppleWebKit/537.36 (KHTML, like Gecko) HeadlessChrome/151.0.7922.34 Safari/537.36","Windows_NT 10.0.26200 x64","AMD Ryzen 7 5800H with Radeon Graphics         ","151.0.7922.34"
"4","guarded","13","0","1","0","2026-08-21T23:00:15.307Z","ANGLE (Google, Vulkan 1.3.0 (SwiftShader Device (Subzero) (0x0000C0DE)), SwiftShader driver)","Mozilla/5.0 (Windows NT 10.0; Win64; x64) AppleWebKit/537.36 (KHTML, like Gecko) HeadlessChrome/151.0.7922.34 Safari/537.36","Windows_NT 10.0.26200 x64","AMD Ryzen 7 5800H with Radeon Graphics         ","151.0.7922.34"
"4","guarded","14","0","1","0","2026-08-21T23:00:15.307Z","ANGLE (Google, Vulkan 1.3.0 (SwiftShader Device (Subzero) (0x0000C0DE)), SwiftShader driver)","Mozilla/5.0 (Windows NT 10.0; Win64; x64) AppleWebKit/537.36 (KHTML, like Gecko) HeadlessChrome/151.0.7922.34 Safari/537.36","Windows_NT 10.0.26200 x64","AMD Ryzen 7 5800H with Radeon Graphics         ","151.0.7922.34"
"4","guarded","15","0","1","0","2026-08-21T23:00:15.307Z","ANGLE (Google, Vulkan 1.3.0 (SwiftShader Device (Subzero) (0x0000C0DE)), SwiftShader driver)","Mozilla/5.0 (Windows NT 10.0; Win64; x64) AppleWebKit/537.36 (KHTML, like Gecko) HeadlessChrome/151.0.7922.34 Safari/537.36","Windows_NT 10.0.26200 x64","AMD Ryzen 7 5800H with Radeon Graphics         ","151.0.7922.34"
"4","guarded","16","0","1","0","2026-08-21T23:00:15.307Z","ANGLE (Google, Vulkan 1.3.0 (SwiftShader Device (Subzero) (0x0000C0DE)), SwiftShader driver)","Mozilla/5.0 (Windows NT 10.0; Win64; x64) AppleWebKit/537.36 (KHTML, like Gecko) HeadlessChrome/151.0.7922.34 Safari/537.36","Windows_NT 10.0.26200 x64","AMD Ryzen 7 5800H with Radeon Graphics         ","151.0.7922.34"
"4","guarded","17","0","1","0","2026-08-21T23:00:15.307Z","ANGLE (Google, Vulkan 1.3.0 (SwiftShader Device (Subzero) (0x0000C0DE)), SwiftShader driver)","Mozilla/5.0 (Windows NT 10.0; Win64; x64) AppleWebKit/537.36 (KHTML, like Gecko) HeadlessChrome/151.0.7922.34 Safari/537.36","Windows_NT 10.0.26200 x64","AMD Ryzen 7 5800H with Radeon Graphics         ","151.0.7922.34"
"4","guarded","18","0","1","0","2026-08-21T23:00:15.307Z","ANGLE (Google, Vulkan 1.3.0 (SwiftShader Device (Subzero) (0x0000C0DE)), SwiftShader driver)","Mozilla/5.0 (Windows NT 10.0; Win64; x64) AppleWebKit/537.36 (KHTML, like Gecko) HeadlessChrome/151.0.7922.34 Safari/537.36","Windows_NT 10.0.26200 x64","AMD Ryzen 7 5800H with Radeon Graphics         ","151.0.7922.34"
"4","guarded","19","0","1","0","2026-08-21T23:00:15.307Z","ANGLE (Google, Vulkan 1.3.0 (SwiftShader Device (Subzero) (0x0000C0DE)), SwiftShader driver)","Mozilla/5.0 (Windows NT 10.0; Win64; x64) AppleWebKit/537.36 (KHTML, like Gecko) HeadlessChrome/151.0.7922.34 Safari/537.36","Windows_NT 10.0.26200 x64","AMD Ryzen 7 5800H with Radeon Graphics         ","151.0.7922.34"
"4","guarded","20","0","1","0","2026-08-21T23:00:15.307Z","ANGLE (Google, Vulkan 1.3.0 (SwiftShader Device (Subzero) (0x0000C0DE)), SwiftShader driver)","Mozilla/5.0 (Windows NT 10.0; Win64; x64) AppleWebKit/537.36 (KHTML, like Gecko) HeadlessChrome/151.0.7922.34 Safari/537.36","Windows_NT 10.0.26200 x64","AMD Ryzen 7 5800H with Radeon Graphics         ","151.0.7922.34"
"4","guarded","21","0","1","0","2026-08-21T23:00:15.307Z","ANGLE (Google, Vulkan 1.3.0 (SwiftShader Device (Subzero) (0x0000C0DE)), SwiftShader driver)","Mozilla/5.0 (Windows NT 10.0; Win64; x64) AppleWebKit/537.36 (KHTML, like Gecko) HeadlessChrome/151.0.7922.34 Safari/537.36","Windows_NT 10.0.26200 x64","AMD Ryzen 7 5800H with Radeon Graphics         ","151.0.7922.34"
"4","guarded","22","0","1","0","2026-08-21T23:00:15.307Z","ANGLE (Google, Vulkan 1.3.0 (SwiftShader Device (Subzero) (0x0000C0DE)), SwiftShader driver)","Mozilla/5.0 (Windows NT 10.0; Win64; x64) AppleWebKit/537.36 (KHTML, like Gecko) HeadlessChrome/151.0.7922.34 Safari/537.36","Windows_NT 10.0.26200 x64","AMD Ryzen 7 5800H with Radeon Graphics         ","151.0.7922.34"
"4","guarded","23","0","1","0","2026-08-21T23:00:15.307Z","ANGLE (Google, Vulkan 1.3.0 (SwiftShader Device (Subzero) (0x0000C0DE)), SwiftShader driver)","Mozilla/5.0 (Windows NT 10.0; Win64; x64) AppleWebKit/537.36 (KHTML, like Gecko) HeadlessChrome/151.0.7922.34 Safari/537.36","Windows_NT 10.0.26200 x64","AMD Ryzen 7 5800H with Radeon Graphics         ","151.0.7922.34"
"4","guarded","24","0","1","0","2026-08-21T23:00:15.307Z","ANGLE (Google, Vulkan 1.3.0 (SwiftShader Device (Subzero) (0x0000C0DE)), SwiftShader driver)","Mozilla/5.0 (Windows NT 10.0; Win64; x64) AppleWebKit/537.36 (KHTML, like Gecko) HeadlessChrome/151.0.7922.34 Safari/537.36","Windows_NT 10.0.26200 x64","AMD Ryzen 7 5800H with Radeon Graphics         ","151.0.7922.34"
"4","guarded","25","0","1","0","2026-08-21T23:00:15.307Z","ANGLE (Google, Vulkan 1.3.0 (SwiftShader Device (Subzero) (0x0000C0DE)), SwiftShader driver)","Mozilla/5.0 (Windows NT 10.0; Win64; x64) AppleWebKit/537.36 (KHTML, like Gecko) HeadlessChrome/151.0.7922.34 Safari/537.36","Windows_NT 10.0.26200 x64","AMD Ryzen 7 5800H with Radeon Graphics         ","151.0.7922.34"
"4","guarded","26","0","1","0","2026-08-21T23:00:15.307Z","ANGLE (Google, Vulkan 1.3.0 (SwiftShader Device (Subzero) (0x0000C0DE)), SwiftShader driver)","Mozilla/5.0 (Windows NT 10.0; Win64; x64) AppleWebKit/537.36 (KHTML, like Gecko) HeadlessChrome/151.0.7922.34 Safari/537.36","Windows_NT 10.0.26200 x64","AMD Ryzen 7 5800H with Radeon Graphics         ","151.0.7922.34"
"4","guarded","27","0","1","0","2026-08-21T23:00:15.307Z","ANGLE (Google, Vulkan 1.3.0 (SwiftShader Device (Subzero) (0x0000C0DE)), SwiftShader driver)","Mozilla/5.0 (Windows NT 10.0; Win64; x64) AppleWebKit/537.36 (KHTML, like Gecko) HeadlessChrome/151.0.7922.34 Safari/537.36","Windows_NT 10.0.26200 x64","AMD Ryzen 7 5800H with Radeon Graphics         ","151.0.7922.34"
"4","guarded","28","0","1","0","2026-08-21T23:00:15.307Z","ANGLE (Google, Vulkan 1.3.0 (SwiftShader Device (Subzero) (0x0000C0DE)), SwiftShader driver)","Mozilla/5.0 (Windows NT 10.0; Win64; x64) AppleWebKit/537.36 (KHTML, like Gecko) HeadlessChrome/151.0.7922.34 Safari/537.36","Windows_NT 10.0.26200 x64","AMD Ryzen 7 5800H with Radeon Graphics         ","151.0.7922.34"
"4","guarded","29","0","1","0","2026-08-21T23:00:15.307Z","ANGLE (Google, Vulkan 1.3.0 (SwiftShader Device (Subzero) (0x0000C0DE)), SwiftShader driver)","Mozilla/5.0 (Windows NT 10.0; Win64; x64) AppleWebKit/537.36 (KHTML, like Gecko) HeadlessChrome/151.0.7922.34 Safari/537.36","Windows_NT 10.0.26200 x64","AMD Ryzen 7 5800H with Radeon Graphics         ","151.0.7922.34"
"4","guarded","30","0","1","0","2026-08-21T23:00:15.307Z","ANGLE (Google, Vulkan 1.3.0 (SwiftShader Device (Subzero) (0x0000C0DE)), SwiftShader driver)","Mozilla/5.0 (Windows NT 10.0; Win64; x64) AppleWebKit/537.36 (KHTML, like Gecko) HeadlessChrome/151.0.7922.34 Safari/537.36","Windows_NT 10.0.26200 x64","AMD Ryzen 7 5800H with Radeon Graphics         ","151.0.7922.34"
"4","guarded","31","0","1","0","2026-08-21T23:00:15.307Z","ANGLE (Google, Vulkan 1.3.0 (SwiftShader Device (Subzero) (0x0000C0DE)), SwiftShader driver)","Mozilla/5.0 (Windows NT 10.0; Win64; x64) AppleWebKit/537.36 (KHTML, like Gecko) HeadlessChrome/151.0.7922.34 Safari/537.36","Windows_NT 10.0.26200 x64","AMD Ryzen 7 5800H with Radeon Graphics         ","151.0.7922.34"
"4","guarded","32","0","1","0","2026-08-21T23:00:15.307Z","ANGLE (Google, Vulkan 1.3.0 (SwiftShader Device (Subzero) (0x0000C0DE)), SwiftShader driver)","Mozilla/5.0 (Windows NT 10.0; Win64; x64) AppleWebKit/537.36 (KHTML, like Gecko) HeadlessChrome/151.0.7922.34 Safari/537.36","Windows_NT 10.0.26200 x64","AMD Ryzen 7 5800H with Radeon Graphics         ","151.0.7922.34"
"4","guarded","33","0","1","0","2026-08-21T23:00:15.307Z","ANGLE (Google, Vulkan 1.3.0 (SwiftShader Device (Subzero) (0x0000C0DE)), SwiftShader driver)","Mozilla/5.0 (Windows NT 10.0; Win64; x64) AppleWebKit/537.36 (KHTML, like Gecko) HeadlessChrome/151.0.7922.34 Safari/537.36","Windows_NT 10.0.26200 x64","AMD Ryzen 7 5800H with Radeon Graphics         ","151.0.7922.34"
"4","guarded","34","0","1","0","2026-08-21T23:00:15.307Z","ANGLE (Google, Vulkan 1.3.0 (SwiftShader Device (Subzero) (0x0000C0DE)), SwiftShader driver)","Mozilla/5.0 (Windows NT 10.0; Win64; x64) AppleWebKit/537.36 (KHTML, like Gecko) HeadlessChrome/151.0.7922.34 Safari/537.36","Windows_NT 10.0.26200 x64","AMD Ryzen 7 5800H with Radeon Graphics         ","151.0.7922.34"
"4","guarded","35","0","1","0","2026-08-21T23:00:15.307Z","ANGLE (Google, Vulkan 1.3.0 (SwiftShader Device (Subzero) (0x0000C0DE)), SwiftShader driver)","Mozilla/5.0 (Windows NT 10.0; Win64; x64) AppleWebKit/537.36 (KHTML, like Gecko) HeadlessChrome/151.0.7922.34 Safari/537.36","Windows_NT 10.0.26200 x64","AMD Ryzen 7 5800H with Radeon Graphics         ","151.0.7922.34"
"4","guarded","36","0","1","0","2026-08-21T23:00:15.307Z","ANGLE (Google, Vulkan 1.3.0 (SwiftShader Device (Subzero) (0x0000C0DE)), SwiftShader driver)","Mozilla/5.0 (Windows NT 10.0; Win64; x64) AppleWebKit/537.36 (KHTML, like Gecko) HeadlessChrome/151.0.7922.34 Safari/537.36","Windows_NT 10.0.26200 x64","AMD Ryzen 7 5800H with Radeon Graphics         ","151.0.7922.34"
"4","guarded","37","0","1","0","2026-08-21T23:00:15.307Z","ANGLE (Google, Vulkan 1.3.0 (SwiftShader Device (Subzero) (0x0000C0DE)), SwiftShader driver)","Mozilla/5.0 (Windows NT 10.0; Win64; x64) AppleWebKit/537.36 (KHTML, like Gecko) HeadlessChrome/151.0.7922.34 Safari/537.36","Windows_NT 10.0.26200 x64","AMD Ryzen 7 5800H with Radeon Graphics         ","151.0.7922.34"
"4","guarded","38","0","1","0","2026-08-21T23:00:15.307Z","ANGLE (Google, Vulkan 1.3.0 (SwiftShader Device (Subzero) (0x0000C0DE)), SwiftShader driver)","Mozilla/5.0 (Windows NT 10.0; Win64; x64) AppleWebKit/537.36 (KHTML, like Gecko) HeadlessChrome/151.0.7922.34 Safari/537.36","Windows_NT 10.0.26200 x64","AMD Ryzen 7 5800H with Radeon Graphics         ","151.0.7922.34"
"4","guarded","39","0","1","0","2026-08-21T23:00:15.307Z","ANGLE (Google, Vulkan 1.3.0 (SwiftShader Device (Subzero) (0x0000C0DE)), SwiftShader driver)","Mozilla/5.0 (Windows NT 10.0; Win64; x64) AppleWebKit/537.36 (KHTML, like Gecko) HeadlessChrome/151.0.7922.34 Safari/537.36","Windows_NT 10.0.26200 x64","AMD Ryzen 7 5800H with Radeon Graphics         ","151.0.7922.34"
"4","guarded","40","0","1","0","2026-08-21T23:00:15.307Z","ANGLE (Google, Vulkan 1.3.0 (SwiftShader Device (Subzero) (0x0000C0DE)), SwiftShader driver)","Mozilla/5.0 (Windows NT 10.0; Win64; x64) AppleWebKit/537.36 (KHTML, like Gecko) HeadlessChrome/151.0.7922.34 Safari/537.36","Windows_NT 10.0.26200 x64","AMD Ryzen 7 5800H with Radeon Graphics         ","151.0.7922.34"
"4","guarded","41","0","1","0","2026-08-21T23:00:15.307Z","ANGLE (Google, Vulkan 1.3.0 (SwiftShader Device (Subzero) (0x0000C0DE)), SwiftShader driver)","Mozilla/5.0 (Windows NT 10.0; Win64; x64) AppleWebKit/537.36 (KHTML, like Gecko) HeadlessChrome/151.0.7922.34 Safari/537.36","Windows_NT 10.0.26200 x64","AMD Ryzen 7 5800H with Radeon Graphics         ","151.0.7922.34"
"4","guarded","42","0","1","0","2026-08-21T23:00:15.307Z","ANGLE (Google, Vulkan 1.3.0 (SwiftShader Device (Subzero) (0x0000C0DE)), SwiftShader driver)","Mozilla/5.0 (Windows NT 10.0; Win64; x64) AppleWebKit/537.36 (KHTML, like Gecko) HeadlessChrome/151.0.7922.34 Safari/537.36","Windows_NT 10.0.26200 x64","AMD Ryzen 7 5800H with Radeon Graphics         ","151.0.7922.34"
"4","guarded","43","0","1","0","2026-08-21T23:00:15.307Z","ANGLE (Google, Vulkan 1.3.0 (SwiftShader Device (Subzero) (0x0000C0DE)), SwiftShader driver)","Mozilla/5.0 (Windows NT 10.0; Win64; x64) AppleWebKit/537.36 (KHTML, like Gecko) HeadlessChrome/151.0.7922.34 Safari/537.36","Windows_NT 10.0.26200 x64","AMD Ryzen 7 5800H with Radeon Graphics         ","151.0.7922.34"
"4","guarded","44","0","1","0","2026-08-21T23:00:15.307Z","ANGLE (Google, Vulkan 1.3.0 (SwiftShader Device (Subzero) (0x0000C0DE)), SwiftShader driver)","Mozilla/5.0 (Windows NT 10.0; Win64; x64) AppleWebKit/537.36 (KHTML, like Gecko) HeadlessChrome/151.0.7922.34 Safari/537.36","Windows_NT 10.0.26200 x64","AMD Ryzen 7 5800H with Radeon Graphics         ","151.0.7922.34"
"4","guarded","45","0","1","0","2026-08-21T23:00:15.307Z","ANGLE (Google, Vulkan 1.3.0 (SwiftShader Device (Subzero) (0x0000C0DE)), SwiftShader driver)","Mozilla/5.0 (Windows NT 10.0; Win64; x64) AppleWebKit/537.36 (KHTML, like Gecko) HeadlessChrome/151.0.7922.34 Safari/537.36","Windows_NT 10.0.26200 x64","AMD Ryzen 7 5800H with Radeon Graphics         ","151.0.7922.34"
"4","guarded","46","0","1","0","2026-08-21T23:00:15.307Z","ANGLE (Google, Vulkan 1.3.0 (SwiftShader Device (Subzero) (0x0000C0DE)), SwiftShader driver)","Mozilla/5.0 (Windows NT 10.0; Win64; x64) AppleWebKit/537.36 (KHTML, like Gecko) HeadlessChrome/151.0.7922.34 Safari/537.36","Windows_NT 10.0.26200 x64","AMD Ryzen 7 5800H with Radeon Graphics         ","151.0.7922.34"
"4","guarded","47","0","1","0","2026-08-21T23:00:15.307Z","ANGLE (Google, Vulkan 1.3.0 (SwiftShader Device (Subzero) (0x0000C0DE)), SwiftShader driver)","Mozilla/5.0 (Windows NT 10.0; Win64; x64) AppleWebKit/537.36 (KHTML, like Gecko) HeadlessChrome/151.0.7922.34 Safari/537.36","Windows_NT 10.0.26200 x64","AMD Ryzen 7 5800H with Radeon Graphics         ","151.0.7922.34"
"4","guarded","48","0","1","0","2026-08-21T23:00:15.307Z","ANGLE (Google, Vulkan 1.3.0 (SwiftShader Device (Subzero) (0x0000C0DE)), SwiftShader driver)","Mozilla/5.0 (Windows NT 10.0; Win64; x64) AppleWebKit/537.36 (KHTML, like Gecko) HeadlessChrome/151.0.7922.34 Safari/537.36","Windows_NT 10.0.26200 x64","AMD Ryzen 7 5800H with Radeon Graphics         ","151.0.7922.34"
"4","guarded","49","0","1","0","2026-08-21T23:00:15.307Z","ANGLE (Google, Vulkan 1.3.0 (SwiftShader Device (Subzero) (0x0000C0DE)), SwiftShader driver)","Mozilla/5.0 (Windows NT 10.0; Win64; x64) AppleWebKit/537.36 (KHTML, like Gecko) HeadlessChrome/151.0.7922.34 Safari/537.36","Windows_NT 10.0.26200 x64","AMD Ryzen 7 5800H with Radeon Graphics         ","151.0.7922.34"
"4","guarded","50","0","1","0","2026-08-21T23:00:15.307Z","ANGLE (Google, Vulkan 1.3.0 (SwiftShader Device (Subzero) (0x0000C0DE)), SwiftShader driver)","Mozilla/5.0 (Windows NT 10.0; Win64; x64) AppleWebKit/537.36 (KHTML, like Gecko) HeadlessChrome/151.0.7922.34 Safari/537.36","Windows_NT 10.0.26200 x64","AMD Ryzen 7 5800H with Radeon Graphics         ","151.0.7922.34"
"5","unmanaged","1","4","5","1","2026-08-21T23:00:21.071Z","ANGLE (Google, Vulkan 1.3.0 (SwiftShader Device (Subzero) (0x0000C0DE)), SwiftShader driver)","Mozilla/5.0 (Windows NT 10.0; Win64; x64) AppleWebKit/537.36 (KHTML, like Gecko) HeadlessChrome/151.0.7922.34 Safari/537.36","Windows_NT 10.0.26200 x64","AMD Ryzen 7 5800H with Radeon Graphics         ","151.0.7922.34"
"5","unmanaged","2","8","9","1","2026-08-21T23:00:21.071Z","ANGLE (Google, Vulkan 1.3.0 (SwiftShader Device (Subzero) (0x0000C0DE)), SwiftShader driver)","Mozilla/5.0 (Windows NT 10.0; Win64; x64) AppleWebKit/537.36 (KHTML, like Gecko) HeadlessChrome/151.0.7922.34 Safari/537.36","Windows_NT 10.0.26200 x64","AMD Ryzen 7 5800H with Radeon Graphics         ","151.0.7922.34"
"5","unmanaged","3","12","13","1","2026-08-21T23:00:21.071Z","ANGLE (Google, Vulkan 1.3.0 (SwiftShader Device (Subzero) (0x0000C0DE)), SwiftShader driver)","Mozilla/5.0 (Windows NT 10.0; Win64; x64) AppleWebKit/537.36 (KHTML, like Gecko) HeadlessChrome/151.0.7922.34 Safari/537.36","Windows_NT 10.0.26200 x64","AMD Ryzen 7 5800H with Radeon Graphics         ","151.0.7922.34"
"5","unmanaged","4","16","17","1","2026-08-21T23:00:21.071Z","ANGLE (Google, Vulkan 1.3.0 (SwiftShader Device (Subzero) (0x0000C0DE)), SwiftShader driver)","Mozilla/5.0 (Windows NT 10.0; Win64; x64) AppleWebKit/537.36 (KHTML, like Gecko) HeadlessChrome/151.0.7922.34 Safari/537.36","Windows_NT 10.0.26200 x64","AMD Ryzen 7 5800H with Radeon Graphics         ","151.0.7922.34"
"5","unmanaged","5","20","21","1","2026-08-21T23:00:21.071Z","ANGLE (Google, Vulkan 1.3.0 (SwiftShader Device (Subzero) (0x0000C0DE)), SwiftShader driver)","Mozilla/5.0 (Windows NT 10.0; Win64; x64) AppleWebKit/537.36 (KHTML, like Gecko) HeadlessChrome/151.0.7922.34 Safari/537.36","Windows_NT 10.0.26200 x64","AMD Ryzen 7 5800H with Radeon Graphics         ","151.0.7922.34"
"5","unmanaged","6","24","25","1","2026-08-21T23:00:21.071Z","ANGLE (Google, Vulkan 1.3.0 (SwiftShader Device (Subzero) (0x0000C0DE)), SwiftShader driver)","Mozilla/5.0 (Windows NT 10.0; Win64; x64) AppleWebKit/537.36 (KHTML, like Gecko) HeadlessChrome/151.0.7922.34 Safari/537.36","Windows_NT 10.0.26200 x64","AMD Ryzen 7 5800H with Radeon Graphics         ","151.0.7922.34"
"5","unmanaged","7","28","29","1","2026-08-21T23:00:21.071Z","ANGLE (Google, Vulkan 1.3.0 (SwiftShader Device (Subzero) (0x0000C0DE)), SwiftShader driver)","Mozilla/5.0 (Windows NT 10.0; Win64; x64) AppleWebKit/537.36 (KHTML, like Gecko) HeadlessChrome/151.0.7922.34 Safari/537.36","Windows_NT 10.0.26200 x64","AMD Ryzen 7 5800H with Radeon Graphics         ","151.0.7922.34"
"5","unmanaged","8","32","33","1","2026-08-21T23:00:21.071Z","ANGLE (Google, Vulkan 1.3.0 (SwiftShader Device (Subzero) (0x0000C0DE)), SwiftShader driver)","Mozilla/5.0 (Windows NT 10.0; Win64; x64) AppleWebKit/537.36 (KHTML, like Gecko) HeadlessChrome/151.0.7922.34 Safari/537.36","Windows_NT 10.0.26200 x64","AMD Ryzen 7 5800H with Radeon Graphics         ","151.0.7922.34"
"5","unmanaged","9","36","37","1","2026-08-21T23:00:21.071Z","ANGLE (Google, Vulkan 1.3.0 (SwiftShader Device (Subzero) (0x0000C0DE)), SwiftShader driver)","Mozilla/5.0 (Windows NT 10.0; Win64; x64) AppleWebKit/537.36 (KHTML, like Gecko) HeadlessChrome/151.0.7922.34 Safari/537.36","Windows_NT 10.0.26200 x64","AMD Ryzen 7 5800H with Radeon Graphics         ","151.0.7922.34"
"5","unmanaged","10","40","41","1","2026-08-21T23:00:21.071Z","ANGLE (Google, Vulkan 1.3.0 (SwiftShader Device (Subzero) (0x0000C0DE)), SwiftShader driver)","Mozilla/5.0 (Windows NT 10.0; Win64; x64) AppleWebKit/537.36 (KHTML, like Gecko) HeadlessChrome/151.0.7922.34 Safari/537.36","Windows_NT 10.0.26200 x64","AMD Ryzen 7 5800H with Radeon Graphics         ","151.0.7922.34"
"5","unmanaged","11","44","45","1","2026-08-21T23:00:21.071Z","ANGLE (Google, Vulkan 1.3.0 (SwiftShader Device (Subzero) (0x0000C0DE)), SwiftShader driver)","Mozilla/5.0 (Windows NT 10.0; Win64; x64) AppleWebKit/537.36 (KHTML, like Gecko) HeadlessChrome/151.0.7922.34 Safari/537.36","Windows_NT 10.0.26200 x64","AMD Ryzen 7 5800H with Radeon Graphics         ","151.0.7922.34"
"5","unmanaged","12","48","49","1","2026-08-21T23:00:21.071Z","ANGLE (Google, Vulkan 1.3.0 (SwiftShader Device (Subzero) (0x0000C0DE)), SwiftShader driver)","Mozilla/5.0 (Windows NT 10.0; Win64; x64) AppleWebKit/537.36 (KHTML, like Gecko) HeadlessChrome/151.0.7922.34 Safari/537.36","Windows_NT 10.0.26200 x64","AMD Ryzen 7 5800H with Radeon Graphics         ","151.0.7922.34"
"5","unmanaged","13","52","53","1","2026-08-21T23:00:21.071Z","ANGLE (Google, Vulkan 1.3.0 (SwiftShader Device (Subzero) (0x0000C0DE)), SwiftShader driver)","Mozilla/5.0 (Windows NT 10.0; Win64; x64) AppleWebKit/537.36 (KHTML, like Gecko) HeadlessChrome/151.0.7922.34 Safari/537.36","Windows_NT 10.0.26200 x64","AMD Ryzen 7 5800H with Radeon Graphics         ","151.0.7922.34"
"5","unmanaged","14","56","57","1","2026-08-21T23:00:21.071Z","ANGLE (Google, Vulkan 1.3.0 (SwiftShader Device (Subzero) (0x0000C0DE)), SwiftShader driver)","Mozilla/5.0 (Windows NT 10.0; Win64; x64) AppleWebKit/537.36 (KHTML, like Gecko) HeadlessChrome/151.0.7922.34 Safari/537.36","Windows_NT 10.0.26200 x64","AMD Ryzen 7 5800H with Radeon Graphics         ","151.0.7922.34"
"5","unmanaged","15","60","61","1","2026-08-21T23:00:21.071Z","ANGLE (Google, Vulkan 1.3.0 (SwiftShader Device (Subzero) (0x0000C0DE)), SwiftShader driver)","Mozilla/5.0 (Windows NT 10.0; Win64; x64) AppleWebKit/537.36 (KHTML, like Gecko) HeadlessChrome/151.0.7922.34 Safari/537.36","Windows_NT 10.0.26200 x64","AMD Ryzen 7 5800H with Radeon Graphics         ","151.0.7922.34"
"5","unmanaged","16","64","65","1","2026-08-21T23:00:21.071Z","ANGLE (Google, Vulkan 1.3.0 (SwiftShader Device (Subzero) (0x0000C0DE)), SwiftShader driver)","Mozilla/5.0 (Windows NT 10.0; Win64; x64) AppleWebKit/537.36 (KHTML, like Gecko) HeadlessChrome/151.0.7922.34 Safari/537.36","Windows_NT 10.0.26200 x64","AMD Ryzen 7 5800H with Radeon Graphics         ","151.0.7922.34"
"5","unmanaged","17","68","69","1","2026-08-21T23:00:21.071Z","ANGLE (Google, Vulkan 1.3.0 (SwiftShader Device (Subzero) (0x0000C0DE)), SwiftShader driver)","Mozilla/5.0 (Windows NT 10.0; Win64; x64) AppleWebKit/537.36 (KHTML, like Gecko) HeadlessChrome/151.0.7922.34 Safari/537.36","Windows_NT 10.0.26200 x64","AMD Ryzen 7 5800H with Radeon Graphics         ","151.0.7922.34"
"5","unmanaged","18","72","73","1","2026-08-21T23:00:21.071Z","ANGLE (Google, Vulkan 1.3.0 (SwiftShader Device (Subzero) (0x0000C0DE)), SwiftShader driver)","Mozilla/5.0 (Windows NT 10.0; Win64; x64) AppleWebKit/537.36 (KHTML, like Gecko) HeadlessChrome/151.0.7922.34 Safari/537.36","Windows_NT 10.0.26200 x64","AMD Ryzen 7 5800H with Radeon Graphics         ","151.0.7922.34"
"5","unmanaged","19","76","77","1","2026-08-21T23:00:21.071Z","ANGLE (Google, Vulkan 1.3.0 (SwiftShader Device (Subzero) (0x0000C0DE)), SwiftShader driver)","Mozilla/5.0 (Windows NT 10.0; Win64; x64) AppleWebKit/537.36 (KHTML, like Gecko) HeadlessChrome/151.0.7922.34 Safari/537.36","Windows_NT 10.0.26200 x64","AMD Ryzen 7 5800H with Radeon Graphics         ","151.0.7922.34"
"5","unmanaged","20","80","81","1","2026-08-21T23:00:21.071Z","ANGLE (Google, Vulkan 1.3.0 (SwiftShader Device (Subzero) (0x0000C0DE)), SwiftShader driver)","Mozilla/5.0 (Windows NT 10.0; Win64; x64) AppleWebKit/537.36 (KHTML, like Gecko) HeadlessChrome/151.0.7922.34 Safari/537.36","Windows_NT 10.0.26200 x64","AMD Ryzen 7 5800H with Radeon Graphics         ","151.0.7922.34"
"5","unmanaged","21","84","85","1","2026-08-21T23:00:21.071Z","ANGLE (Google, Vulkan 1.3.0 (SwiftShader Device (Subzero) (0x0000C0DE)), SwiftShader driver)","Mozilla/5.0 (Windows NT 10.0; Win64; x64) AppleWebKit/537.36 (KHTML, like Gecko) HeadlessChrome/151.0.7922.34 Safari/537.36","Windows_NT 10.0.26200 x64","AMD Ryzen 7 5800H with Radeon Graphics         ","151.0.7922.34"
"5","unmanaged","22","88","89","1","2026-08-21T23:00:21.071Z","ANGLE (Google, Vulkan 1.3.0 (SwiftShader Device (Subzero) (0x0000C0DE)), SwiftShader driver)","Mozilla/5.0 (Windows NT 10.0; Win64; x64) AppleWebKit/537.36 (KHTML, like Gecko) HeadlessChrome/151.0.7922.34 Safari/537.36","Windows_NT 10.0.26200 x64","AMD Ryzen 7 5800H with Radeon Graphics         ","151.0.7922.34"
"5","unmanaged","23","92","93","1","2026-08-21T23:00:21.071Z","ANGLE (Google, Vulkan 1.3.0 (SwiftShader Device (Subzero) (0x0000C0DE)), SwiftShader driver)","Mozilla/5.0 (Windows NT 10.0; Win64; x64) AppleWebKit/537.36 (KHTML, like Gecko) HeadlessChrome/151.0.7922.34 Safari/537.36","Windows_NT 10.0.26200 x64","AMD Ryzen 7 5800H with Radeon Graphics         ","151.0.7922.34"
"5","unmanaged","24","96","97","1","2026-08-21T23:00:21.071Z","ANGLE (Google, Vulkan 1.3.0 (SwiftShader Device (Subzero) (0x0000C0DE)), SwiftShader driver)","Mozilla/5.0 (Windows NT 10.0; Win64; x64) AppleWebKit/537.36 (KHTML, like Gecko) HeadlessChrome/151.0.7922.34 Safari/537.36","Windows_NT 10.0.26200 x64","AMD Ryzen 7 5800H with Radeon Graphics         ","151.0.7922.34"
"5","unmanaged","25","100","101","1","2026-08-21T23:00:21.071Z","ANGLE (Google, Vulkan 1.3.0 (SwiftShader Device (Subzero) (0x0000C0DE)), SwiftShader driver)","Mozilla/5.0 (Windows NT 10.0; Win64; x64) AppleWebKit/537.36 (KHTML, like Gecko) HeadlessChrome/151.0.7922.34 Safari/537.36","Windows_NT 10.0.26200 x64","AMD Ryzen 7 5800H with Radeon Graphics         ","151.0.7922.34"
"5","unmanaged","26","104","105","1","2026-08-21T23:00:21.071Z","ANGLE (Google, Vulkan 1.3.0 (SwiftShader Device (Subzero) (0x0000C0DE)), SwiftShader driver)","Mozilla/5.0 (Windows NT 10.0; Win64; x64) AppleWebKit/537.36 (KHTML, like Gecko) HeadlessChrome/151.0.7922.34 Safari/537.36","Windows_NT 10.0.26200 x64","AMD Ryzen 7 5800H with Radeon Graphics         ","151.0.7922.34"
"5","unmanaged","27","108","109","1","2026-08-21T23:00:21.071Z","ANGLE (Google, Vulkan 1.3.0 (SwiftShader Device (Subzero) (0x0000C0DE)), SwiftShader driver)","Mozilla/5.0 (Windows NT 10.0; Win64; x64) AppleWebKit/537.36 (KHTML, like Gecko) HeadlessChrome/151.0.7922.34 Safari/537.36","Windows_NT 10.0.26200 x64","AMD Ryzen 7 5800H with Radeon Graphics         ","151.0.7922.34"
"5","unmanaged","28","112","113","1","2026-08-21T23:00:21.071Z","ANGLE (Google, Vulkan 1.3.0 (SwiftShader Device (Subzero) (0x0000C0DE)), SwiftShader driver)","Mozilla/5.0 (Windows NT 10.0; Win64; x64) AppleWebKit/537.36 (KHTML, like Gecko) HeadlessChrome/151.0.7922.34 Safari/537.36","Windows_NT 10.0.26200 x64","AMD Ryzen 7 5800H with Radeon Graphics         ","151.0.7922.34"
"5","unmanaged","29","116","117","1","2026-08-21T23:00:21.071Z","ANGLE (Google, Vulkan 1.3.0 (SwiftShader Device (Subzero) (0x0000C0DE)), SwiftShader driver)","Mozilla/5.0 (Windows NT 10.0; Win64; x64) AppleWebKit/537.36 (KHTML, like Gecko) HeadlessChrome/151.0.7922.34 Safari/537.36","Windows_NT 10.0.26200 x64","AMD Ryzen 7 5800H with Radeon Graphics         ","151.0.7922.34"
"5","unmanaged","30","120","121","1","2026-08-21T23:00:21.071Z","ANGLE (Google, Vulkan 1.3.0 (SwiftShader Device (Subzero) (0x0000C0DE)), SwiftShader driver)","Mozilla/5.0 (Windows NT 10.0; Win64; x64) AppleWebKit/537.36 (KHTML, like Gecko) HeadlessChrome/151.0.7922.34 Safari/537.36","Windows_NT 10.0.26200 x64","AMD Ryzen 7 5800H with Radeon Graphics         ","151.0.7922.34"
"5","unmanaged","31","124","125","1","2026-08-21T23:00:21.071Z","ANGLE (Google, Vulkan 1.3.0 (SwiftShader Device (Subzero) (0x0000C0DE)), SwiftShader driver)","Mozilla/5.0 (Windows NT 10.0; Win64; x64) AppleWebKit/537.36 (KHTML, like Gecko) HeadlessChrome/151.0.7922.34 Safari/537.36","Windows_NT 10.0.26200 x64","AMD Ryzen 7 5800H with Radeon Graphics         ","151.0.7922.34"
"5","unmanaged","32","128","129","1","2026-08-21T23:00:21.071Z","ANGLE (Google, Vulkan 1.3.0 (SwiftShader Device (Subzero) (0x0000C0DE)), SwiftShader driver)","Mozilla/5.0 (Windows NT 10.0; Win64; x64) AppleWebKit/537.36 (KHTML, like Gecko) HeadlessChrome/151.0.7922.34 Safari/537.36","Windows_NT 10.0.26200 x64","AMD Ryzen 7 5800H with Radeon Graphics         ","151.0.7922.34"
"5","unmanaged","33","132","133","1","2026-08-21T23:00:21.071Z","ANGLE (Google, Vulkan 1.3.0 (SwiftShader Device (Subzero) (0x0000C0DE)), SwiftShader driver)","Mozilla/5.0 (Windows NT 10.0; Win64; x64) AppleWebKit/537.36 (KHTML, like Gecko) HeadlessChrome/151.0.7922.34 Safari/537.36","Windows_NT 10.0.26200 x64","AMD Ryzen 7 5800H with Radeon Graphics         ","151.0.7922.34"
"5","unmanaged","34","136","137","1","2026-08-21T23:00:21.071Z","ANGLE (Google, Vulkan 1.3.0 (SwiftShader Device (Subzero) (0x0000C0DE)), SwiftShader driver)","Mozilla/5.0 (Windows NT 10.0; Win64; x64) AppleWebKit/537.36 (KHTML, like Gecko) HeadlessChrome/151.0.7922.34 Safari/537.36","Windows_NT 10.0.26200 x64","AMD Ryzen 7 5800H with Radeon Graphics         ","151.0.7922.34"
"5","unmanaged","35","140","141","1","2026-08-21T23:00:21.071Z","ANGLE (Google, Vulkan 1.3.0 (SwiftShader Device (Subzero) (0x0000C0DE)), SwiftShader driver)","Mozilla/5.0 (Windows NT 10.0; Win64; x64) AppleWebKit/537.36 (KHTML, like Gecko) HeadlessChrome/151.0.7922.34 Safari/537.36","Windows_NT 10.0.26200 x64","AMD Ryzen 7 5800H with Radeon Graphics         ","151.0.7922.34"
"5","unmanaged","36","144","145","1","2026-08-21T23:00:21.071Z","ANGLE (Google, Vulkan 1.3.0 (SwiftShader Device (Subzero) (0x0000C0DE)), SwiftShader driver)","Mozilla/5.0 (Windows NT 10.0; Win64; x64) AppleWebKit/537.36 (KHTML, like Gecko) HeadlessChrome/151.0.7922.34 Safari/537.36","Windows_NT 10.0.26200 x64","AMD Ryzen 7 5800H with Radeon Graphics         ","151.0.7922.34"
"5","unmanaged","37","148","149","1","2026-08-21T23:00:21.071Z","ANGLE (Google, Vulkan 1.3.0 (SwiftShader Device (Subzero) (0x0000C0DE)), SwiftShader driver)","Mozilla/5.0 (Windows NT 10.0; Win64; x64) AppleWebKit/537.36 (KHTML, like Gecko) HeadlessChrome/151.0.7922.34 Safari/537.36","Windows_NT 10.0.26200 x64","AMD Ryzen 7 5800H with Radeon Graphics         ","151.0.7922.34"
"5","unmanaged","38","152","153","1","2026-08-21T23:00:21.071Z","ANGLE (Google, Vulkan 1.3.0 (SwiftShader Device (Subzero) (0x0000C0DE)), SwiftShader driver)","Mozilla/5.0 (Windows NT 10.0; Win64; x64) AppleWebKit/537.36 (KHTML, like Gecko) HeadlessChrome/151.0.7922.34 Safari/537.36","Windows_NT 10.0.26200 x64","AMD Ryzen 7 5800H with Radeon Graphics         ","151.0.7922.34"
"5","unmanaged","39","156","157","1","2026-08-21T23:00:21.071Z","ANGLE (Google, Vulkan 1.3.0 (SwiftShader Device (Subzero) (0x0000C0DE)), SwiftShader driver)","Mozilla/5.0 (Windows NT 10.0; Win64; x64) AppleWebKit/537.36 (KHTML, like Gecko) HeadlessChrome/151.0.7922.34 Safari/537.36","Windows_NT 10.0.26200 x64","AMD Ryzen 7 5800H with Radeon Graphics         ","151.0.7922.34"
"5","unmanaged","40","160","161","1","2026-08-21T23:00:21.071Z","ANGLE (Google, Vulkan 1.3.0 (SwiftShader Device (Subzero) (0x0000C0DE)), SwiftShader driver)","Mozilla/5.0 (Windows NT 10.0; Win64; x64) AppleWebKit/537.36 (KHTML, like Gecko) HeadlessChrome/151.0.7922.34 Safari/537.36","Windows_NT 10.0.26200 x64","AMD Ryzen 7 5800H with Radeon Graphics         ","151.0.7922.34"
"5","unmanaged","41","164","165","1","2026-08-21T23:00:21.071Z","ANGLE (Google, Vulkan 1.3.0 (SwiftShader Device (Subzero) (0x0000C0DE)), SwiftShader driver)","Mozilla/5.0 (Windows NT 10.0; Win64; x64) AppleWebKit/537.36 (KHTML, like Gecko) HeadlessChrome/151.0.7922.34 Safari/537.36","Windows_NT 10.0.26200 x64","AMD Ryzen 7 5800H with Radeon Graphics         ","151.0.7922.34"
"5","unmanaged","42","168","169","1","2026-08-21T23:00:21.071Z","ANGLE (Google, Vulkan 1.3.0 (SwiftShader Device (Subzero) (0x0000C0DE)), SwiftShader driver)","Mozilla/5.0 (Windows NT 10.0; Win64; x64) AppleWebKit/537.36 (KHTML, like Gecko) HeadlessChrome/151.0.7922.34 Safari/537.36","Windows_NT 10.0.26200 x64","AMD Ryzen 7 5800H with Radeon Graphics         ","151.0.7922.34"
"5","unmanaged","43","172","173","1","2026-08-21T23:00:21.071Z","ANGLE (Google, Vulkan 1.3.0 (SwiftShader Device (Subzero) (0x0000C0DE)), SwiftShader driver)","Mozilla/5.0 (Windows NT 10.0; Win64; x64) AppleWebKit/537.36 (KHTML, like Gecko) HeadlessChrome/151.0.7922.34 Safari/537.36","Windows_NT 10.0.26200 x64","AMD Ryzen 7 5800H with Radeon Graphics         ","151.0.7922.34"
"5","unmanaged","44","176","177","1","2026-08-21T23:00:21.071Z","ANGLE (Google, Vulkan 1.3.0 (SwiftShader Device (Subzero) (0x0000C0DE)), SwiftShader driver)","Mozilla/5.0 (Windows NT 10.0; Win64; x64) AppleWebKit/537.36 (KHTML, like Gecko) HeadlessChrome/151.0.7922.34 Safari/537.36","Windows_NT 10.0.26200 x64","AMD Ryzen 7 5800H with Radeon Graphics         ","151.0.7922.34"
"5","unmanaged","45","180","181","1","2026-08-21T23:00:21.071Z","ANGLE (Google, Vulkan 1.3.0 (SwiftShader Device (Subzero) (0x0000C0DE)), SwiftShader driver)","Mozilla/5.0 (Windows NT 10.0; Win64; x64) AppleWebKit/537.36 (KHTML, like Gecko) HeadlessChrome/151.0.7922.34 Safari/537.36","Windows_NT 10.0.26200 x64","AMD Ryzen 7 5800H with Radeon Graphics         ","151.0.7922.34"
"5","unmanaged","46","184","185","1","2026-08-21T23:00:21.071Z","ANGLE (Google, Vulkan 1.3.0 (SwiftShader Device (Subzero) (0x0000C0DE)), SwiftShader driver)","Mozilla/5.0 (Windows NT 10.0; Win64; x64) AppleWebKit/537.36 (KHTML, like Gecko) HeadlessChrome/151.0.7922.34 Safari/537.36","Windows_NT 10.0.26200 x64","AMD Ryzen 7 5800H with Radeon Graphics         ","151.0.7922.34"
"5","unmanaged","47","188","189","1","2026-08-21T23:00:21.071Z","ANGLE (Google, Vulkan 1.3.0 (SwiftShader Device (Subzero) (0x0000C0DE)), SwiftShader driver)","Mozilla/5.0 (Windows NT 10.0; Win64; x64) AppleWebKit/537.36 (KHTML, like Gecko) HeadlessChrome/151.0.7922.34 Safari/537.36","Windows_NT 10.0.26200 x64","AMD Ryzen 7 5800H with Radeon Graphics         ","151.0.7922.34"
"5","unmanaged","48","192","193","1","2026-08-21T23:00:21.071Z","ANGLE (Google, Vulkan 1.3.0 (SwiftShader Device (Subzero) (0x0000C0DE)), SwiftShader driver)","Mozilla/5.0 (Windows NT 10.0; Win64; x64) AppleWebKit/537.36 (KHTML, like Gecko) HeadlessChrome/151.0.7922.34 Safari/537.36","Windows_NT 10.0.26200 x64","AMD Ryzen 7 5800H with Radeon Graphics         ","151.0.7922.34"
"5","unmanaged","49","196","197","1","2026-08-21T23:00:21.071Z","ANGLE (Google, Vulkan 1.3.0 (SwiftShader Device (Subzero) (0x0000C0DE)), SwiftShader driver)","Mozilla/5.0 (Windows NT 10.0; Win64; x64) AppleWebKit/537.36 (KHTML, like Gecko) HeadlessChrome/151.0.7922.34 Safari/537.36","Windows_NT 10.0.26200 x64","AMD Ryzen 7 5800H with Radeon Graphics         ","151.0.7922.34"
"5","unmanaged","50","200","201","1","2026-08-21T23:00:21.071Z","ANGLE (Google, Vulkan 1.3.0 (SwiftShader Device (Subzero) (0x0000C0DE)), SwiftShader driver)","Mozilla/5.0 (Windows NT 10.0; Win64; x64) AppleWebKit/537.36 (KHTML, like Gecko) HeadlessChrome/151.0.7922.34 Safari/537.36","Windows_NT 10.0.26200 x64","AMD Ryzen 7 5800H with Radeon Graphics         ","151.0.7922.34"
"5","naive","1","0","1","0","2026-08-21T23:00:21.071Z","ANGLE (Google, Vulkan 1.3.0 (SwiftShader Device (Subzero) (0x0000C0DE)), SwiftShader driver)","Mozilla/5.0 (Windows NT 10.0; Win64; x64) AppleWebKit/537.36 (KHTML, like Gecko) HeadlessChrome/151.0.7922.34 Safari/537.36","Windows_NT 10.0.26200 x64","AMD Ryzen 7 5800H with Radeon Graphics         ","151.0.7922.34"
"5","naive","2","0","1","0","2026-08-21T23:00:21.071Z","ANGLE (Google, Vulkan 1.3.0 (SwiftShader Device (Subzero) (0x0000C0DE)), SwiftShader driver)","Mozilla/5.0 (Windows NT 10.0; Win64; x64) AppleWebKit/537.36 (KHTML, like Gecko) HeadlessChrome/151.0.7922.34 Safari/537.36","Windows_NT 10.0.26200 x64","AMD Ryzen 7 5800H with Radeon Graphics         ","151.0.7922.34"
"5","naive","3","0","1","0","2026-08-21T23:00:21.071Z","ANGLE (Google, Vulkan 1.3.0 (SwiftShader Device (Subzero) (0x0000C0DE)), SwiftShader driver)","Mozilla/5.0 (Windows NT 10.0; Win64; x64) AppleWebKit/537.36 (KHTML, like Gecko) HeadlessChrome/151.0.7922.34 Safari/537.36","Windows_NT 10.0.26200 x64","AMD Ryzen 7 5800H with Radeon Graphics         ","151.0.7922.34"
"5","naive","4","0","1","0","2026-08-21T23:00:21.071Z","ANGLE (Google, Vulkan 1.3.0 (SwiftShader Device (Subzero) (0x0000C0DE)), SwiftShader driver)","Mozilla/5.0 (Windows NT 10.0; Win64; x64) AppleWebKit/537.36 (KHTML, like Gecko) HeadlessChrome/151.0.7922.34 Safari/537.36","Windows_NT 10.0.26200 x64","AMD Ryzen 7 5800H with Radeon Graphics         ","151.0.7922.34"
"5","naive","5","0","1","0","2026-08-21T23:00:21.071Z","ANGLE (Google, Vulkan 1.3.0 (SwiftShader Device (Subzero) (0x0000C0DE)), SwiftShader driver)","Mozilla/5.0 (Windows NT 10.0; Win64; x64) AppleWebKit/537.36 (KHTML, like Gecko) HeadlessChrome/151.0.7922.34 Safari/537.36","Windows_NT 10.0.26200 x64","AMD Ryzen 7 5800H with Radeon Graphics         ","151.0.7922.34"
"5","naive","6","0","1","0","2026-08-21T23:00:21.071Z","ANGLE (Google, Vulkan 1.3.0 (SwiftShader Device (Subzero) (0x0000C0DE)), SwiftShader driver)","Mozilla/5.0 (Windows NT 10.0; Win64; x64) AppleWebKit/537.36 (KHTML, like Gecko) HeadlessChrome/151.0.7922.34 Safari/537.36","Windows_NT 10.0.26200 x64","AMD Ryzen 7 5800H with Radeon Graphics         ","151.0.7922.34"
"5","naive","7","0","1","0","2026-08-21T23:00:21.071Z","ANGLE (Google, Vulkan 1.3.0 (SwiftShader Device (Subzero) (0x0000C0DE)), SwiftShader driver)","Mozilla/5.0 (Windows NT 10.0; Win64; x64) AppleWebKit/537.36 (KHTML, like Gecko) HeadlessChrome/151.0.7922.34 Safari/537.36","Windows_NT 10.0.26200 x64","AMD Ryzen 7 5800H with Radeon Graphics         ","151.0.7922.34"
"5","naive","8","0","1","0","2026-08-21T23:00:21.071Z","ANGLE (Google, Vulkan 1.3.0 (SwiftShader Device (Subzero) (0x0000C0DE)), SwiftShader driver)","Mozilla/5.0 (Windows NT 10.0; Win64; x64) AppleWebKit/537.36 (KHTML, like Gecko) HeadlessChrome/151.0.7922.34 Safari/537.36","Windows_NT 10.0.26200 x64","AMD Ryzen 7 5800H with Radeon Graphics         ","151.0.7922.34"
"5","naive","9","0","1","0","2026-08-21T23:00:21.071Z","ANGLE (Google, Vulkan 1.3.0 (SwiftShader Device (Subzero) (0x0000C0DE)), SwiftShader driver)","Mozilla/5.0 (Windows NT 10.0; Win64; x64) AppleWebKit/537.36 (KHTML, like Gecko) HeadlessChrome/151.0.7922.34 Safari/537.36","Windows_NT 10.0.26200 x64","AMD Ryzen 7 5800H with Radeon Graphics         ","151.0.7922.34"
"5","naive","10","0","1","0","2026-08-21T23:00:21.071Z","ANGLE (Google, Vulkan 1.3.0 (SwiftShader Device (Subzero) (0x0000C0DE)), SwiftShader driver)","Mozilla/5.0 (Windows NT 10.0; Win64; x64) AppleWebKit/537.36 (KHTML, like Gecko) HeadlessChrome/151.0.7922.34 Safari/537.36","Windows_NT 10.0.26200 x64","AMD Ryzen 7 5800H with Radeon Graphics         ","151.0.7922.34"
"5","naive","11","0","1","0","2026-08-21T23:00:21.071Z","ANGLE (Google, Vulkan 1.3.0 (SwiftShader Device (Subzero) (0x0000C0DE)), SwiftShader driver)","Mozilla/5.0 (Windows NT 10.0; Win64; x64) AppleWebKit/537.36 (KHTML, like Gecko) HeadlessChrome/151.0.7922.34 Safari/537.36","Windows_NT 10.0.26200 x64","AMD Ryzen 7 5800H with Radeon Graphics         ","151.0.7922.34"
"5","naive","12","0","1","0","2026-08-21T23:00:21.071Z","ANGLE (Google, Vulkan 1.3.0 (SwiftShader Device (Subzero) (0x0000C0DE)), SwiftShader driver)","Mozilla/5.0 (Windows NT 10.0; Win64; x64) AppleWebKit/537.36 (KHTML, like Gecko) HeadlessChrome/151.0.7922.34 Safari/537.36","Windows_NT 10.0.26200 x64","AMD Ryzen 7 5800H with Radeon Graphics         ","151.0.7922.34"
"5","naive","13","0","1","0","2026-08-21T23:00:21.071Z","ANGLE (Google, Vulkan 1.3.0 (SwiftShader Device (Subzero) (0x0000C0DE)), SwiftShader driver)","Mozilla/5.0 (Windows NT 10.0; Win64; x64) AppleWebKit/537.36 (KHTML, like Gecko) HeadlessChrome/151.0.7922.34 Safari/537.36","Windows_NT 10.0.26200 x64","AMD Ryzen 7 5800H with Radeon Graphics         ","151.0.7922.34"
"5","naive","14","0","1","0","2026-08-21T23:00:21.071Z","ANGLE (Google, Vulkan 1.3.0 (SwiftShader Device (Subzero) (0x0000C0DE)), SwiftShader driver)","Mozilla/5.0 (Windows NT 10.0; Win64; x64) AppleWebKit/537.36 (KHTML, like Gecko) HeadlessChrome/151.0.7922.34 Safari/537.36","Windows_NT 10.0.26200 x64","AMD Ryzen 7 5800H with Radeon Graphics         ","151.0.7922.34"
"5","naive","15","0","1","0","2026-08-21T23:00:21.071Z","ANGLE (Google, Vulkan 1.3.0 (SwiftShader Device (Subzero) (0x0000C0DE)), SwiftShader driver)","Mozilla/5.0 (Windows NT 10.0; Win64; x64) AppleWebKit/537.36 (KHTML, like Gecko) HeadlessChrome/151.0.7922.34 Safari/537.36","Windows_NT 10.0.26200 x64","AMD Ryzen 7 5800H with Radeon Graphics         ","151.0.7922.34"
"5","naive","16","0","1","0","2026-08-21T23:00:21.071Z","ANGLE (Google, Vulkan 1.3.0 (SwiftShader Device (Subzero) (0x0000C0DE)), SwiftShader driver)","Mozilla/5.0 (Windows NT 10.0; Win64; x64) AppleWebKit/537.36 (KHTML, like Gecko) HeadlessChrome/151.0.7922.34 Safari/537.36","Windows_NT 10.0.26200 x64","AMD Ryzen 7 5800H with Radeon Graphics         ","151.0.7922.34"
"5","naive","17","0","1","0","2026-08-21T23:00:21.071Z","ANGLE (Google, Vulkan 1.3.0 (SwiftShader Device (Subzero) (0x0000C0DE)), SwiftShader driver)","Mozilla/5.0 (Windows NT 10.0; Win64; x64) AppleWebKit/537.36 (KHTML, like Gecko) HeadlessChrome/151.0.7922.34 Safari/537.36","Windows_NT 10.0.26200 x64","AMD Ryzen 7 5800H with Radeon Graphics         ","151.0.7922.34"
"5","naive","18","0","1","0","2026-08-21T23:00:21.071Z","ANGLE (Google, Vulkan 1.3.0 (SwiftShader Device (Subzero) (0x0000C0DE)), SwiftShader driver)","Mozilla/5.0 (Windows NT 10.0; Win64; x64) AppleWebKit/537.36 (KHTML, like Gecko) HeadlessChrome/151.0.7922.34 Safari/537.36","Windows_NT 10.0.26200 x64","AMD Ryzen 7 5800H with Radeon Graphics         ","151.0.7922.34"
"5","naive","19","0","1","0","2026-08-21T23:00:21.071Z","ANGLE (Google, Vulkan 1.3.0 (SwiftShader Device (Subzero) (0x0000C0DE)), SwiftShader driver)","Mozilla/5.0 (Windows NT 10.0; Win64; x64) AppleWebKit/537.36 (KHTML, like Gecko) HeadlessChrome/151.0.7922.34 Safari/537.36","Windows_NT 10.0.26200 x64","AMD Ryzen 7 5800H with Radeon Graphics         ","151.0.7922.34"
"5","naive","20","0","1","0","2026-08-21T23:00:21.071Z","ANGLE (Google, Vulkan 1.3.0 (SwiftShader Device (Subzero) (0x0000C0DE)), SwiftShader driver)","Mozilla/5.0 (Windows NT 10.0; Win64; x64) AppleWebKit/537.36 (KHTML, like Gecko) HeadlessChrome/151.0.7922.34 Safari/537.36","Windows_NT 10.0.26200 x64","AMD Ryzen 7 5800H with Radeon Graphics         ","151.0.7922.34"
"5","naive","21","0","1","0","2026-08-21T23:00:21.071Z","ANGLE (Google, Vulkan 1.3.0 (SwiftShader Device (Subzero) (0x0000C0DE)), SwiftShader driver)","Mozilla/5.0 (Windows NT 10.0; Win64; x64) AppleWebKit/537.36 (KHTML, like Gecko) HeadlessChrome/151.0.7922.34 Safari/537.36","Windows_NT 10.0.26200 x64","AMD Ryzen 7 5800H with Radeon Graphics         ","151.0.7922.34"
"5","naive","22","0","1","0","2026-08-21T23:00:21.071Z","ANGLE (Google, Vulkan 1.3.0 (SwiftShader Device (Subzero) (0x0000C0DE)), SwiftShader driver)","Mozilla/5.0 (Windows NT 10.0; Win64; x64) AppleWebKit/537.36 (KHTML, like Gecko) HeadlessChrome/151.0.7922.34 Safari/537.36","Windows_NT 10.0.26200 x64","AMD Ryzen 7 5800H with Radeon Graphics         ","151.0.7922.34"
"5","naive","23","0","1","0","2026-08-21T23:00:21.071Z","ANGLE (Google, Vulkan 1.3.0 (SwiftShader Device (Subzero) (0x0000C0DE)), SwiftShader driver)","Mozilla/5.0 (Windows NT 10.0; Win64; x64) AppleWebKit/537.36 (KHTML, like Gecko) HeadlessChrome/151.0.7922.34 Safari/537.36","Windows_NT 10.0.26200 x64","AMD Ryzen 7 5800H with Radeon Graphics         ","151.0.7922.34"
"5","naive","24","0","1","0","2026-08-21T23:00:21.071Z","ANGLE (Google, Vulkan 1.3.0 (SwiftShader Device (Subzero) (0x0000C0DE)), SwiftShader driver)","Mozilla/5.0 (Windows NT 10.0; Win64; x64) AppleWebKit/537.36 (KHTML, like Gecko) HeadlessChrome/151.0.7922.34 Safari/537.36","Windows_NT 10.0.26200 x64","AMD Ryzen 7 5800H with Radeon Graphics         ","151.0.7922.34"
"5","naive","25","0","1","0","2026-08-21T23:00:21.071Z","ANGLE (Google, Vulkan 1.3.0 (SwiftShader Device (Subzero) (0x0000C0DE)), SwiftShader driver)","Mozilla/5.0 (Windows NT 10.0; Win64; x64) AppleWebKit/537.36 (KHTML, like Gecko) HeadlessChrome/151.0.7922.34 Safari/537.36","Windows_NT 10.0.26200 x64","AMD Ryzen 7 5800H with Radeon Graphics         ","151.0.7922.34"
"5","naive","26","0","1","0","2026-08-21T23:00:21.071Z","ANGLE (Google, Vulkan 1.3.0 (SwiftShader Device (Subzero) (0x0000C0DE)), SwiftShader driver)","Mozilla/5.0 (Windows NT 10.0; Win64; x64) AppleWebKit/537.36 (KHTML, like Gecko) HeadlessChrome/151.0.7922.34 Safari/537.36","Windows_NT 10.0.26200 x64","AMD Ryzen 7 5800H with Radeon Graphics         ","151.0.7922.34"
"5","naive","27","0","1","0","2026-08-21T23:00:21.071Z","ANGLE (Google, Vulkan 1.3.0 (SwiftShader Device (Subzero) (0x0000C0DE)), SwiftShader driver)","Mozilla/5.0 (Windows NT 10.0; Win64; x64) AppleWebKit/537.36 (KHTML, like Gecko) HeadlessChrome/151.0.7922.34 Safari/537.36","Windows_NT 10.0.26200 x64","AMD Ryzen 7 5800H with Radeon Graphics         ","151.0.7922.34"
"5","naive","28","0","1","0","2026-08-21T23:00:21.071Z","ANGLE (Google, Vulkan 1.3.0 (SwiftShader Device (Subzero) (0x0000C0DE)), SwiftShader driver)","Mozilla/5.0 (Windows NT 10.0; Win64; x64) AppleWebKit/537.36 (KHTML, like Gecko) HeadlessChrome/151.0.7922.34 Safari/537.36","Windows_NT 10.0.26200 x64","AMD Ryzen 7 5800H with Radeon Graphics         ","151.0.7922.34"
"5","naive","29","0","1","0","2026-08-21T23:00:21.071Z","ANGLE (Google, Vulkan 1.3.0 (SwiftShader Device (Subzero) (0x0000C0DE)), SwiftShader driver)","Mozilla/5.0 (Windows NT 10.0; Win64; x64) AppleWebKit/537.36 (KHTML, like Gecko) HeadlessChrome/151.0.7922.34 Safari/537.36","Windows_NT 10.0.26200 x64","AMD Ryzen 7 5800H with Radeon Graphics         ","151.0.7922.34"
"5","naive","30","0","1","0","2026-08-21T23:00:21.071Z","ANGLE (Google, Vulkan 1.3.0 (SwiftShader Device (Subzero) (0x0000C0DE)), SwiftShader driver)","Mozilla/5.0 (Windows NT 10.0; Win64; x64) AppleWebKit/537.36 (KHTML, like Gecko) HeadlessChrome/151.0.7922.34 Safari/537.36","Windows_NT 10.0.26200 x64","AMD Ryzen 7 5800H with Radeon Graphics         ","151.0.7922.34"
"5","naive","31","0","1","0","2026-08-21T23:00:21.071Z","ANGLE (Google, Vulkan 1.3.0 (SwiftShader Device (Subzero) (0x0000C0DE)), SwiftShader driver)","Mozilla/5.0 (Windows NT 10.0; Win64; x64) AppleWebKit/537.36 (KHTML, like Gecko) HeadlessChrome/151.0.7922.34 Safari/537.36","Windows_NT 10.0.26200 x64","AMD Ryzen 7 5800H with Radeon Graphics         ","151.0.7922.34"
"5","naive","32","0","1","0","2026-08-21T23:00:21.071Z","ANGLE (Google, Vulkan 1.3.0 (SwiftShader Device (Subzero) (0x0000C0DE)), SwiftShader driver)","Mozilla/5.0 (Windows NT 10.0; Win64; x64) AppleWebKit/537.36 (KHTML, like Gecko) HeadlessChrome/151.0.7922.34 Safari/537.36","Windows_NT 10.0.26200 x64","AMD Ryzen 7 5800H with Radeon Graphics         ","151.0.7922.34"
"5","naive","33","0","1","0","2026-08-21T23:00:21.071Z","ANGLE (Google, Vulkan 1.3.0 (SwiftShader Device (Subzero) (0x0000C0DE)), SwiftShader driver)","Mozilla/5.0 (Windows NT 10.0; Win64; x64) AppleWebKit/537.36 (KHTML, like Gecko) HeadlessChrome/151.0.7922.34 Safari/537.36","Windows_NT 10.0.26200 x64","AMD Ryzen 7 5800H with Radeon Graphics         ","151.0.7922.34"
"5","naive","34","0","1","0","2026-08-21T23:00:21.071Z","ANGLE (Google, Vulkan 1.3.0 (SwiftShader Device (Subzero) (0x0000C0DE)), SwiftShader driver)","Mozilla/5.0 (Windows NT 10.0; Win64; x64) AppleWebKit/537.36 (KHTML, like Gecko) HeadlessChrome/151.0.7922.34 Safari/537.36","Windows_NT 10.0.26200 x64","AMD Ryzen 7 5800H with Radeon Graphics         ","151.0.7922.34"
"5","naive","35","0","1","0","2026-08-21T23:00:21.071Z","ANGLE (Google, Vulkan 1.3.0 (SwiftShader Device (Subzero) (0x0000C0DE)), SwiftShader driver)","Mozilla/5.0 (Windows NT 10.0; Win64; x64) AppleWebKit/537.36 (KHTML, like Gecko) HeadlessChrome/151.0.7922.34 Safari/537.36","Windows_NT 10.0.26200 x64","AMD Ryzen 7 5800H with Radeon Graphics         ","151.0.7922.34"
"5","naive","36","0","1","0","2026-08-21T23:00:21.071Z","ANGLE (Google, Vulkan 1.3.0 (SwiftShader Device (Subzero) (0x0000C0DE)), SwiftShader driver)","Mozilla/5.0 (Windows NT 10.0; Win64; x64) AppleWebKit/537.36 (KHTML, like Gecko) HeadlessChrome/151.0.7922.34 Safari/537.36","Windows_NT 10.0.26200 x64","AMD Ryzen 7 5800H with Radeon Graphics         ","151.0.7922.34"
"5","naive","37","0","1","0","2026-08-21T23:00:21.071Z","ANGLE (Google, Vulkan 1.3.0 (SwiftShader Device (Subzero) (0x0000C0DE)), SwiftShader driver)","Mozilla/5.0 (Windows NT 10.0; Win64; x64) AppleWebKit/537.36 (KHTML, like Gecko) HeadlessChrome/151.0.7922.34 Safari/537.36","Windows_NT 10.0.26200 x64","AMD Ryzen 7 5800H with Radeon Graphics         ","151.0.7922.34"
"5","naive","38","0","1","0","2026-08-21T23:00:21.071Z","ANGLE (Google, Vulkan 1.3.0 (SwiftShader Device (Subzero) (0x0000C0DE)), SwiftShader driver)","Mozilla/5.0 (Windows NT 10.0; Win64; x64) AppleWebKit/537.36 (KHTML, like Gecko) HeadlessChrome/151.0.7922.34 Safari/537.36","Windows_NT 10.0.26200 x64","AMD Ryzen 7 5800H with Radeon Graphics         ","151.0.7922.34"
"5","naive","39","0","1","0","2026-08-21T23:00:21.071Z","ANGLE (Google, Vulkan 1.3.0 (SwiftShader Device (Subzero) (0x0000C0DE)), SwiftShader driver)","Mozilla/5.0 (Windows NT 10.0; Win64; x64) AppleWebKit/537.36 (KHTML, like Gecko) HeadlessChrome/151.0.7922.34 Safari/537.36","Windows_NT 10.0.26200 x64","AMD Ryzen 7 5800H with Radeon Graphics         ","151.0.7922.34"
"5","naive","40","0","1","0","2026-08-21T23:00:21.071Z","ANGLE (Google, Vulkan 1.3.0 (SwiftShader Device (Subzero) (0x0000C0DE)), SwiftShader driver)","Mozilla/5.0 (Windows NT 10.0; Win64; x64) AppleWebKit/537.36 (KHTML, like Gecko) HeadlessChrome/151.0.7922.34 Safari/537.36","Windows_NT 10.0.26200 x64","AMD Ryzen 7 5800H with Radeon Graphics         ","151.0.7922.34"
"5","naive","41","0","1","0","2026-08-21T23:00:21.071Z","ANGLE (Google, Vulkan 1.3.0 (SwiftShader Device (Subzero) (0x0000C0DE)), SwiftShader driver)","Mozilla/5.0 (Windows NT 10.0; Win64; x64) AppleWebKit/537.36 (KHTML, like Gecko) HeadlessChrome/151.0.7922.34 Safari/537.36","Windows_NT 10.0.26200 x64","AMD Ryzen 7 5800H with Radeon Graphics         ","151.0.7922.34"
"5","naive","42","0","1","0","2026-08-21T23:00:21.071Z","ANGLE (Google, Vulkan 1.3.0 (SwiftShader Device (Subzero) (0x0000C0DE)), SwiftShader driver)","Mozilla/5.0 (Windows NT 10.0; Win64; x64) AppleWebKit/537.36 (KHTML, like Gecko) HeadlessChrome/151.0.7922.34 Safari/537.36","Windows_NT 10.0.26200 x64","AMD Ryzen 7 5800H with Radeon Graphics         ","151.0.7922.34"
"5","naive","43","0","1","0","2026-08-21T23:00:21.071Z","ANGLE (Google, Vulkan 1.3.0 (SwiftShader Device (Subzero) (0x0000C0DE)), SwiftShader driver)","Mozilla/5.0 (Windows NT 10.0; Win64; x64) AppleWebKit/537.36 (KHTML, like Gecko) HeadlessChrome/151.0.7922.34 Safari/537.36","Windows_NT 10.0.26200 x64","AMD Ryzen 7 5800H with Radeon Graphics         ","151.0.7922.34"
"5","naive","44","0","1","0","2026-08-21T23:00:21.071Z","ANGLE (Google, Vulkan 1.3.0 (SwiftShader Device (Subzero) (0x0000C0DE)), SwiftShader driver)","Mozilla/5.0 (Windows NT 10.0; Win64; x64) AppleWebKit/537.36 (KHTML, like Gecko) HeadlessChrome/151.0.7922.34 Safari/537.36","Windows_NT 10.0.26200 x64","AMD Ryzen 7 5800H with Radeon Graphics         ","151.0.7922.34"
"5","naive","45","0","1","0","2026-08-21T23:00:21.071Z","ANGLE (Google, Vulkan 1.3.0 (SwiftShader Device (Subzero) (0x0000C0DE)), SwiftShader driver)","Mozilla/5.0 (Windows NT 10.0; Win64; x64) AppleWebKit/537.36 (KHTML, like Gecko) HeadlessChrome/151.0.7922.34 Safari/537.36","Windows_NT 10.0.26200 x64","AMD Ryzen 7 5800H with Radeon Graphics         ","151.0.7922.34"
"5","naive","46","0","1","0","2026-08-21T23:00:21.071Z","ANGLE (Google, Vulkan 1.3.0 (SwiftShader Device (Subzero) (0x0000C0DE)), SwiftShader driver)","Mozilla/5.0 (Windows NT 10.0; Win64; x64) AppleWebKit/537.36 (KHTML, like Gecko) HeadlessChrome/151.0.7922.34 Safari/537.36","Windows_NT 10.0.26200 x64","AMD Ryzen 7 5800H with Radeon Graphics         ","151.0.7922.34"
"5","naive","47","0","1","0","2026-08-21T23:00:21.071Z","ANGLE (Google, Vulkan 1.3.0 (SwiftShader Device (Subzero) (0x0000C0DE)), SwiftShader driver)","Mozilla/5.0 (Windows NT 10.0; Win64; x64) AppleWebKit/537.36 (KHTML, like Gecko) HeadlessChrome/151.0.7922.34 Safari/537.36","Windows_NT 10.0.26200 x64","AMD Ryzen 7 5800H with Radeon Graphics         ","151.0.7922.34"
"5","naive","48","0","1","0","2026-08-21T23:00:21.071Z","ANGLE (Google, Vulkan 1.3.0 (SwiftShader Device (Subzero) (0x0000C0DE)), SwiftShader driver)","Mozilla/5.0 (Windows NT 10.0; Win64; x64) AppleWebKit/537.36 (KHTML, like Gecko) HeadlessChrome/151.0.7922.34 Safari/537.36","Windows_NT 10.0.26200 x64","AMD Ryzen 7 5800H with Radeon Graphics         ","151.0.7922.34"
"5","naive","49","0","1","0","2026-08-21T23:00:21.071Z","ANGLE (Google, Vulkan 1.3.0 (SwiftShader Device (Subzero) (0x0000C0DE)), SwiftShader driver)","Mozilla/5.0 (Windows NT 10.0; Win64; x64) AppleWebKit/537.36 (KHTML, like Gecko) HeadlessChrome/151.0.7922.34 Safari/537.36","Windows_NT 10.0.26200 x64","AMD Ryzen 7 5800H with Radeon Graphics         ","151.0.7922.34"
"5","naive","50","0","1","0","2026-08-21T23:00:21.071Z","ANGLE (Google, Vulkan 1.3.0 (SwiftShader Device (Subzero) (0x0000C0DE)), SwiftShader driver)","Mozilla/5.0 (Windows NT 10.0; Win64; x64) AppleWebKit/537.36 (KHTML, like Gecko) HeadlessChrome/151.0.7922.34 Safari/537.36","Windows_NT 10.0.26200 x64","AMD Ryzen 7 5800H with Radeon Graphics         ","151.0.7922.34"
"5","native","1","0","1","0","2026-08-21T23:00:21.071Z","ANGLE (Google, Vulkan 1.3.0 (SwiftShader Device (Subzero) (0x0000C0DE)), SwiftShader driver)","Mozilla/5.0 (Windows NT 10.0; Win64; x64) AppleWebKit/537.36 (KHTML, like Gecko) HeadlessChrome/151.0.7922.34 Safari/537.36","Windows_NT 10.0.26200 x64","AMD Ryzen 7 5800H with Radeon Graphics         ","151.0.7922.34"
"5","native","2","0","1","0","2026-08-21T23:00:21.071Z","ANGLE (Google, Vulkan 1.3.0 (SwiftShader Device (Subzero) (0x0000C0DE)), SwiftShader driver)","Mozilla/5.0 (Windows NT 10.0; Win64; x64) AppleWebKit/537.36 (KHTML, like Gecko) HeadlessChrome/151.0.7922.34 Safari/537.36","Windows_NT 10.0.26200 x64","AMD Ryzen 7 5800H with Radeon Graphics         ","151.0.7922.34"
"5","native","3","0","1","0","2026-08-21T23:00:21.071Z","ANGLE (Google, Vulkan 1.3.0 (SwiftShader Device (Subzero) (0x0000C0DE)), SwiftShader driver)","Mozilla/5.0 (Windows NT 10.0; Win64; x64) AppleWebKit/537.36 (KHTML, like Gecko) HeadlessChrome/151.0.7922.34 Safari/537.36","Windows_NT 10.0.26200 x64","AMD Ryzen 7 5800H with Radeon Graphics         ","151.0.7922.34"
"5","native","4","0","1","0","2026-08-21T23:00:21.071Z","ANGLE (Google, Vulkan 1.3.0 (SwiftShader Device (Subzero) (0x0000C0DE)), SwiftShader driver)","Mozilla/5.0 (Windows NT 10.0; Win64; x64) AppleWebKit/537.36 (KHTML, like Gecko) HeadlessChrome/151.0.7922.34 Safari/537.36","Windows_NT 10.0.26200 x64","AMD Ryzen 7 5800H with Radeon Graphics         ","151.0.7922.34"
"5","native","5","0","1","0","2026-08-21T23:00:21.071Z","ANGLE (Google, Vulkan 1.3.0 (SwiftShader Device (Subzero) (0x0000C0DE)), SwiftShader driver)","Mozilla/5.0 (Windows NT 10.0; Win64; x64) AppleWebKit/537.36 (KHTML, like Gecko) HeadlessChrome/151.0.7922.34 Safari/537.36","Windows_NT 10.0.26200 x64","AMD Ryzen 7 5800H with Radeon Graphics         ","151.0.7922.34"
"5","native","6","0","1","0","2026-08-21T23:00:21.071Z","ANGLE (Google, Vulkan 1.3.0 (SwiftShader Device (Subzero) (0x0000C0DE)), SwiftShader driver)","Mozilla/5.0 (Windows NT 10.0; Win64; x64) AppleWebKit/537.36 (KHTML, like Gecko) HeadlessChrome/151.0.7922.34 Safari/537.36","Windows_NT 10.0.26200 x64","AMD Ryzen 7 5800H with Radeon Graphics         ","151.0.7922.34"
"5","native","7","0","1","0","2026-08-21T23:00:21.071Z","ANGLE (Google, Vulkan 1.3.0 (SwiftShader Device (Subzero) (0x0000C0DE)), SwiftShader driver)","Mozilla/5.0 (Windows NT 10.0; Win64; x64) AppleWebKit/537.36 (KHTML, like Gecko) HeadlessChrome/151.0.7922.34 Safari/537.36","Windows_NT 10.0.26200 x64","AMD Ryzen 7 5800H with Radeon Graphics         ","151.0.7922.34"
"5","native","8","0","1","0","2026-08-21T23:00:21.071Z","ANGLE (Google, Vulkan 1.3.0 (SwiftShader Device (Subzero) (0x0000C0DE)), SwiftShader driver)","Mozilla/5.0 (Windows NT 10.0; Win64; x64) AppleWebKit/537.36 (KHTML, like Gecko) HeadlessChrome/151.0.7922.34 Safari/537.36","Windows_NT 10.0.26200 x64","AMD Ryzen 7 5800H with Radeon Graphics         ","151.0.7922.34"
"5","native","9","0","1","0","2026-08-21T23:00:21.071Z","ANGLE (Google, Vulkan 1.3.0 (SwiftShader Device (Subzero) (0x0000C0DE)), SwiftShader driver)","Mozilla/5.0 (Windows NT 10.0; Win64; x64) AppleWebKit/537.36 (KHTML, like Gecko) HeadlessChrome/151.0.7922.34 Safari/537.36","Windows_NT 10.0.26200 x64","AMD Ryzen 7 5800H with Radeon Graphics         ","151.0.7922.34"
"5","native","10","0","1","0","2026-08-21T23:00:21.071Z","ANGLE (Google, Vulkan 1.3.0 (SwiftShader Device (Subzero) (0x0000C0DE)), SwiftShader driver)","Mozilla/5.0 (Windows NT 10.0; Win64; x64) AppleWebKit/537.36 (KHTML, like Gecko) HeadlessChrome/151.0.7922.34 Safari/537.36","Windows_NT 10.0.26200 x64","AMD Ryzen 7 5800H with Radeon Graphics         ","151.0.7922.34"
"5","native","11","0","1","0","2026-08-21T23:00:21.071Z","ANGLE (Google, Vulkan 1.3.0 (SwiftShader Device (Subzero) (0x0000C0DE)), SwiftShader driver)","Mozilla/5.0 (Windows NT 10.0; Win64; x64) AppleWebKit/537.36 (KHTML, like Gecko) HeadlessChrome/151.0.7922.34 Safari/537.36","Windows_NT 10.0.26200 x64","AMD Ryzen 7 5800H with Radeon Graphics         ","151.0.7922.34"
"5","native","12","0","1","0","2026-08-21T23:00:21.071Z","ANGLE (Google, Vulkan 1.3.0 (SwiftShader Device (Subzero) (0x0000C0DE)), SwiftShader driver)","Mozilla/5.0 (Windows NT 10.0; Win64; x64) AppleWebKit/537.36 (KHTML, like Gecko) HeadlessChrome/151.0.7922.34 Safari/537.36","Windows_NT 10.0.26200 x64","AMD Ryzen 7 5800H with Radeon Graphics         ","151.0.7922.34"
"5","native","13","0","1","0","2026-08-21T23:00:21.071Z","ANGLE (Google, Vulkan 1.3.0 (SwiftShader Device (Subzero) (0x0000C0DE)), SwiftShader driver)","Mozilla/5.0 (Windows NT 10.0; Win64; x64) AppleWebKit/537.36 (KHTML, like Gecko) HeadlessChrome/151.0.7922.34 Safari/537.36","Windows_NT 10.0.26200 x64","AMD Ryzen 7 5800H with Radeon Graphics         ","151.0.7922.34"
"5","native","14","0","1","0","2026-08-21T23:00:21.071Z","ANGLE (Google, Vulkan 1.3.0 (SwiftShader Device (Subzero) (0x0000C0DE)), SwiftShader driver)","Mozilla/5.0 (Windows NT 10.0; Win64; x64) AppleWebKit/537.36 (KHTML, like Gecko) HeadlessChrome/151.0.7922.34 Safari/537.36","Windows_NT 10.0.26200 x64","AMD Ryzen 7 5800H with Radeon Graphics         ","151.0.7922.34"
"5","native","15","0","1","0","2026-08-21T23:00:21.071Z","ANGLE (Google, Vulkan 1.3.0 (SwiftShader Device (Subzero) (0x0000C0DE)), SwiftShader driver)","Mozilla/5.0 (Windows NT 10.0; Win64; x64) AppleWebKit/537.36 (KHTML, like Gecko) HeadlessChrome/151.0.7922.34 Safari/537.36","Windows_NT 10.0.26200 x64","AMD Ryzen 7 5800H with Radeon Graphics         ","151.0.7922.34"
"5","native","16","0","1","0","2026-08-21T23:00:21.071Z","ANGLE (Google, Vulkan 1.3.0 (SwiftShader Device (Subzero) (0x0000C0DE)), SwiftShader driver)","Mozilla/5.0 (Windows NT 10.0; Win64; x64) AppleWebKit/537.36 (KHTML, like Gecko) HeadlessChrome/151.0.7922.34 Safari/537.36","Windows_NT 10.0.26200 x64","AMD Ryzen 7 5800H with Radeon Graphics         ","151.0.7922.34"
"5","native","17","0","1","0","2026-08-21T23:00:21.071Z","ANGLE (Google, Vulkan 1.3.0 (SwiftShader Device (Subzero) (0x0000C0DE)), SwiftShader driver)","Mozilla/5.0 (Windows NT 10.0; Win64; x64) AppleWebKit/537.36 (KHTML, like Gecko) HeadlessChrome/151.0.7922.34 Safari/537.36","Windows_NT 10.0.26200 x64","AMD Ryzen 7 5800H with Radeon Graphics         ","151.0.7922.34"
"5","native","18","0","1","0","2026-08-21T23:00:21.071Z","ANGLE (Google, Vulkan 1.3.0 (SwiftShader Device (Subzero) (0x0000C0DE)), SwiftShader driver)","Mozilla/5.0 (Windows NT 10.0; Win64; x64) AppleWebKit/537.36 (KHTML, like Gecko) HeadlessChrome/151.0.7922.34 Safari/537.36","Windows_NT 10.0.26200 x64","AMD Ryzen 7 5800H with Radeon Graphics         ","151.0.7922.34"
"5","native","19","0","1","0","2026-08-21T23:00:21.071Z","ANGLE (Google, Vulkan 1.3.0 (SwiftShader Device (Subzero) (0x0000C0DE)), SwiftShader driver)","Mozilla/5.0 (Windows NT 10.0; Win64; x64) AppleWebKit/537.36 (KHTML, like Gecko) HeadlessChrome/151.0.7922.34 Safari/537.36","Windows_NT 10.0.26200 x64","AMD Ryzen 7 5800H with Radeon Graphics         ","151.0.7922.34"
"5","native","20","0","1","0","2026-08-21T23:00:21.071Z","ANGLE (Google, Vulkan 1.3.0 (SwiftShader Device (Subzero) (0x0000C0DE)), SwiftShader driver)","Mozilla/5.0 (Windows NT 10.0; Win64; x64) AppleWebKit/537.36 (KHTML, like Gecko) HeadlessChrome/151.0.7922.34 Safari/537.36","Windows_NT 10.0.26200 x64","AMD Ryzen 7 5800H with Radeon Graphics         ","151.0.7922.34"
"5","native","21","0","1","0","2026-08-21T23:00:21.071Z","ANGLE (Google, Vulkan 1.3.0 (SwiftShader Device (Subzero) (0x0000C0DE)), SwiftShader driver)","Mozilla/5.0 (Windows NT 10.0; Win64; x64) AppleWebKit/537.36 (KHTML, like Gecko) HeadlessChrome/151.0.7922.34 Safari/537.36","Windows_NT 10.0.26200 x64","AMD Ryzen 7 5800H with Radeon Graphics         ","151.0.7922.34"
"5","native","22","0","1","0","2026-08-21T23:00:21.071Z","ANGLE (Google, Vulkan 1.3.0 (SwiftShader Device (Subzero) (0x0000C0DE)), SwiftShader driver)","Mozilla/5.0 (Windows NT 10.0; Win64; x64) AppleWebKit/537.36 (KHTML, like Gecko) HeadlessChrome/151.0.7922.34 Safari/537.36","Windows_NT 10.0.26200 x64","AMD Ryzen 7 5800H with Radeon Graphics         ","151.0.7922.34"
"5","native","23","0","1","0","2026-08-21T23:00:21.071Z","ANGLE (Google, Vulkan 1.3.0 (SwiftShader Device (Subzero) (0x0000C0DE)), SwiftShader driver)","Mozilla/5.0 (Windows NT 10.0; Win64; x64) AppleWebKit/537.36 (KHTML, like Gecko) HeadlessChrome/151.0.7922.34 Safari/537.36","Windows_NT 10.0.26200 x64","AMD Ryzen 7 5800H with Radeon Graphics         ","151.0.7922.34"
"5","native","24","0","1","0","2026-08-21T23:00:21.071Z","ANGLE (Google, Vulkan 1.3.0 (SwiftShader Device (Subzero) (0x0000C0DE)), SwiftShader driver)","Mozilla/5.0 (Windows NT 10.0; Win64; x64) AppleWebKit/537.36 (KHTML, like Gecko) HeadlessChrome/151.0.7922.34 Safari/537.36","Windows_NT 10.0.26200 x64","AMD Ryzen 7 5800H with Radeon Graphics         ","151.0.7922.34"
"5","native","25","0","1","0","2026-08-21T23:00:21.071Z","ANGLE (Google, Vulkan 1.3.0 (SwiftShader Device (Subzero) (0x0000C0DE)), SwiftShader driver)","Mozilla/5.0 (Windows NT 10.0; Win64; x64) AppleWebKit/537.36 (KHTML, like Gecko) HeadlessChrome/151.0.7922.34 Safari/537.36","Windows_NT 10.0.26200 x64","AMD Ryzen 7 5800H with Radeon Graphics         ","151.0.7922.34"
"5","native","26","0","1","0","2026-08-21T23:00:21.071Z","ANGLE (Google, Vulkan 1.3.0 (SwiftShader Device (Subzero) (0x0000C0DE)), SwiftShader driver)","Mozilla/5.0 (Windows NT 10.0; Win64; x64) AppleWebKit/537.36 (KHTML, like Gecko) HeadlessChrome/151.0.7922.34 Safari/537.36","Windows_NT 10.0.26200 x64","AMD Ryzen 7 5800H with Radeon Graphics         ","151.0.7922.34"
"5","native","27","0","1","0","2026-08-21T23:00:21.071Z","ANGLE (Google, Vulkan 1.3.0 (SwiftShader Device (Subzero) (0x0000C0DE)), SwiftShader driver)","Mozilla/5.0 (Windows NT 10.0; Win64; x64) AppleWebKit/537.36 (KHTML, like Gecko) HeadlessChrome/151.0.7922.34 Safari/537.36","Windows_NT 10.0.26200 x64","AMD Ryzen 7 5800H with Radeon Graphics         ","151.0.7922.34"
"5","native","28","0","1","0","2026-08-21T23:00:21.071Z","ANGLE (Google, Vulkan 1.3.0 (SwiftShader Device (Subzero) (0x0000C0DE)), SwiftShader driver)","Mozilla/5.0 (Windows NT 10.0; Win64; x64) AppleWebKit/537.36 (KHTML, like Gecko) HeadlessChrome/151.0.7922.34 Safari/537.36","Windows_NT 10.0.26200 x64","AMD Ryzen 7 5800H with Radeon Graphics         ","151.0.7922.34"
"5","native","29","0","1","0","2026-08-21T23:00:21.071Z","ANGLE (Google, Vulkan 1.3.0 (SwiftShader Device (Subzero) (0x0000C0DE)), SwiftShader driver)","Mozilla/5.0 (Windows NT 10.0; Win64; x64) AppleWebKit/537.36 (KHTML, like Gecko) HeadlessChrome/151.0.7922.34 Safari/537.36","Windows_NT 10.0.26200 x64","AMD Ryzen 7 5800H with Radeon Graphics         ","151.0.7922.34"
"5","native","30","0","1","0","2026-08-21T23:00:21.071Z","ANGLE (Google, Vulkan 1.3.0 (SwiftShader Device (Subzero) (0x0000C0DE)), SwiftShader driver)","Mozilla/5.0 (Windows NT 10.0; Win64; x64) AppleWebKit/537.36 (KHTML, like Gecko) HeadlessChrome/151.0.7922.34 Safari/537.36","Windows_NT 10.0.26200 x64","AMD Ryzen 7 5800H with Radeon Graphics         ","151.0.7922.34"
"5","native","31","0","1","0","2026-08-21T23:00:21.071Z","ANGLE (Google, Vulkan 1.3.0 (SwiftShader Device (Subzero) (0x0000C0DE)), SwiftShader driver)","Mozilla/5.0 (Windows NT 10.0; Win64; x64) AppleWebKit/537.36 (KHTML, like Gecko) HeadlessChrome/151.0.7922.34 Safari/537.36","Windows_NT 10.0.26200 x64","AMD Ryzen 7 5800H with Radeon Graphics         ","151.0.7922.34"
"5","native","32","0","1","0","2026-08-21T23:00:21.071Z","ANGLE (Google, Vulkan 1.3.0 (SwiftShader Device (Subzero) (0x0000C0DE)), SwiftShader driver)","Mozilla/5.0 (Windows NT 10.0; Win64; x64) AppleWebKit/537.36 (KHTML, like Gecko) HeadlessChrome/151.0.7922.34 Safari/537.36","Windows_NT 10.0.26200 x64","AMD Ryzen 7 5800H with Radeon Graphics         ","151.0.7922.34"
"5","native","33","0","1","0","2026-08-21T23:00:21.071Z","ANGLE (Google, Vulkan 1.3.0 (SwiftShader Device (Subzero) (0x0000C0DE)), SwiftShader driver)","Mozilla/5.0 (Windows NT 10.0; Win64; x64) AppleWebKit/537.36 (KHTML, like Gecko) HeadlessChrome/151.0.7922.34 Safari/537.36","Windows_NT 10.0.26200 x64","AMD Ryzen 7 5800H with Radeon Graphics         ","151.0.7922.34"
"5","native","34","0","1","0","2026-08-21T23:00:21.071Z","ANGLE (Google, Vulkan 1.3.0 (SwiftShader Device (Subzero) (0x0000C0DE)), SwiftShader driver)","Mozilla/5.0 (Windows NT 10.0; Win64; x64) AppleWebKit/537.36 (KHTML, like Gecko) HeadlessChrome/151.0.7922.34 Safari/537.36","Windows_NT 10.0.26200 x64","AMD Ryzen 7 5800H with Radeon Graphics         ","151.0.7922.34"
"5","native","35","0","1","0","2026-08-21T23:00:21.071Z","ANGLE (Google, Vulkan 1.3.0 (SwiftShader Device (Subzero) (0x0000C0DE)), SwiftShader driver)","Mozilla/5.0 (Windows NT 10.0; Win64; x64) AppleWebKit/537.36 (KHTML, like Gecko) HeadlessChrome/151.0.7922.34 Safari/537.36","Windows_NT 10.0.26200 x64","AMD Ryzen 7 5800H with Radeon Graphics         ","151.0.7922.34"
"5","native","36","0","1","0","2026-08-21T23:00:21.071Z","ANGLE (Google, Vulkan 1.3.0 (SwiftShader Device (Subzero) (0x0000C0DE)), SwiftShader driver)","Mozilla/5.0 (Windows NT 10.0; Win64; x64) AppleWebKit/537.36 (KHTML, like Gecko) HeadlessChrome/151.0.7922.34 Safari/537.36","Windows_NT 10.0.26200 x64","AMD Ryzen 7 5800H with Radeon Graphics         ","151.0.7922.34"
"5","native","37","0","1","0","2026-08-21T23:00:21.071Z","ANGLE (Google, Vulkan 1.3.0 (SwiftShader Device (Subzero) (0x0000C0DE)), SwiftShader driver)","Mozilla/5.0 (Windows NT 10.0; Win64; x64) AppleWebKit/537.36 (KHTML, like Gecko) HeadlessChrome/151.0.7922.34 Safari/537.36","Windows_NT 10.0.26200 x64","AMD Ryzen 7 5800H with Radeon Graphics         ","151.0.7922.34"
"5","native","38","0","1","0","2026-08-21T23:00:21.071Z","ANGLE (Google, Vulkan 1.3.0 (SwiftShader Device (Subzero) (0x0000C0DE)), SwiftShader driver)","Mozilla/5.0 (Windows NT 10.0; Win64; x64) AppleWebKit/537.36 (KHTML, like Gecko) HeadlessChrome/151.0.7922.34 Safari/537.36","Windows_NT 10.0.26200 x64","AMD Ryzen 7 5800H with Radeon Graphics         ","151.0.7922.34"
"5","native","39","0","1","0","2026-08-21T23:00:21.071Z","ANGLE (Google, Vulkan 1.3.0 (SwiftShader Device (Subzero) (0x0000C0DE)), SwiftShader driver)","Mozilla/5.0 (Windows NT 10.0; Win64; x64) AppleWebKit/537.36 (KHTML, like Gecko) HeadlessChrome/151.0.7922.34 Safari/537.36","Windows_NT 10.0.26200 x64","AMD Ryzen 7 5800H with Radeon Graphics         ","151.0.7922.34"
"5","native","40","0","1","0","2026-08-21T23:00:21.071Z","ANGLE (Google, Vulkan 1.3.0 (SwiftShader Device (Subzero) (0x0000C0DE)), SwiftShader driver)","Mozilla/5.0 (Windows NT 10.0; Win64; x64) AppleWebKit/537.36 (KHTML, like Gecko) HeadlessChrome/151.0.7922.34 Safari/537.36","Windows_NT 10.0.26200 x64","AMD Ryzen 7 5800H with Radeon Graphics         ","151.0.7922.34"
"5","native","41","0","1","0","2026-08-21T23:00:21.071Z","ANGLE (Google, Vulkan 1.3.0 (SwiftShader Device (Subzero) (0x0000C0DE)), SwiftShader driver)","Mozilla/5.0 (Windows NT 10.0; Win64; x64) AppleWebKit/537.36 (KHTML, like Gecko) HeadlessChrome/151.0.7922.34 Safari/537.36","Windows_NT 10.0.26200 x64","AMD Ryzen 7 5800H with Radeon Graphics         ","151.0.7922.34"
"5","native","42","0","1","0","2026-08-21T23:00:21.071Z","ANGLE (Google, Vulkan 1.3.0 (SwiftShader Device (Subzero) (0x0000C0DE)), SwiftShader driver)","Mozilla/5.0 (Windows NT 10.0; Win64; x64) AppleWebKit/537.36 (KHTML, like Gecko) HeadlessChrome/151.0.7922.34 Safari/537.36","Windows_NT 10.0.26200 x64","AMD Ryzen 7 5800H with Radeon Graphics         ","151.0.7922.34"
"5","native","43","0","1","0","2026-08-21T23:00:21.071Z","ANGLE (Google, Vulkan 1.3.0 (SwiftShader Device (Subzero) (0x0000C0DE)), SwiftShader driver)","Mozilla/5.0 (Windows NT 10.0; Win64; x64) AppleWebKit/537.36 (KHTML, like Gecko) HeadlessChrome/151.0.7922.34 Safari/537.36","Windows_NT 10.0.26200 x64","AMD Ryzen 7 5800H with Radeon Graphics         ","151.0.7922.34"
"5","native","44","0","1","0","2026-08-21T23:00:21.071Z","ANGLE (Google, Vulkan 1.3.0 (SwiftShader Device (Subzero) (0x0000C0DE)), SwiftShader driver)","Mozilla/5.0 (Windows NT 10.0; Win64; x64) AppleWebKit/537.36 (KHTML, like Gecko) HeadlessChrome/151.0.7922.34 Safari/537.36","Windows_NT 10.0.26200 x64","AMD Ryzen 7 5800H with Radeon Graphics         ","151.0.7922.34"
"5","native","45","0","1","0","2026-08-21T23:00:21.071Z","ANGLE (Google, Vulkan 1.3.0 (SwiftShader Device (Subzero) (0x0000C0DE)), SwiftShader driver)","Mozilla/5.0 (Windows NT 10.0; Win64; x64) AppleWebKit/537.36 (KHTML, like Gecko) HeadlessChrome/151.0.7922.34 Safari/537.36","Windows_NT 10.0.26200 x64","AMD Ryzen 7 5800H with Radeon Graphics         ","151.0.7922.34"
"5","native","46","0","1","0","2026-08-21T23:00:21.071Z","ANGLE (Google, Vulkan 1.3.0 (SwiftShader Device (Subzero) (0x0000C0DE)), SwiftShader driver)","Mozilla/5.0 (Windows NT 10.0; Win64; x64) AppleWebKit/537.36 (KHTML, like Gecko) HeadlessChrome/151.0.7922.34 Safari/537.36","Windows_NT 10.0.26200 x64","AMD Ryzen 7 5800H with Radeon Graphics         ","151.0.7922.34"
"5","native","47","0","1","0","2026-08-21T23:00:21.071Z","ANGLE (Google, Vulkan 1.3.0 (SwiftShader Device (Subzero) (0x0000C0DE)), SwiftShader driver)","Mozilla/5.0 (Windows NT 10.0; Win64; x64) AppleWebKit/537.36 (KHTML, like Gecko) HeadlessChrome/151.0.7922.34 Safari/537.36","Windows_NT 10.0.26200 x64","AMD Ryzen 7 5800H with Radeon Graphics         ","151.0.7922.34"
"5","native","48","0","1","0","2026-08-21T23:00:21.071Z","ANGLE (Google, Vulkan 1.3.0 (SwiftShader Device (Subzero) (0x0000C0DE)), SwiftShader driver)","Mozilla/5.0 (Windows NT 10.0; Win64; x64) AppleWebKit/537.36 (KHTML, like Gecko) HeadlessChrome/151.0.7922.34 Safari/537.36","Windows_NT 10.0.26200 x64","AMD Ryzen 7 5800H with Radeon Graphics         ","151.0.7922.34"
"5","native","49","0","1","0","2026-08-21T23:00:21.071Z","ANGLE (Google, Vulkan 1.3.0 (SwiftShader Device (Subzero) (0x0000C0DE)), SwiftShader driver)","Mozilla/5.0 (Windows NT 10.0; Win64; x64) AppleWebKit/537.36 (KHTML, like Gecko) HeadlessChrome/151.0.7922.34 Safari/537.36","Windows_NT 10.0.26200 x64","AMD Ryzen 7 5800H with Radeon Graphics         ","151.0.7922.34"
"5","native","50","0","1","0","2026-08-21T23:00:21.071Z","ANGLE (Google, Vulkan 1.3.0 (SwiftShader Device (Subzero) (0x0000C0DE)), SwiftShader driver)","Mozilla/5.0 (Windows NT 10.0; Win64; x64) AppleWebKit/537.36 (KHTML, like Gecko) HeadlessChrome/151.0.7922.34 Safari/537.36","Windows_NT 10.0.26200 x64","AMD Ryzen 7 5800H with Radeon Graphics         ","151.0.7922.34"
"5","guarded","1","0","1","0","2026-08-21T23:00:21.071Z","ANGLE (Google, Vulkan 1.3.0 (SwiftShader Device (Subzero) (0x0000C0DE)), SwiftShader driver)","Mozilla/5.0 (Windows NT 10.0; Win64; x64) AppleWebKit/537.36 (KHTML, like Gecko) HeadlessChrome/151.0.7922.34 Safari/537.36","Windows_NT 10.0.26200 x64","AMD Ryzen 7 5800H with Radeon Graphics         ","151.0.7922.34"
"5","guarded","2","0","1","0","2026-08-21T23:00:21.071Z","ANGLE (Google, Vulkan 1.3.0 (SwiftShader Device (Subzero) (0x0000C0DE)), SwiftShader driver)","Mozilla/5.0 (Windows NT 10.0; Win64; x64) AppleWebKit/537.36 (KHTML, like Gecko) HeadlessChrome/151.0.7922.34 Safari/537.36","Windows_NT 10.0.26200 x64","AMD Ryzen 7 5800H with Radeon Graphics         ","151.0.7922.34"
"5","guarded","3","0","1","0","2026-08-21T23:00:21.071Z","ANGLE (Google, Vulkan 1.3.0 (SwiftShader Device (Subzero) (0x0000C0DE)), SwiftShader driver)","Mozilla/5.0 (Windows NT 10.0; Win64; x64) AppleWebKit/537.36 (KHTML, like Gecko) HeadlessChrome/151.0.7922.34 Safari/537.36","Windows_NT 10.0.26200 x64","AMD Ryzen 7 5800H with Radeon Graphics         ","151.0.7922.34"
"5","guarded","4","0","1","0","2026-08-21T23:00:21.071Z","ANGLE (Google, Vulkan 1.3.0 (SwiftShader Device (Subzero) (0x0000C0DE)), SwiftShader driver)","Mozilla/5.0 (Windows NT 10.0; Win64; x64) AppleWebKit/537.36 (KHTML, like Gecko) HeadlessChrome/151.0.7922.34 Safari/537.36","Windows_NT 10.0.26200 x64","AMD Ryzen 7 5800H with Radeon Graphics         ","151.0.7922.34"
"5","guarded","5","0","1","0","2026-08-21T23:00:21.071Z","ANGLE (Google, Vulkan 1.3.0 (SwiftShader Device (Subzero) (0x0000C0DE)), SwiftShader driver)","Mozilla/5.0 (Windows NT 10.0; Win64; x64) AppleWebKit/537.36 (KHTML, like Gecko) HeadlessChrome/151.0.7922.34 Safari/537.36","Windows_NT 10.0.26200 x64","AMD Ryzen 7 5800H with Radeon Graphics         ","151.0.7922.34"
"5","guarded","6","0","1","0","2026-08-21T23:00:21.071Z","ANGLE (Google, Vulkan 1.3.0 (SwiftShader Device (Subzero) (0x0000C0DE)), SwiftShader driver)","Mozilla/5.0 (Windows NT 10.0; Win64; x64) AppleWebKit/537.36 (KHTML, like Gecko) HeadlessChrome/151.0.7922.34 Safari/537.36","Windows_NT 10.0.26200 x64","AMD Ryzen 7 5800H with Radeon Graphics         ","151.0.7922.34"
"5","guarded","7","0","1","0","2026-08-21T23:00:21.071Z","ANGLE (Google, Vulkan 1.3.0 (SwiftShader Device (Subzero) (0x0000C0DE)), SwiftShader driver)","Mozilla/5.0 (Windows NT 10.0; Win64; x64) AppleWebKit/537.36 (KHTML, like Gecko) HeadlessChrome/151.0.7922.34 Safari/537.36","Windows_NT 10.0.26200 x64","AMD Ryzen 7 5800H with Radeon Graphics         ","151.0.7922.34"
"5","guarded","8","0","1","0","2026-08-21T23:00:21.071Z","ANGLE (Google, Vulkan 1.3.0 (SwiftShader Device (Subzero) (0x0000C0DE)), SwiftShader driver)","Mozilla/5.0 (Windows NT 10.0; Win64; x64) AppleWebKit/537.36 (KHTML, like Gecko) HeadlessChrome/151.0.7922.34 Safari/537.36","Windows_NT 10.0.26200 x64","AMD Ryzen 7 5800H with Radeon Graphics         ","151.0.7922.34"
"5","guarded","9","0","1","0","2026-08-21T23:00:21.071Z","ANGLE (Google, Vulkan 1.3.0 (SwiftShader Device (Subzero) (0x0000C0DE)), SwiftShader driver)","Mozilla/5.0 (Windows NT 10.0; Win64; x64) AppleWebKit/537.36 (KHTML, like Gecko) HeadlessChrome/151.0.7922.34 Safari/537.36","Windows_NT 10.0.26200 x64","AMD Ryzen 7 5800H with Radeon Graphics         ","151.0.7922.34"
"5","guarded","10","0","1","0","2026-08-21T23:00:21.071Z","ANGLE (Google, Vulkan 1.3.0 (SwiftShader Device (Subzero) (0x0000C0DE)), SwiftShader driver)","Mozilla/5.0 (Windows NT 10.0; Win64; x64) AppleWebKit/537.36 (KHTML, like Gecko) HeadlessChrome/151.0.7922.34 Safari/537.36","Windows_NT 10.0.26200 x64","AMD Ryzen 7 5800H with Radeon Graphics         ","151.0.7922.34"
"5","guarded","11","0","1","0","2026-08-21T23:00:21.071Z","ANGLE (Google, Vulkan 1.3.0 (SwiftShader Device (Subzero) (0x0000C0DE)), SwiftShader driver)","Mozilla/5.0 (Windows NT 10.0; Win64; x64) AppleWebKit/537.36 (KHTML, like Gecko) HeadlessChrome/151.0.7922.34 Safari/537.36","Windows_NT 10.0.26200 x64","AMD Ryzen 7 5800H with Radeon Graphics         ","151.0.7922.34"
"5","guarded","12","0","1","0","2026-08-21T23:00:21.071Z","ANGLE (Google, Vulkan 1.3.0 (SwiftShader Device (Subzero) (0x0000C0DE)), SwiftShader driver)","Mozilla/5.0 (Windows NT 10.0; Win64; x64) AppleWebKit/537.36 (KHTML, like Gecko) HeadlessChrome/151.0.7922.34 Safari/537.36","Windows_NT 10.0.26200 x64","AMD Ryzen 7 5800H with Radeon Graphics         ","151.0.7922.34"
"5","guarded","13","0","1","0","2026-08-21T23:00:21.071Z","ANGLE (Google, Vulkan 1.3.0 (SwiftShader Device (Subzero) (0x0000C0DE)), SwiftShader driver)","Mozilla/5.0 (Windows NT 10.0; Win64; x64) AppleWebKit/537.36 (KHTML, like Gecko) HeadlessChrome/151.0.7922.34 Safari/537.36","Windows_NT 10.0.26200 x64","AMD Ryzen 7 5800H with Radeon Graphics         ","151.0.7922.34"
"5","guarded","14","0","1","0","2026-08-21T23:00:21.071Z","ANGLE (Google, Vulkan 1.3.0 (SwiftShader Device (Subzero) (0x0000C0DE)), SwiftShader driver)","Mozilla/5.0 (Windows NT 10.0; Win64; x64) AppleWebKit/537.36 (KHTML, like Gecko) HeadlessChrome/151.0.7922.34 Safari/537.36","Windows_NT 10.0.26200 x64","AMD Ryzen 7 5800H with Radeon Graphics         ","151.0.7922.34"
"5","guarded","15","0","1","0","2026-08-21T23:00:21.071Z","ANGLE (Google, Vulkan 1.3.0 (SwiftShader Device (Subzero) (0x0000C0DE)), SwiftShader driver)","Mozilla/5.0 (Windows NT 10.0; Win64; x64) AppleWebKit/537.36 (KHTML, like Gecko) HeadlessChrome/151.0.7922.34 Safari/537.36","Windows_NT 10.0.26200 x64","AMD Ryzen 7 5800H with Radeon Graphics         ","151.0.7922.34"
"5","guarded","16","0","1","0","2026-08-21T23:00:21.071Z","ANGLE (Google, Vulkan 1.3.0 (SwiftShader Device (Subzero) (0x0000C0DE)), SwiftShader driver)","Mozilla/5.0 (Windows NT 10.0; Win64; x64) AppleWebKit/537.36 (KHTML, like Gecko) HeadlessChrome/151.0.7922.34 Safari/537.36","Windows_NT 10.0.26200 x64","AMD Ryzen 7 5800H with Radeon Graphics         ","151.0.7922.34"
"5","guarded","17","0","1","0","2026-08-21T23:00:21.071Z","ANGLE (Google, Vulkan 1.3.0 (SwiftShader Device (Subzero) (0x0000C0DE)), SwiftShader driver)","Mozilla/5.0 (Windows NT 10.0; Win64; x64) AppleWebKit/537.36 (KHTML, like Gecko) HeadlessChrome/151.0.7922.34 Safari/537.36","Windows_NT 10.0.26200 x64","AMD Ryzen 7 5800H with Radeon Graphics         ","151.0.7922.34"
"5","guarded","18","0","1","0","2026-08-21T23:00:21.071Z","ANGLE (Google, Vulkan 1.3.0 (SwiftShader Device (Subzero) (0x0000C0DE)), SwiftShader driver)","Mozilla/5.0 (Windows NT 10.0; Win64; x64) AppleWebKit/537.36 (KHTML, like Gecko) HeadlessChrome/151.0.7922.34 Safari/537.36","Windows_NT 10.0.26200 x64","AMD Ryzen 7 5800H with Radeon Graphics         ","151.0.7922.34"
"5","guarded","19","0","1","0","2026-08-21T23:00:21.071Z","ANGLE (Google, Vulkan 1.3.0 (SwiftShader Device (Subzero) (0x0000C0DE)), SwiftShader driver)","Mozilla/5.0 (Windows NT 10.0; Win64; x64) AppleWebKit/537.36 (KHTML, like Gecko) HeadlessChrome/151.0.7922.34 Safari/537.36","Windows_NT 10.0.26200 x64","AMD Ryzen 7 5800H with Radeon Graphics         ","151.0.7922.34"
"5","guarded","20","0","1","0","2026-08-21T23:00:21.071Z","ANGLE (Google, Vulkan 1.3.0 (SwiftShader Device (Subzero) (0x0000C0DE)), SwiftShader driver)","Mozilla/5.0 (Windows NT 10.0; Win64; x64) AppleWebKit/537.36 (KHTML, like Gecko) HeadlessChrome/151.0.7922.34 Safari/537.36","Windows_NT 10.0.26200 x64","AMD Ryzen 7 5800H with Radeon Graphics         ","151.0.7922.34"
"5","guarded","21","0","1","0","2026-08-21T23:00:21.071Z","ANGLE (Google, Vulkan 1.3.0 (SwiftShader Device (Subzero) (0x0000C0DE)), SwiftShader driver)","Mozilla/5.0 (Windows NT 10.0; Win64; x64) AppleWebKit/537.36 (KHTML, like Gecko) HeadlessChrome/151.0.7922.34 Safari/537.36","Windows_NT 10.0.26200 x64","AMD Ryzen 7 5800H with Radeon Graphics         ","151.0.7922.34"
"5","guarded","22","0","1","0","2026-08-21T23:00:21.071Z","ANGLE (Google, Vulkan 1.3.0 (SwiftShader Device (Subzero) (0x0000C0DE)), SwiftShader driver)","Mozilla/5.0 (Windows NT 10.0; Win64; x64) AppleWebKit/537.36 (KHTML, like Gecko) HeadlessChrome/151.0.7922.34 Safari/537.36","Windows_NT 10.0.26200 x64","AMD Ryzen 7 5800H with Radeon Graphics         ","151.0.7922.34"
"5","guarded","23","0","1","0","2026-08-21T23:00:21.071Z","ANGLE (Google, Vulkan 1.3.0 (SwiftShader Device (Subzero) (0x0000C0DE)), SwiftShader driver)","Mozilla/5.0 (Windows NT 10.0; Win64; x64) AppleWebKit/537.36 (KHTML, like Gecko) HeadlessChrome/151.0.7922.34 Safari/537.36","Windows_NT 10.0.26200 x64","AMD Ryzen 7 5800H with Radeon Graphics         ","151.0.7922.34"
"5","guarded","24","0","1","0","2026-08-21T23:00:21.071Z","ANGLE (Google, Vulkan 1.3.0 (SwiftShader Device (Subzero) (0x0000C0DE)), SwiftShader driver)","Mozilla/5.0 (Windows NT 10.0; Win64; x64) AppleWebKit/537.36 (KHTML, like Gecko) HeadlessChrome/151.0.7922.34 Safari/537.36","Windows_NT 10.0.26200 x64","AMD Ryzen 7 5800H with Radeon Graphics         ","151.0.7922.34"
"5","guarded","25","0","1","0","2026-08-21T23:00:21.071Z","ANGLE (Google, Vulkan 1.3.0 (SwiftShader Device (Subzero) (0x0000C0DE)), SwiftShader driver)","Mozilla/5.0 (Windows NT 10.0; Win64; x64) AppleWebKit/537.36 (KHTML, like Gecko) HeadlessChrome/151.0.7922.34 Safari/537.36","Windows_NT 10.0.26200 x64","AMD Ryzen 7 5800H with Radeon Graphics         ","151.0.7922.34"
"5","guarded","26","0","1","0","2026-08-21T23:00:21.071Z","ANGLE (Google, Vulkan 1.3.0 (SwiftShader Device (Subzero) (0x0000C0DE)), SwiftShader driver)","Mozilla/5.0 (Windows NT 10.0; Win64; x64) AppleWebKit/537.36 (KHTML, like Gecko) HeadlessChrome/151.0.7922.34 Safari/537.36","Windows_NT 10.0.26200 x64","AMD Ryzen 7 5800H with Radeon Graphics         ","151.0.7922.34"
"5","guarded","27","0","1","0","2026-08-21T23:00:21.071Z","ANGLE (Google, Vulkan 1.3.0 (SwiftShader Device (Subzero) (0x0000C0DE)), SwiftShader driver)","Mozilla/5.0 (Windows NT 10.0; Win64; x64) AppleWebKit/537.36 (KHTML, like Gecko) HeadlessChrome/151.0.7922.34 Safari/537.36","Windows_NT 10.0.26200 x64","AMD Ryzen 7 5800H with Radeon Graphics         ","151.0.7922.34"
"5","guarded","28","0","1","0","2026-08-21T23:00:21.071Z","ANGLE (Google, Vulkan 1.3.0 (SwiftShader Device (Subzero) (0x0000C0DE)), SwiftShader driver)","Mozilla/5.0 (Windows NT 10.0; Win64; x64) AppleWebKit/537.36 (KHTML, like Gecko) HeadlessChrome/151.0.7922.34 Safari/537.36","Windows_NT 10.0.26200 x64","AMD Ryzen 7 5800H with Radeon Graphics         ","151.0.7922.34"
"5","guarded","29","0","1","0","2026-08-21T23:00:21.071Z","ANGLE (Google, Vulkan 1.3.0 (SwiftShader Device (Subzero) (0x0000C0DE)), SwiftShader driver)","Mozilla/5.0 (Windows NT 10.0; Win64; x64) AppleWebKit/537.36 (KHTML, like Gecko) HeadlessChrome/151.0.7922.34 Safari/537.36","Windows_NT 10.0.26200 x64","AMD Ryzen 7 5800H with Radeon Graphics         ","151.0.7922.34"
"5","guarded","30","0","1","0","2026-08-21T23:00:21.071Z","ANGLE (Google, Vulkan 1.3.0 (SwiftShader Device (Subzero) (0x0000C0DE)), SwiftShader driver)","Mozilla/5.0 (Windows NT 10.0; Win64; x64) AppleWebKit/537.36 (KHTML, like Gecko) HeadlessChrome/151.0.7922.34 Safari/537.36","Windows_NT 10.0.26200 x64","AMD Ryzen 7 5800H with Radeon Graphics         ","151.0.7922.34"
"5","guarded","31","0","1","0","2026-08-21T23:00:21.071Z","ANGLE (Google, Vulkan 1.3.0 (SwiftShader Device (Subzero) (0x0000C0DE)), SwiftShader driver)","Mozilla/5.0 (Windows NT 10.0; Win64; x64) AppleWebKit/537.36 (KHTML, like Gecko) HeadlessChrome/151.0.7922.34 Safari/537.36","Windows_NT 10.0.26200 x64","AMD Ryzen 7 5800H with Radeon Graphics         ","151.0.7922.34"
"5","guarded","32","0","1","0","2026-08-21T23:00:21.071Z","ANGLE (Google, Vulkan 1.3.0 (SwiftShader Device (Subzero) (0x0000C0DE)), SwiftShader driver)","Mozilla/5.0 (Windows NT 10.0; Win64; x64) AppleWebKit/537.36 (KHTML, like Gecko) HeadlessChrome/151.0.7922.34 Safari/537.36","Windows_NT 10.0.26200 x64","AMD Ryzen 7 5800H with Radeon Graphics         ","151.0.7922.34"
"5","guarded","33","0","1","0","2026-08-21T23:00:21.071Z","ANGLE (Google, Vulkan 1.3.0 (SwiftShader Device (Subzero) (0x0000C0DE)), SwiftShader driver)","Mozilla/5.0 (Windows NT 10.0; Win64; x64) AppleWebKit/537.36 (KHTML, like Gecko) HeadlessChrome/151.0.7922.34 Safari/537.36","Windows_NT 10.0.26200 x64","AMD Ryzen 7 5800H with Radeon Graphics         ","151.0.7922.34"
"5","guarded","34","0","1","0","2026-08-21T23:00:21.071Z","ANGLE (Google, Vulkan 1.3.0 (SwiftShader Device (Subzero) (0x0000C0DE)), SwiftShader driver)","Mozilla/5.0 (Windows NT 10.0; Win64; x64) AppleWebKit/537.36 (KHTML, like Gecko) HeadlessChrome/151.0.7922.34 Safari/537.36","Windows_NT 10.0.26200 x64","AMD Ryzen 7 5800H with Radeon Graphics         ","151.0.7922.34"
"5","guarded","35","0","1","0","2026-08-21T23:00:21.071Z","ANGLE (Google, Vulkan 1.3.0 (SwiftShader Device (Subzero) (0x0000C0DE)), SwiftShader driver)","Mozilla/5.0 (Windows NT 10.0; Win64; x64) AppleWebKit/537.36 (KHTML, like Gecko) HeadlessChrome/151.0.7922.34 Safari/537.36","Windows_NT 10.0.26200 x64","AMD Ryzen 7 5800H with Radeon Graphics         ","151.0.7922.34"
"5","guarded","36","0","1","0","2026-08-21T23:00:21.071Z","ANGLE (Google, Vulkan 1.3.0 (SwiftShader Device (Subzero) (0x0000C0DE)), SwiftShader driver)","Mozilla/5.0 (Windows NT 10.0; Win64; x64) AppleWebKit/537.36 (KHTML, like Gecko) HeadlessChrome/151.0.7922.34 Safari/537.36","Windows_NT 10.0.26200 x64","AMD Ryzen 7 5800H with Radeon Graphics         ","151.0.7922.34"
"5","guarded","37","0","1","0","2026-08-21T23:00:21.071Z","ANGLE (Google, Vulkan 1.3.0 (SwiftShader Device (Subzero) (0x0000C0DE)), SwiftShader driver)","Mozilla/5.0 (Windows NT 10.0; Win64; x64) AppleWebKit/537.36 (KHTML, like Gecko) HeadlessChrome/151.0.7922.34 Safari/537.36","Windows_NT 10.0.26200 x64","AMD Ryzen 7 5800H with Radeon Graphics         ","151.0.7922.34"
"5","guarded","38","0","1","0","2026-08-21T23:00:21.071Z","ANGLE (Google, Vulkan 1.3.0 (SwiftShader Device (Subzero) (0x0000C0DE)), SwiftShader driver)","Mozilla/5.0 (Windows NT 10.0; Win64; x64) AppleWebKit/537.36 (KHTML, like Gecko) HeadlessChrome/151.0.7922.34 Safari/537.36","Windows_NT 10.0.26200 x64","AMD Ryzen 7 5800H with Radeon Graphics         ","151.0.7922.34"
"5","guarded","39","0","1","0","2026-08-21T23:00:21.071Z","ANGLE (Google, Vulkan 1.3.0 (SwiftShader Device (Subzero) (0x0000C0DE)), SwiftShader driver)","Mozilla/5.0 (Windows NT 10.0; Win64; x64) AppleWebKit/537.36 (KHTML, like Gecko) HeadlessChrome/151.0.7922.34 Safari/537.36","Windows_NT 10.0.26200 x64","AMD Ryzen 7 5800H with Radeon Graphics         ","151.0.7922.34"
"5","guarded","40","0","1","0","2026-08-21T23:00:21.071Z","ANGLE (Google, Vulkan 1.3.0 (SwiftShader Device (Subzero) (0x0000C0DE)), SwiftShader driver)","Mozilla/5.0 (Windows NT 10.0; Win64; x64) AppleWebKit/537.36 (KHTML, like Gecko) HeadlessChrome/151.0.7922.34 Safari/537.36","Windows_NT 10.0.26200 x64","AMD Ryzen 7 5800H with Radeon Graphics         ","151.0.7922.34"
"5","guarded","41","0","1","0","2026-08-21T23:00:21.071Z","ANGLE (Google, Vulkan 1.3.0 (SwiftShader Device (Subzero) (0x0000C0DE)), SwiftShader driver)","Mozilla/5.0 (Windows NT 10.0; Win64; x64) AppleWebKit/537.36 (KHTML, like Gecko) HeadlessChrome/151.0.7922.34 Safari/537.36","Windows_NT 10.0.26200 x64","AMD Ryzen 7 5800H with Radeon Graphics         ","151.0.7922.34"
"5","guarded","42","0","1","0","2026-08-21T23:00:21.071Z","ANGLE (Google, Vulkan 1.3.0 (SwiftShader Device (Subzero) (0x0000C0DE)), SwiftShader driver)","Mozilla/5.0 (Windows NT 10.0; Win64; x64) AppleWebKit/537.36 (KHTML, like Gecko) HeadlessChrome/151.0.7922.34 Safari/537.36","Windows_NT 10.0.26200 x64","AMD Ryzen 7 5800H with Radeon Graphics         ","151.0.7922.34"
"5","guarded","43","0","1","0","2026-08-21T23:00:21.071Z","ANGLE (Google, Vulkan 1.3.0 (SwiftShader Device (Subzero) (0x0000C0DE)), SwiftShader driver)","Mozilla/5.0 (Windows NT 10.0; Win64; x64) AppleWebKit/537.36 (KHTML, like Gecko) HeadlessChrome/151.0.7922.34 Safari/537.36","Windows_NT 10.0.26200 x64","AMD Ryzen 7 5800H with Radeon Graphics         ","151.0.7922.34"
"5","guarded","44","0","1","0","2026-08-21T23:00:21.071Z","ANGLE (Google, Vulkan 1.3.0 (SwiftShader Device (Subzero) (0x0000C0DE)), SwiftShader driver)","Mozilla/5.0 (Windows NT 10.0; Win64; x64) AppleWebKit/537.36 (KHTML, like Gecko) HeadlessChrome/151.0.7922.34 Safari/537.36","Windows_NT 10.0.26200 x64","AMD Ryzen 7 5800H with Radeon Graphics         ","151.0.7922.34"
"5","guarded","45","0","1","0","2026-08-21T23:00:21.071Z","ANGLE (Google, Vulkan 1.3.0 (SwiftShader Device (Subzero) (0x0000C0DE)), SwiftShader driver)","Mozilla/5.0 (Windows NT 10.0; Win64; x64) AppleWebKit/537.36 (KHTML, like Gecko) HeadlessChrome/151.0.7922.34 Safari/537.36","Windows_NT 10.0.26200 x64","AMD Ryzen 7 5800H with Radeon Graphics         ","151.0.7922.34"
"5","guarded","46","0","1","0","2026-08-21T23:00:21.071Z","ANGLE (Google, Vulkan 1.3.0 (SwiftShader Device (Subzero) (0x0000C0DE)), SwiftShader driver)","Mozilla/5.0 (Windows NT 10.0; Win64; x64) AppleWebKit/537.36 (KHTML, like Gecko) HeadlessChrome/151.0.7922.34 Safari/537.36","Windows_NT 10.0.26200 x64","AMD Ryzen 7 5800H with Radeon Graphics         ","151.0.7922.34"
"5","guarded","47","0","1","0","2026-08-21T23:00:21.071Z","ANGLE (Google, Vulkan 1.3.0 (SwiftShader Device (Subzero) (0x0000C0DE)), SwiftShader driver)","Mozilla/5.0 (Windows NT 10.0; Win64; x64) AppleWebKit/537.36 (KHTML, like Gecko) HeadlessChrome/151.0.7922.34 Safari/537.36","Windows_NT 10.0.26200 x64","AMD Ryzen 7 5800H with Radeon Graphics         ","151.0.7922.34"
"5","guarded","48","0","1","0","2026-08-21T23:00:21.071Z","ANGLE (Google, Vulkan 1.3.0 (SwiftShader Device (Subzero) (0x0000C0DE)), SwiftShader driver)","Mozilla/5.0 (Windows NT 10.0; Win64; x64) AppleWebKit/537.36 (KHTML, like Gecko) HeadlessChrome/151.0.7922.34 Safari/537.36","Windows_NT 10.0.26200 x64","AMD Ryzen 7 5800H with Radeon Graphics         ","151.0.7922.34"
"5","guarded","49","0","1","0","2026-08-21T23:00:21.071Z","ANGLE (Google, Vulkan 1.3.0 (SwiftShader Device (Subzero) (0x0000C0DE)), SwiftShader driver)","Mozilla/5.0 (Windows NT 10.0; Win64; x64) AppleWebKit/537.36 (KHTML, like Gecko) HeadlessChrome/151.0.7922.34 Safari/537.36","Windows_NT 10.0.26200 x64","AMD Ryzen 7 5800H with Radeon Graphics         ","151.0.7922.34"
"5","guarded","50","0","1","0","2026-08-21T23:00:21.071Z","ANGLE (Google, Vulkan 1.3.0 (SwiftShader Device (Subzero) (0x0000C0DE)), SwiftShader driver)","Mozilla/5.0 (Windows NT 10.0; Win64; x64) AppleWebKit/537.36 (KHTML, like Gecko) HeadlessChrome/151.0.7922.34 Safari/537.36","Windows_NT 10.0.26200 x64","AMD Ryzen 7 5800H with Radeon Graphics         ","151.0.7922.34"
